epoch,train_loss,train_acc,val_loss,val_acc,large_weight_count,acc_gap_too_big,loss_oscillation,dying_relu,gradient_vanish,gradient_explode,decrease_acc_count,increase_loss_count,cons_mean_weight_count,cons_std_weight_count,nan_weight_count,nan_gradients_count,saturated_activation,mean_gradient,gradient_std,gradient_max,gradient_min,gradient_median,adjusted_lr,mean_activation,std_activation,mean_grad,std_grad,cpu_utilization,gpu_memory_utilization,memory_usage
0,0.910093367099762,0.0,0.7965618968009949,0.0,0,0,0,0,0,0,1,1,1,1,0,0,False,0.31490827,0.24749258,0.65268105,0.023761723,0.30613357,0.0009000000427477062,0.10440089,0.17193796,0.26836708,0.11572037,21.3,0.720703125,12.2
1,0.6306465864181519,0.0,0.6399348974227905,0.0,0,0,1,0,0,0,1,1,1,1,0,0,False,0.45496297,0.29768887,0.9235105,0.15284526,0.39811406,0.0008100000384729356,0.16200583,0.17840245,0.20825444,0.0948326,27.7,0.72119140625,12.2
2,0.6017830967903137,0.0,0.5020155310630798,0.0,0,0,1,0,0,0,1,1,1,1,0,0,False,0.35324278,0.1000443,0.552432,0.24362636,0.32739544,0.0007290000503417104,0.1762406,0.17907491,-0.05939749,0.07342092,27.8,0.7294921875,12.2
3,0.5461052656173706,0.0,0.39375627040863037,0.0,0,0,1,0,0,0,1,1,1,1,0,0,False,0.3494525,0.25773787,0.6949969,0.003350811,0.40627742,0.0006561000715009868,0.21607271,0.18405321,0.06284205,0.040238287,27.8,0.7294921875,12.2
4,0.30753740668296814,0.0,0.30901166796684265,0.0,0,0,1,0,0,0,1,1,1,1,0,0,False,0.2298619,0.044883534,0.28657788,0.15655755,0.23184642,0.0005904900433961303,0.24088857,0.18801408,0.1199798,0.07491401,27.8,0.7294921875,12.2
5,0.29689210653305054,0.0,0.25389620661735535,0.0,0,0,1,0,0,0,1,1,1,1,0,0,False,0.2881854,0.07093834,0.394993,0.19365288,0.28790554,0.0005314410547725857,0.2731433,0.19118315,0.065293275,0.044107407,27.8,0.740478515625,12.2
6,0.28607919812202454,0.0,0.2215922325849533,0.0,0,0,1,0,0,0,1,1,1,1,0,0,False,0.33207974,0.16769142,0.64874446,0.14939383,0.2985356,0.00047829695977270604,0.2743552,0.19092348,0.0017180977,0.06755332,29.1,0.740478515625,12.2
7,0.22855831682682037,0.0,0.20167917013168335,0.0,0,0,1,0,0,0,1,1,1,1,0,0,False,0.31815317,0.16282147,0.6551367,0.14242809,0.28579867,0.0004304672533180565,0.29596752,0.19405712,-0.078038454,0.06034715,27.8,0.740478515625,12.2
8,0.15748411417007446,0.0,0.1892184466123581,0.0,0,0,1,0,0,0,1,1,1,1,0,0,False,0.11197647,0.078806676,0.27516457,0.045762245,0.07537483,0.00038742052274756136,0.31874633,0.19671425,0.03097711,0.045214426,27.8,0.740478515625,12.2
9,0.14977723360061646,0.0,0.1781012862920761,0.0,0,0,0,0,0,0,1,1,1,1,0,0,False,0.10343569,0.07866925,0.26950142,0.041088864,0.07322581,0.0003486784757114947,0.3174576,0.19804555,0.07589753,0.051708784,27.9,0.740478515625,12.2
10,0.1473686546087265,0.0,0.1697143018245697,0.0,0,0,0,0,0,0,1,1,1,1,0,0,False,0.15747404,0.13442789,0.39426026,0.03359507,0.08046168,0.00031381062290165574,0.32169476,0.19716243,0.04568548,0.05167849,29.0,0.740478515625,12.2
11,0.17575734853744507,0.0,0.16430160403251648,0.0,0,0,1,0,0,0,1,1,1,1,0,0,False,0.11958449,0.07513051,0.27705562,0.04698573,0.10491106,0.0002824295632308349,0.32657677,0.19585058,-0.02873002,0.09018462,27.9,0.740478515625,12.2
12,0.1612366884946823,0.0,0.15767915546894073,0.0,0,0,1,0,0,0,1,1,1,1,0,0,False,0.14916506,0.043472204,0.21486945,0.08662688,0.14155008,0.00025418660952709616,0.32611328,0.19630739,0.12740879,0.09647473,27.8,0.740478515625,12.2
13,0.15197773277759552,0.0,0.15222103893756866,0.0,0,0,0,0,0,0,1,1,1,1,0,0,False,0.18905759,0.08664252,0.34215367,0.08663154,0.16406706,0.00022876793809700757,0.33947963,0.19717224,-0.09537625,0.12808399,27.8,0.740478515625,12.2
14,0.10399563610553741,0.0,0.14799056947231293,0.0,0,0,1,0,0,0,1,1,1,1,0,0,False,0.1192468,0.10909994,0.26988387,0.0005458069,0.0831682,0.00020589114428730683,0.33687496,0.19538844,0.036772117,0.03466833,28.9,0.740478515625,12.2
15,0.1553615927696228,0.0,0.14401741325855255,0.0,0,0,1,0,0,0,1,1,1,1,0,0,False,0.16055283,0.10784165,0.33976537,0.04774765,0.10149318,0.00018530203378759326,0.3395211,0.19406523,0.083351254,0.106342256,27.9,0.740478515625,12.2
16,0.14228323101997375,0.0,0.1403345912694931,0.0,0,0,1,0,0,0,1,1,1,1,0,0,False,0.08466611,0.06568855,0.21377897,0.01057001,0.0734961,0.00016677183302817866,0.34481615,0.19540021,0.0017244867,0.056160673,27.8,0.740478515625,12.2
17,0.12244340032339096,0.0,0.13701538741588593,0.0,0,0,1,0,0,0,1,1,1,1,0,0,False,0.07656846,0.060099125,0.20451549,0.022953268,0.058662936,0.00015009464841568844,0.34423763,0.19668539,-0.17398457,0.15831356,27.9,0.740478515625,12.2
18,0.11889826506376266,0.0,0.13439588248729706,0.0,0,0,0,0,0,0,1,1,1,1,0,0,False,0.106927104,0.106145106,0.3042571,0.015337453,0.04929755,0.0001350851875031367,0.34374127,0.19497165,0.16672517,0.13521339,27.8,0.744873046875,12.2
19,0.11091610789299011,0.0,0.13176153600215912,0.0,0,0,0,0,0,0,1,1,1,1,0,0,False,0.16812104,0.14661372,0.40431693,0.03295307,0.08457299,0.00012157666351413355,0.3476779,0.19330266,0.16122189,0.1323146,27.9,0.744873046875,12.2
20,0.13563330471515656,0.0,0.12964874505996704,0.0,0,0,1,0,0,0,1,1,1,1,0,0,False,0.26235265,0.13920361,0.54596245,0.13260955,0.21971217,0.00010941899454337544,0.34435242,0.1954842,-0.08049505,0.040456593,27.8,0.744873046875,12.2
21,0.13702510297298431,0.0,0.12739434838294983,0.0,0,0,0,0,0,0,1,1,1,1,0,0,False,0.1508586,0.10561578,0.32031667,0.044971276,0.103192896,9.847709443420172e-05,0.35145324,0.19451287,0.034392316,0.05747606,27.8,0.744873046875,12.2
22,0.09979284554719925,0.0,0.1255127489566803,0.0,0,0,1,0,0,0,1,1,1,1,0,0,False,0.15205783,0.1187933,0.32478335,0.044949025,0.08159184,8.862938630045391e-05,0.35186213,0.19630048,0.026657283,0.053037714,27.8,0.7451171875,12.2
23,0.12764786183834076,0.0,0.1238238513469696,0.0,0,0,1,0,0,0,1,1,1,1,0,0,False,0.12682591,0.11325843,0.31170416,0.016989961,0.06676592,7.976644701557234e-05,0.35490996,0.19579737,0.027669104,0.025346356,27.8,0.7451171875,12.2
24,0.10675317794084549,0.0,0.12241194397211075,0.0,0,0,1,0,0,0,1,1,1,1,0,0,False,0.18610705,0.13560867,0.41260055,0.052028384,0.122477114,7.178980231401511e-05,0.3514257,0.1948382,0.014024422,0.026665749,27.6,0.7451171875,12.2
25,0.1287328600883484,0.0,0.1212666779756546,0.0,0,0,1,0,0,0,1,1,1,1,0,0,False,0.34111914,0.23213847,0.78411746,0.12875238,0.23250389,6.461082011810504e-05,0.35295087,0.19357799,-0.14140429,0.15571941,27.9,0.7451171875,12.2
26,0.10408322513103485,0.0,0.1201312243938446,0.0,0,0,1,0,0,0,1,1,1,1,0,0,False,0.11843098,0.106889896,0.28801164,0.025989927,0.05806956,5.8149741380475466e-05,0.35412705,0.19309695,0.118462555,0.12791146,27.7,0.7451171875,12.2
27,0.10688135772943497,0.0,0.11879026144742966,0.0,0,0,0,0,0,0,1,1,1,1,0,0,False,0.13635953,0.113110915,0.31983954,0.032847416,0.07811914,5.233476658759173e-05,0.3558229,0.19460598,-0.19131608,0.1592097,27.8,0.7451171875,12.2
28,0.08955544233322144,0.0,0.11784344911575317,0.0,0,0,1,0,0,0,1,1,1,1,0,0,False,0.21430701,0.16669516,0.45528316,0.05409752,0.118860975,4.7101289601414466e-05,0.35383677,0.19317326,-0.1572874,0.15203167,27.8,0.7451171875,12.2
29,0.13226492702960968,0.0,0.11697468161582947,0.0,0,0,1,0,0,0,1,1,1,1,0,0,False,0.22846855,0.15049109,0.5353523,0.081946716,0.17210859,4.239116096869111e-05,0.35456097,0.19527619,0.1431034,0.11361462,27.8,0.7451171875,12.2
30,0.10092724859714508,0.0,0.11620143800973892,0.0,0,0,1,0,0,0,1,1,1,1,0,0,False,0.12767245,0.11134388,0.31048426,0.035863094,0.06340508,3.815204618149437e-05,0.35569635,0.1945835,-0.043058816,0.050780147,27.9,0.7451171875,12.2
31,0.08744627982378006,0.0,0.11549224704504013,0.0,0,0,1,0,0,0,1,1,1,1,0,0,False,0.16155328,0.14150526,0.36284992,0.019784816,0.09478994,3.4336842873017304e-05,0.3552478,0.1962252,-0.026570506,0.014037624,27.9,0.7451171875,12.2
32,0.10096397995948792,0.0,0.11483320593833923,0.0,0,0,1,0,0,0,1,1,1,1,0,0,False,0.22777702,0.18786566,0.50420076,0.045553543,0.1267302,3.0903160222806036e-05,0.35722166,0.19423965,0.0078339055,0.026523804,27.9,0.7451171875,12.2
33,0.12074755877256393,0.0,0.11434408277273178,0.0,0,0,1,0,0,0,1,1,1,1,0,0,False,0.2869016,0.16321829,0.62119764,0.14255793,0.23245484,2.7812844200525434e-05,0.35694557,0.19629906,-0.06742034,0.0336241,27.8,0.7451171875,12.2
34,0.1159917414188385,0.0,0.11377760022878647,0.0,0,0,0,0,0,0,1,1,1,1,0,0,False,0.08503758,0.095307045,0.27198452,0.001522679,0.037162278,2.5031560107890984e-05,0.36008316,0.19280231,0.018135594,0.038791228,27.9,0.7451171875,12.2
35,0.0902538076043129,0.0,0.11332128196954727,0.0,0,0,1,0,0,0,1,1,1,1,0,0,False,0.23149621,0.21026374,0.5695892,0.028179456,0.13037387,2.2528404588229024e-05,0.3588588,0.194135,0.05559173,0.09453693,27.7,0.7451171875,12.2
36,0.09940368682146072,0.0,0.11292875558137894,0.0,0,0,0,0,0,0,1,1,1,1,0,0,False,0.12532233,0.119884826,0.3241008,0.016555423,0.05654604,2.0275563474569936e-05,0.35770136,0.19411907,0.08202462,0.053734973,27.9,0.7451171875,12.2
37,0.089665986597538,0.0,0.11255346238613129,0.0,0,0,0,0,0,0,1,1,1,1,0,0,False,0.15708485,0.14741822,0.37665135,0.013740396,0.085731916,1.8248007290821987e-05,0.35895514,0.19369447,-0.037692927,0.041520644,27.8,0.7451171875,12.2
38,0.09427346289157867,0.0,0.11216683685779572,0.0,0,0,0,0,0,0,1,1,1,1,0,0,False,0.08266918,0.06143807,0.20442705,0.018960698,0.07325513,1.6423206398030745e-05,0.36066467,0.1940503,0.027730905,0.05048376,27.8,0.7451171875,12.2
39,0.1118490919470787,0.0,0.11187055706977844,0.0,0,0,1,0,0,0,1,1,1,1,0,0,False,0.08300993,0.0637861,0.20429277,0.012977072,0.06308748,1.4780885430809576e-05,0.35796747,0.19611518,0.090121746,0.07934853,24.6,0.7451171875,12.2
40,0.10233785957098007,0.0,0.1115783303976059,0.0,0,0,0,0,0,0,1,1,1,1,0,0,False,0.1316575,0.12955825,0.3250151,0.009959817,0.06288374,1.3302796560310526e-05,0.35994217,0.19361165,-0.008753337,0.019394385,17.3,0.7451171875,12.2
41,0.09088815003633499,0.0,0.11132142692804337,0.0,0,0,1,0,0,0,1,1,1,1,0,0,False,0.12353587,0.06644826,0.22777794,0.042225495,0.10215598,1.1972517313552089e-05,0.35920504,0.19498691,-0.012304053,0.016925026,17.2,0.7451171875,12.2
42,0.10703637450933456,0.0,0.11111875623464584,0.0,0,0,1,0,0,0,1,1,1,1,0,0,False,0.19707678,0.13533965,0.45141497,0.07301517,0.12832251,1.077526558219688e-05,0.36001423,0.19395646,-0.010032004,0.014066073,17.1,0.7451171875,12.2
43,0.08058656752109528,0.0,0.11094427108764648,0.0,0,0,1,0,0,0,1,1,1,1,0,0,False,0.23127417,0.17633374,0.49147585,0.06180952,0.13077912,9.697739187686238e-06,0.3600871,0.19351809,0.041467723,0.08505976,17.1,0.7451171875,12.2
44,0.11232120543718338,0.0,0.11071274429559708,0.0,0,0,1,0,0,0,1,1,1,1,0,0,False,0.11648006,0.1063655,0.31412974,0.02511315,0.053218625,8.727965268917615e-06,0.35946947,0.19577846,-0.19601889,0.18706852,17.1,0.7451171875,12.2
45,0.09931907802820206,0.0,0.11054106056690216,0.0,0,0,1,0,0,0,1,1,1,1,0,0,False,0.08769658,0.06757868,0.22228527,0.024532547,0.0611113,7.855168496462283e-06,0.36050352,0.19393587,0.0043737185,0.013489428,17.1,0.7451171875,12.2
46,0.12210071831941605,0.0,0.1104285717010498,0.0,0,0,1,0,0,0,1,1,1,1,0,0,False,0.18346263,0.15371217,0.48425,0.02944419,0.14910981,7.069651564961533e-06,0.36127153,0.19271961,0.058560878,0.06780578,18.2,0.7451171875,12.2
47,0.11653638631105423,0.0,0.11028201133012772,0.0,0,0,0,0,0,0,1,1,1,1,0,0,False,0.16453262,0.10279665,0.367479,0.06459326,0.117530525,6.362686326610856e-06,0.35751843,0.19290629,0.019849163,0.12288324,17.1,0.7451171875,12.2
48,0.08953965455293655,0.0,0.11013849079608917,0.0,0,0,1,0,0,0,1,1,1,1,0,0,False,0.10730062,0.07492746,0.22267294,0.03386238,0.06869785,5.726417612095247e-06,0.36006236,0.19507852,-0.006437931,0.020087464,17.1,0.7451171875,12.2
49,0.10509948432445526,0.0,0.11002561450004578,0.0,0,0,1,0,0,0,1,1,1,1,0,0,False,0.14471744,0.13155624,0.3448383,0.022824882,0.08160174,5.15377605552203e-06,0.3616523,0.19263248,0.05483905,0.09321586,17.1,0.7451171875,12.2
0,0.10274383425712585,0.0,0.10992996394634247,0.0,0,0,0,0,0,0,1,1,1,1,0,0,False,0.12587963,0.1037061,0.3096046,0.03727256,0.06969275,4.638398286260781e-06,0.3596501,0.19426404,-0.012383084,0.05563769,21.1,0.7451171875,12.2
1,0.09101421386003494,0.0,0.10983429104089737,0.0,0,0,1,0,0,0,1,1,1,1,0,0,False,0.09414587,0.046533886,0.15634401,0.024404053,0.09795503,4.174558580416488e-06,0.36107418,0.19435199,0.09947598,0.07109715,27.8,0.7451171875,12.2
2,0.10656427592039108,0.0,0.10976364463567734,0.0,0,0,1,0,0,0,1,1,1,1,0,0,False,0.13494742,0.108703,0.34263036,0.030213151,0.09556918,3.7571025586657926e-06,0.35921687,0.1944404,-0.023799025,0.036786336,27.8,0.7451171875,12.2
3,0.09833266586065292,0.0,0.10969662666320801,0.0,0,0,0,0,0,0,1,1,1,1,0,0,False,0.1651709,0.13699745,0.36941877,0.044617835,0.09283625,3.381392343726475e-06,0.36119497,0.193357,0.08682889,0.05663358,27.9,0.7451171875,12.2
4,0.1127719134092331,0.0,0.10962537676095963,0.0,0,0,1,0,0,0,1,1,1,1,0,0,False,0.09313536,0.06254789,0.20100294,0.03256322,0.06294671,3.043253150281089e-06,0.36097187,0.19367297,-0.06118792,0.088044055,27.5,0.7451171875,12.2
5,0.11198579519987106,0.0,0.109562948346138,0.0,0,0,0,0,0,0,1,1,1,1,0,0,False,0.1089707,0.07232527,0.24498107,0.0333222,0.08322573,2.7389278557166107e-06,0.35749322,0.19320425,0.034368653,0.10803131,27.9,0.7451171875,12.2
6,0.11212482303380966,0.0,0.10951560735702515,0.0,0,0,0,0,0,0,1,1,1,1,0,0,False,0.12573439,0.04877242,0.19953099,0.079687014,0.1062433,2.465035049681319e-06,0.36219212,0.19283654,0.06262481,0.052236665,27.8,0.7451171875,12.2
7,0.10766009986400604,0.0,0.10946492105722427,0.0,0,0,0,0,0,0,1,1,1,1,0,0,False,0.2436649,0.15086122,0.55557865,0.10743997,0.18144497,2.2185315856404485e-06,0.36129308,0.19434777,-0.13349639,0.14071979,27.8,0.7451171875,12.2
8,0.09646086394786835,0.0,0.10941942036151886,0.0,0,0,1,0,0,0,1,1,1,1,0,0,False,0.07295279,0.07454842,0.22241637,0.020429865,0.029490314,1.996678406612773e-06,0.36002305,0.1950596,0.15862088,0.13296352,27.8,0.7451171875,12.2
9,0.12640100717544556,0.0,0.10938234627246857,0.0,0,0,1,0,0,0,1,1,1,1,0,0,False,0.077384084,0.05750175,0.17411491,0.008919933,0.08021277,1.7970104636333418e-06,0.35823753,0.19620097,-0.12515025,0.14831834,27.7,0.7451171875,12.2
10,0.09688371419906616,0.0,0.10934621840715408,0.0,0,0,1,0,0,0,1,1,1,1,0,0,False,0.17501241,0.16070974,0.45705333,0.025358098,0.10580152,1.6173093968063768e-06,0.36111787,0.19459915,-0.0022402045,0.03214566,27.7,0.7451171875,12.2
11,0.09022477269172668,0.0,0.10931111127138138,0.0,0,0,0,0,0,0,1,1,1,1,0,0,False,0.25753126,0.18741074,0.52444965,0.09004439,0.1567058,1.4555784673575544e-06,0.36166152,0.19345973,-0.07759576,0.1147261,27.8,0.7451171875,12.2
12,0.11099182069301605,0.0,0.1092846468091011,0.0,0,0,1,0,0,0,1,1,1,1,0,0,False,0.16031395,0.106076084,0.37186027,0.056461982,0.11831217,1.3100206615490606e-06,0.36162832,0.19340402,0.021924093,0.04461095,27.8,0.7451171875,12.2
13,0.09233521670103073,0.0,0.10925798118114471,0.0,0,0,1,0,0,0,1,1,1,1,0,0,False,0.1166681,0.102249645,0.26171345,0.028707743,0.056403764,1.179018636321416e-06,0.36090654,0.19431105,0.0982967,0.09653447,27.8,0.7451171875,12.2
14,0.10416748374700546,0.0,0.1092311292886734,0.0,0,0,1,0,0,0,1,1,1,1,0,0,False,0.090315096,0.045508415,0.1726147,0.038535677,0.07542245,1.0611168136165362e-06,0.36013252,0.1951843,0.021184528,0.032858126,29.6,0.7451171875,12.2
15,0.11440024524927139,0.0,0.10920766741037369,0.0,0,0,1,0,0,0,1,1,1,1,0,0,False,0.19185404,0.0880096,0.37173316,0.10986371,0.1697832,9.550051117912518e-07,0.35936838,0.19659103,-0.0674557,0.034825996,27.8,0.7451171875,12.2
16,0.10396069288253784,0.0,0.10919037461280823,0.0,0,0,1,0,0,0,1,1,1,1,0,0,False,0.13902393,0.11365219,0.33977878,0.039736163,0.08121906,8.595046210757574e-07,0.36126104,0.19373317,-0.058503058,0.14491594,27.8,0.7451171875,12.2
17,0.10971441864967346,0.0,0.10917362570762634,0.0,0,0,0,0,0,0,1,1,1,1,0,0,False,0.13011934,0.0530105,0.22189388,0.06702366,0.12190354,7.735541487363662e-07,0.36098814,0.19447896,-0.25352156,0.23524582,27.9,0.7451171875,12.2
18,0.11550266295671463,0.0,0.10915827006101608,0.0,0,0,0,0,0,0,1,1,1,1,0,0,False,0.25446805,0.21192275,0.6576943,0.051321153,0.17394525,6.961987082831911e-07,0.36120385,0.19415389,-0.051448748,0.026753426,27.7,0.7451171875,12.2
19,0.10797280073165894,0.0,0.10914386808872223,0.0,0,0,0,0,0,0,1,1,1,1,0,0,False,0.11440163,0.073287226,0.22366966,0.04893674,0.07538119,6.265788272230566e-07,0.36078137,0.19465017,-0.06404183,0.033382434,27.8,0.7451171875,12.2
20,0.10435333102941513,0.0,0.10913034528493881,0.0,0,0,0,0,0,0,1,1,1,1,0,0,False,0.1447707,0.078002155,0.2898286,0.06693897,0.11374153,5.639209291530278e-07,0.36029628,0.19545008,0.022676477,0.034670744,27.9,0.7451171875,12.2
21,0.1052289754152298,0.0,0.10911914706230164,0.0,0,0,0,0,0,0,1,1,1,1,0,0,False,0.21593022,0.16739643,0.53314453,0.067242295,0.13345522,5.075288413536328e-07,0.36038232,0.19479366,-0.19198565,0.16459839,29.7,0.7451171875,12.2
22,0.07878967374563217,0.0,0.10910707712173462,0.0,0,0,1,0,0,0,1,1,1,1,0,0,False,0.25141513,0.18008366,0.5047847,0.09294149,0.1560143,4.5677596745008485e-07,0.36167344,0.19325915,0.0919671,0.12521124,31.8,0.7451171875,12.2
23,0.09868639707565308,0.0,0.10909958183765411,0.0,0,0,1,0,0,0,1,1,1,1,0,0,False,0.09018877,0.081047654,0.24958979,0.024302606,0.046039715,4.110983809368918e-07,0.35742122,0.19409141,0.08946744,0.11392325,32.8,0.7451171875,12.2
24,0.1158500611782074,0.0,0.10909108817577362,0.0,0,0,1,0,0,0,1,1,1,1,0,0,False,0.08932821,0.043171775,0.14905988,0.04024602,0.07182877,3.6998853261138723e-07,0.3607422,0.19492885,0.03001789,0.110058896,29.8,0.7451171875,12.2
25,0.11380467563867569,0.0,0.1090831458568573,0.0,0,0,0,0,0,0,1,1,1,1,0,0,False,0.14007181,0.07379196,0.3000667,0.072969094,0.111799255,3.3298967423434077e-07,0.3618099,0.19299261,0.006565469,0.025985496,27.8,0.7451171875,12.2
26,0.1114201471209526,0.0,0.10907628387212753,0.0,0,0,0,0,0,0,1,1,1,1,0,0,False,0.13827242,0.12887228,0.36301818,0.0073227165,0.099769875,2.9969071704272213e-07,0.36244553,0.1925694,0.005161435,0.027173148,27.8,0.7451171875,12.2
27,0.08976253867149353,0.0,0.10907118022441864,0.0,0,0,1,0,0,0,1,1,1,1,0,0,False,0.06506439,0.073545344,0.20799619,0.008670375,0.025061216,2.6972165301231144e-07,0.36187226,0.19323239,0.045094937,0.030447459,28.9,0.7451171875,12.2
28,0.09843692183494568,0.0,0.10906536877155304,0.0,0,0,0,0,0,0,1,1,1,1,0,0,False,0.12648827,0.11416,0.34117982,0.013291406,0.09579325,2.427494877110803e-07,0.3623292,0.1923631,-0.062129647,0.1154364,27.9,0.7451171875,12.2
29,0.10347161442041397,0.0,0.109060138463974,0.0,0,0,0,0,0,0,1,1,1,1,0,0,False,0.10211581,0.093771055,0.29045442,0.027579779,0.051176447,2.1847453126611072e-07,0.36084098,0.19562577,0.054094683,0.04621798,27.8,0.7451171875,12.2
30,0.11474725604057312,0.0,0.10905572772026062,0.0,0,0,1,0,0,0,1,1,1,1,0,0,False,0.09718285,0.07555729,0.21487944,0.0030542505,0.09464178,1.9662707302359196e-07,0.36111477,0.19491199,0.004563559,0.08265398,27.8,0.7451171875,12.2
31,0.0964173674583435,0.0,0.10905128717422485,0.0,0,0,1,0,0,0,1,1,1,1,0,0,False,0.12179088,0.10369099,0.28181052,0.036685195,0.06066879,1.769643631632789e-07,0.35973442,0.19446544,-0.00303722,0.014775172,28.8,0.7451171875,12.2
32,0.11894883960485458,0.0,0.10904813557863235,0.0,0,0,1,0,0,0,1,1,1,1,0,0,False,0.12415111,0.070171714,0.27249324,0.05609275,0.100158736,1.5926792684695101e-07,0.36145025,0.19336995,0.032137737,0.062354613,27.8,0.7451171875,12.2
33,0.11335990577936172,0.0,0.10904474556446075,0.0,0,0,0,0,0,0,1,1,1,1,0,0,False,0.168177,0.06595659,0.295032,0.101888224,0.14298913,1.433411341622559e-07,0.35727674,0.19482745,0.007377988,0.034059044,27.8,0.7451171875,12.2
34,0.10687930136919022,0.0,0.10904165357351303,0.0,0,0,0,0,0,0,1,1,1,1,0,0,False,0.16127525,0.13935074,0.42093644,0.025792627,0.1155218,1.2900702586193802e-07,0.3616292,0.19366919,-0.010482977,0.03825221,27.8,0.7451171875,12.2
35,0.10689850896596909,0.0,0.10903909057378769,0.0,0,0,0,0,0,0,1,1,1,1,0,0,False,0.08404242,0.062485702,0.20364058,0.02928251,0.051752746,1.1610631815983652e-07,0.36054596,0.19538823,0.017201437,0.044332,27.8,0.7451171875,12.2
36,0.08197075128555298,0.0,0.1090364158153534,0.0,0,0,1,0,0,0,1,1,1,1,0,0,False,0.12697719,0.12984993,0.30874074,0.0072002197,0.065982394,1.0449568890180672e-07,0.36060715,0.19596037,-0.06769366,0.09436867,27.7,0.7451171875,12.2
37,0.09969564527273178,0.0,0.10903473198413849,0.0,0,0,1,0,0,0,1,1,1,1,0,0,False,0.22802953,0.149363,0.45035276,0.0656141,0.16403292,9.404612129060297e-08,0.36247742,0.19281289,0.10268324,0.07157628,27.8,0.7451171875,12.2
38,0.09100791811943054,0.0,0.10903245955705643,0.0,0,0,0,0,0,0,1,1,1,1,0,0,False,0.16950299,0.14148633,0.39582175,0.04684664,0.09099503,8.464150980103113e-08,0.36134815,0.19434191,-0.03576659,0.034918632,27.8,0.7451171875,12.2
39,0.09214278310537338,0.0,0.10903063416481018,0.0,0,0,0,0,0,0,1,1,1,1,0,0,False,0.25060788,0.16976565,0.51812506,0.06339325,0.17856026,7.617736201837033e-08,0.361654,0.19404638,0.079487026,0.067998715,27.8,0.7451171875,12.2
40,0.11142411828041077,0.0,0.10902911424636841,0.0,0,0,1,0,0,0,1,1,1,1,0,0,False,0.16575791,0.0840464,0.3471287,0.09295701,0.13522209,6.855962837448715e-08,0.3596423,0.19555107,0.03542504,0.06742331,27.8,0.7451171875,12.2
41,0.12496528774499893,0.0,0.10902788490056992,0.0,0,0,1,0,0,0,1,1,1,1,0,0,False,0.22868651,0.16436851,0.56753534,0.07085303,0.17657542,6.17036661765269e-08,0.3605346,0.19494306,0.055586886,0.04516946,27.9,0.7451171875,12.2
42,0.11878238618373871,0.0,0.1090264543890953,0.0,0,0,0,0,0,0,1,1,1,1,0,0,False,0.2697134,0.12416377,0.5227332,0.16083899,0.23559159,5.553329955887421e-08,0.35877997,0.19576141,-0.19250064,0.16713546,27.8,0.7451171875,12.2
43,0.11897741258144379,0.0,0.10902515053749084,0.0,0,0,0,0,0,0,1,1,1,1,0,0,False,0.16426699,0.0826936,0.34541047,0.094812915,0.13457412,4.997996896349832e-08,0.36083367,0.19434318,-0.013426379,0.0083785085,27.8,0.7451171875,12.2
44,0.10895214229822159,0.0,0.10902418196201324,0.0,0,0,1,0,0,0,1,1,1,1,0,0,False,0.09215507,0.06716155,0.21463853,0.032457538,0.05543301,4.4981973346125416e-08,0.36194223,0.19367814,-0.053351898,0.027849495,27.8,0.7451171875,12.2
45,0.08872047066688538,0.0,0.1090233251452446,0.0,0,0,1,0,0,0,1,1,1,1,0,0,False,0.12715173,0.11851066,0.31144702,0.02343607,0.062049516,4.0483776331257104e-08,0.35897842,0.19402245,-0.009242143,0.039687235,27.8,0.7451171875,12.2
46,0.11330897361040115,0.0,0.1090225800871849,0.0,0,0,1,0,0,0,1,1,1,1,0,0,False,0.123166285,0.057211865,0.24603546,0.06636337,0.103493825,3.6435398698131394e-08,0.36034957,0.19557282,-0.034169223,0.019088322,27.7,0.7451171875,12.2
47,0.10600092262029648,0.0,0.10902167111635208,0.0,0,0,0,0,0,0,1,1,1,1,0,0,False,0.11318893,0.083856665,0.27982497,0.046003018,0.07279232,3.279185882831826e-08,0.36206493,0.19289526,0.0150052495,0.02377905,27.9,0.7451171875,12.2
48,0.08931562304496765,0.0,0.10902111977338791,0.0,0,0,1,0,0,0,1,1,1,1,0,0,False,0.22264473,0.16905527,0.47365668,0.07415694,0.13180344,2.9512673904719123e-08,0.36048102,0.19496097,0.03357384,0.060983688,27.8,0.7451171875,12.2
49,0.11517064273357391,0.0,0.10902054607868195,0.0,0,0,1,0,0,0,1,1,1,1,0,0,False,0.19242638,0.09486072,0.39472163,0.11858633,0.16521135,2.656140587475875e-08,0.362465,0.1926685,0.027051838,0.0369802,27.8,0.7451171875,12.2
0,0.09911023825407028,0.0,0.10902006924152374,0.0,0,0,1,0,0,0,1,1,1,1,0,0,False,0.1720076,0.15060279,0.40964645,0.04070865,0.08874451,2.3905264967538643e-08,0.35995024,0.19551674,0.08878412,0.08611972,25.4,0.7451171875,12.2
1,0.1071348786354065,0.0,0.10901965945959091,0.0,0,0,0,0,0,0,1,1,1,1,0,0,False,0.11443865,0.08329996,0.28207907,0.044484697,0.078797445,2.151473879052901e-08,0.36192855,0.19334626,-0.078776404,0.058397215,27.8,0.7451171875,12.2
2,0.11598489433526993,0.0,0.10901915282011032,0.0,0,0,0,0,0,0,1,1,1,1,0,0,False,0.13166712,0.049857993,0.23452018,0.091995195,0.11191264,1.9363264591731878e-08,0.36031052,0.1959867,0.008531011,0.08011093,27.8,0.7451171875,12.2
3,0.09579532593488693,0.0,0.10901879519224167,0.0,0,0,1,0,0,0,1,1,1,1,0,0,False,0.18021296,0.10586379,0.39987475,0.09051153,0.14297587,1.7426938292430804e-08,0.35992542,0.19552857,0.014045577,0.053365123,27.8,0.7451171875,12.2
4,0.11136981844902039,0.0,0.10901850461959839,0.0,0,0,1,0,0,0,1,1,1,1,0,0,False,0.14656015,0.098419644,0.35609674,0.053780604,0.12170721,1.5684244303315608e-08,0.3592123,0.19628836,-0.06429733,0.14815702,29.0,0.7451171875,12.2
5,0.0719430074095726,0.0,0.10901828110218048,0.0,0,0,1,0,0,0,1,1,1,1,0,0,False,0.32697716,0.21259116,0.63368714,0.13220808,0.22235009,1.411582051247251e-08,0.3619585,0.19356926,0.079508126,0.057553887,27.8,0.7451171875,12.2
6,0.10758079588413239,0.0,0.10901807993650436,0.0,0,0,1,0,0,0,1,1,1,1,0,0,False,0.109864,0.10633843,0.31147477,0.022419957,0.04800467,1.270423846122526e-08,0.3589343,0.19626692,0.118229866,0.094555534,27.9,0.7451171875,12.2
7,0.0943426638841629,0.0,0.10901792347431183,0.0,0,0,1,0,0,0,1,1,1,1,0,0,False,0.13850637,0.1445982,0.34239668,0.004172636,0.06944439,1.1433814695038791e-08,0.36163932,0.19394128,-0.16548969,0.15253101,27.8,0.7451171875,12.2
8,0.10354737937450409,0.0,0.1090177521109581,0.0,0,0,0,0,0,0,1,1,1,1,0,0,False,0.18055134,0.1373272,0.39453566,0.055211354,0.11026299,1.029043330547097e-08,0.3610765,0.19408979,0.007316308,0.04258902,28.8,0.7451171875,12.2
9,0.09647318720817566,0.0,0.10901761054992676,0.0,0,0,0,0,0,0,1,1,1,1,0,0,False,0.14953823,0.14029951,0.3817803,0.015333628,0.093357205,9.261390054859931e-09,0.36052853,0.19425625,0.03807081,0.038266208,27.9,0.7451171875,12.2
10,0.11769921332597733,0.0,0.1090175211429596,0.0,0,0,1,0,0,0,1,1,1,1,0,0,False,0.09500182,0.034859873,0.15644194,0.05986367,0.0807257,8.335250889501823e-09,0.36075646,0.19546887,0.021374458,0.030602224,27.7,0.7451171875,12.2
11,0.0803801640868187,0.0,0.10901746898889542,0.0,0,0,1,0,0,0,1,1,1,1,0,0,False,0.30486083,0.20512934,0.59906894,0.11180487,0.20427312,7.501725640679525e-09,0.35896313,0.19678478,0.037894726,0.056069132,27.8,0.7451171875,12.2
12,0.08175978809595108,0.0,0.10901740193367004,0.0,0,0,0,0,0,0,1,1,1,1,0,0,False,0.13187702,0.12662233,0.32612786,0.009525943,0.07029195,6.751552916739456e-09,0.3616909,0.19385274,-0.002130732,0.04123045,27.8,0.7451171875,12.2
13,0.09425383806228638,0.0,0.10901737213134766,0.0,0,0,1,0,0,0,1,1,1,1,0,0,False,0.111991264,0.11737797,0.30852082,0.0032687283,0.051958013,6.076397784937626e-09,0.36049363,0.19555628,0.09571746,0.094813935,27.8,0.7451171875,12.2
14,0.09174206107854843,0.0,0.10901733487844467,0.0,0,0,0,0,0,0,1,1,1,1,0,0,False,0.11872221,0.10925974,0.30351427,0.0045734737,0.07974854,5.468757846571748e-09,0.3599791,0.19547728,0.147312,0.11370227,27.8,0.7451171875,12.2
15,0.10049767792224884,0.0,0.10901732742786407,0.0,0,0,0,0,0,0,1,1,1,1,0,0,False,0.15622114,0.108231716,0.36523384,0.052397,0.10802229,4.9218821018826025e-09,0.36110398,0.19432876,-0.029527836,0.026528949,27.0,0.7451171875,12.2
16,0.08186622709035873,0.0,0.10901729762554169,0.0,0,0,1,0,0,0,1,1,1,1,0,0,False,0.24276626,0.17892449,0.4955493,0.07615933,0.14372513,4.4296938117582845e-09,0.3619679,0.19371754,0.10043565,0.10759795,27.9,0.7451171875,12.2
17,0.10066716372966766,0.0,0.1090172827243805,0.0,0,0,1,0,0,0,1,1,1,1,0,0,False,0.16330881,0.14255708,0.39352357,0.042507082,0.08425224,3.986724550486542e-09,0.35924655,0.19578852,0.01160436,0.023131454,27.9,0.7451171875,12.2
18,0.12367095798254013,0.0,0.1090172752737999,0.0,0,0,1,0,0,0,1,1,1,1,0,0,False,0.2301846,0.10353788,0.44851083,0.15077119,0.19289403,3.5880522553100038e-09,0.35836062,0.1938024,-0.008356269,0.05746597,27.8,0.7451171875,12.2
19,0.09706089645624161,0.0,0.1090172678232193,0.0,0,0,1,0,0,0,1,1,1,1,0,0,False,0.10629859,0.0870582,0.23382054,0.03368304,0.055479016,3.2292470697470322e-09,0.35864872,0.1959799,0.029207647,0.037524324,27.9,0.7451171875,12.2
20,0.09074893593788147,0.0,0.1090172752737999,0.0,0,0,0,0,0,0,1,1,1,1,0,0,False,0.12849264,0.10972453,0.31381866,0.03215406,0.069704235,2.9063223827563434e-09,0.3605484,0.19456676,0.04568741,0.060560245,27.9,0.7451171875,12.2
21,0.09979275614023209,0.0,0.1090172603726387,0.0,0,0,0,0,0,0,1,1,1,1,0,0,False,0.13687938,0.08672419,0.3154668,0.062004156,0.10020879,2.6156900645446514e-09,0.3622525,0.19313776,-0.092574336,0.14684759,27.8,0.7451171875,12.2
22,0.1074923500418663,0.0,0.1090172603726387,0.0,0,0,0,0,0,0,1,1,1,1,0,0,False,0.20475751,0.13671374,0.48156017,0.08192383,0.14106926,2.354121098058215e-09,0.3624109,0.1923748,-0.15338105,0.15201713,27.8,0.7451171875,12.2
23,0.12272333353757858,0.0,0.1090172603726387,0.0,0,0,1,0,0,0,1,1,1,1,0,0,False,0.1969112,0.1252975,0.46122918,0.07926085,0.14993465,2.118709008236408e-09,0.3610502,0.1946163,0.07966872,0.05763513,27.8,0.7451171875,12.2
24,0.08798398822546005,0.0,0.1090172603726387,0.0,0,0,1,0,0,0,1,1,1,1,0,0,False,0.17539598,0.14441352,0.400802,0.05045138,0.09780552,1.906838087428753e-09,0.36250845,0.19260302,0.06746596,0.06785534,27.8,0.7451171875,12.2
25,0.12006460875272751,0.0,0.1090172603726387,0.0,0,0,1,0,0,0,1,1,1,1,0,0,False,0.4686176,0.24800251,0.94742846,0.22381917,0.3835907,1.7161542187338341e-09,0.36163825,0.19377574,0.013460745,0.017361065,28.0,0.7451171875,12.2
26,0.10135436803102493,0.0,0.1090172603726387,0.0,0,0,1,0,0,0,1,1,1,1,0,0,False,0.16444732,0.09749163,0.3384404,0.0671912,0.123151645,1.5445387968604508e-09,0.36085057,0.19499043,-0.0050700605,0.035523992,27.8,0.7451171875,12.2
27,0.0972609594464302,0.0,0.1090172603726387,0.0,0,0,0,0,0,0,1,1,1,1,0,0,False,0.19712634,0.10079826,0.39338565,0.08972373,0.16839138,1.3900849471504273e-09,0.36049247,0.19518237,0.013397303,0.06796352,27.8,0.7451171875,12.2
28,0.11354256421327591,0.0,0.1090172603726387,0.0,0,0,1,0,0,0,1,1,1,1,0,0,False,0.12032106,0.04642215,0.21607597,0.07567343,0.10433799,1.2510764424433774e-09,0.36001918,0.19522674,-0.0029944137,0.015164879,27.9,0.7451171875,12.2
29,0.10626347362995148,0.0,0.1090172603726387,0.0,0,0,0,0,0,0,1,1,1,1,0,0,False,0.20858769,0.18630803,0.5066815,0.026968451,0.11837463,1.125968818183054e-09,0.3611046,0.19478138,-0.011228719,0.03133284,27.8,0.7451171875,12.2
30,0.09711303561925888,0.0,0.10901724547147751,0.0,0,0,0,0,0,0,1,1,1,1,0,0,False,0.21031673,0.11598679,0.44014415,0.085645616,0.17852202,1.0133719863247848e-09,0.36104065,0.19472165,-0.005997675,0.029380681,27.8,0.7451171875,12.2
31,0.09995434433221817,0.0,0.10901724547147751,0.0,0,0,0,0,0,0,1,1,1,1,0,0,False,0.099608004,0.0807183,0.23791283,0.014020409,0.08071089,9.120347477242774e-10,0.36222696,0.19301844,0.025864882,0.03411588,27.7,0.7451171875,12.2
32,0.08746641874313354,0.0,0.10901723802089691,0.0,0,0,1,0,0,0,1,1,1,1,0,0,False,0.0940828,0.09175816,0.24628374,0.016123991,0.043533456,8.208312529678353e-10,0.3624371,0.19246769,0.025859902,0.02949632,27.8,0.7451171875,12.2
33,0.09458227455615997,0.0,0.10901723802089691,0.0,0,0,0,0,0,0,1,1,1,1,0,0,False,0.20901763,0.21487744,0.56741256,0.0004611373,0.11850117,7.387481126830409e-10,0.36142135,0.19434205,0.049943272,0.04522738,27.9,0.7451171875,12.2
34,0.10926356911659241,0.0,0.10901723802089691,0.0,0,0,1,0,0,0,1,1,1,1,0,0,False,0.107833214,0.03850711,0.16056637,0.061655227,0.105822995,6.648733064107404e-10,0.36055484,0.19526419,0.054743696,0.050934304,27.9,0.7451171875,12.2
35,0.10259806364774704,0.0,0.10901723802089691,0.0,0,0,0,0,0,0,1,1,1,1,0,0,False,0.23444875,0.19386092,0.5372474,0.068553776,0.12679759,5.983859907576772e-10,0.3587969,0.19545464,0.0076952917,0.015243139,27.8,0.7451171875,12.2
36,0.10668689012527466,0.0,0.1090172603726387,0.0,0,0,0,0,0,0,1,1,1,1,0,0,False,0.13369206,0.12317231,0.31633922,0.013319693,0.07153697,5.385474066699203e-10,0.36112878,0.19447006,-0.025750004,0.14768542,27.8,0.7451171875,12.2
37,0.12487493455410004,0.0,0.1090172603726387,0.0,0,0,1,0,0,0,1,1,1,1,0,0,False,0.36439672,0.19775477,0.76843643,0.20017524,0.29213864,4.846926859869428e-10,0.36031547,0.19555813,-0.087424226,0.13846941,27.8,0.7451171875,12.2
38,0.11964744329452515,0.0,0.1090172603726387,0.0,0,0,0,0,0,0,1,1,1,1,0,0,False,0.13488297,0.1287687,0.32119393,0.0031362344,0.08600254,4.362234073962412e-10,0.3614982,0.19352187,-0.19798763,0.16382709,27.8,0.7451171875,12.2
39,0.08712811768054962,0.0,0.1090172603726387,0.0,0,0,1,0,0,0,1,1,1,1,0,0,False,0.14436743,0.115222946,0.33100054,0.04272358,0.085529126,3.926010766486243e-10,0.3595168,0.19551435,0.02184827,0.04738084,27.8,0.7451171875,12.2
40,0.09750165045261383,0.0,0.1090172603726387,0.0,0,0,1,0,0,0,1,1,1,1,0,0,False,0.15532747,0.13586974,0.37490997,0.036668457,0.08096109,3.5334095649375285e-10,0.36253548,0.19273767,0.09292217,0.12635463,29.0,0.7451171875,12.2
41,0.10115022957324982,0.0,0.1090172603726387,0.0,0,0,0,0,0,0,1,1,1,1,0,0,False,0.067265816,0.053825255,0.15924312,0.000394032,0.062363524,3.180068708363848e-10,0.36254525,0.19265214,0.058097947,0.06294358,27.7,0.7451171875,12.2
42,0.12530967593193054,0.0,0.1090172603726387,0.0,0,0,1,0,0,0,1,1,1,1,0,0,False,0.24580272,0.2287729,0.65605867,0.008953986,0.17443362,2.862061837527463e-10,0.35996252,0.19514622,-0.12928373,0.14647032,27.8,0.7451171875,12.2
43,0.1311999410390854,0.0,0.1090172603726387,0.0,0,0,0,0,0,0,1,1,1,1,0,0,False,0.24014618,0.11212115,0.47933158,0.14945625,0.20456186,2.5758555288746264e-10,0.36056086,0.19497266,0.07981437,0.0716255,27.8,0.7451171875,12.2
44,0.10215358436107635,0.0,0.1090172603726387,0.0,0,0,1,0,0,0,1,1,1,1,0,0,False,0.12719935,0.10772152,0.296412,0.012568986,0.0840699,2.3182700759072362e-10,0.3606248,0.19514352,-0.15191926,0.17874412,28.9,0.7451171875,12.2
45,0.1163727268576622,0.0,0.1090172603726387,0.0,0,0,1,0,0,0,1,1,1,1,0,0,False,0.12179932,0.10537106,0.3215019,0.002025044,0.120076105,2.0864430183564764e-10,0.3578453,0.19567165,0.019923205,0.03537881,27.9,0.7451171875,12.2
46,0.10338547825813293,0.0,0.1090172603726387,0.0,0,0,1,0,0,0,1,1,1,1,0,0,False,0.10540054,0.044533975,0.18629196,0.057214856,0.084966496,1.8777986665607927e-10,0.35811305,0.1962847,0.0139925545,0.02548694,27.8,0.7451171875,12.2
47,0.08816215395927429,0.0,0.1090172603726387,0.0,0,0,1,0,0,0,1,1,1,1,0,0,False,0.15595086,0.1301554,0.36531895,0.03749495,0.08253916,1.6900187499446773e-10,0.36088914,0.19515553,-0.048319947,0.037132036,27.8,0.7451171875,12.2
48,0.101144939661026,0.0,0.1090172603726387,0.0,0,0,1,0,0,0,1,1,1,1,0,0,False,0.08557964,0.06362597,0.20228313,0.03321183,0.050670754,1.5210168125001646e-10,0.3606565,0.19567779,-0.056576118,0.14264522,28.8,0.7451171875,12.2
49,0.0898343101143837,0.0,0.1090172603726387,0.0,0,0,1,0,0,0,1,1,1,1,0,0,False,0.105957456,0.10132173,0.26104522,0.017767727,0.050540894,1.36891510627013e-10,0.35943812,0.19593497,-0.0058915834,0.021145282,27.8,0.7451171875,12.2
0,0.10777412354946136,0.0,0.1090172603726387,0.0,0,0,1,0,0,0,1,1,1,1,0,0,False,0.16230842,0.11569683,0.38239473,0.048450653,0.115621544,1.232023608133126e-10,0.36190528,0.19340944,-0.05015005,0.026103532,21.0,0.7451171875,12.2
1,0.09848970174789429,0.0,0.1090172603726387,0.0,0,0,0,0,0,0,1,1,1,1,0,0,False,0.06963426,0.06687867,0.20825703,0.019436361,0.036322866,1.1088212847898405e-10,0.35419703,0.19342224,0.08975748,0.09589324,17.3,0.7451171875,12.2
2,0.10841424018144608,0.0,0.1090172603726387,0.0,0,0,0,0,0,0,1,1,1,1,0,0,False,0.13158537,0.109028004,0.28682098,0.029668808,0.07656774,9.979391688008654e-11,0.35989946,0.19534488,-0.029787777,0.015988892,13.6,0.7451171875,12.2
3,0.10754793137311935,0.0,0.1090172603726387,0.0,0,0,0,0,0,0,1,1,1,1,0,0,False,0.15484434,0.11960965,0.3595629,0.044319186,0.09162186,8.981452456757743e-11,0.3605705,0.1952086,0.09520569,0.094507664,13.6,0.7451171875,12.2
4,0.11783895641565323,0.0,0.1090172603726387,0.0,0,0,1,0,0,0,1,1,1,1,0,0,False,0.36682364,0.2466439,0.8660907,0.14551577,0.25661367,8.083307148631925e-11,0.3590722,0.19589444,0.024193004,0.077795886,13.6,0.7451171875,12.2
5,0.10876906663179398,0.0,0.1090172603726387,0.0,0,0,0,0,0,0,1,1,1,1,0,0,False,0.22839133,0.21832988,0.6134922,0.0065580225,0.15359527,7.274976246418597e-11,0.3605271,0.19494891,-0.0020983394,0.04159877,13.5,0.7451171875,12.2
6,0.10374684631824493,0.0,0.1090172603726387,0.0,0,0,0,0,0,0,1,1,1,1,0,0,False,0.18122812,0.13858752,0.42025262,0.04346605,0.11612575,6.547478809126872e-11,0.3611073,0.19452819,0.16279162,0.13676037,13.6,0.7451171875,12.2
7,0.11327910423278809,0.0,0.1090172603726387,0.0,0,0,0,0,0,0,1,1,1,1,0,0,False,0.23234837,0.14154598,0.5286841,0.110855445,0.17792177,5.892730678414005e-11,0.36110055,0.19444057,0.10246494,0.0813702,18.2,0.7451171875,12.2
8,0.08933761715888977,0.0,0.1090172603726387,0.0,0,0,1,0,0,0,1,1,1,1,0,0,False,0.07876963,0.07825156,0.23160873,0.018601732,0.03286001,5.303457673022649e-11,0.3594523,0.1940252,0.055878673,0.05839139,24.3,0.7451171875,12.2
9,0.08167597651481628,0.0,0.1090172603726387,0.0,0,0,0,0,0,0,1,1,1,1,0,0,False,0.1784407,0.15636685,0.40049157,0.03164745,0.090309456,4.773111905720384e-11,0.3621439,0.19285761,0.14342946,0.10763865,24.3,0.7451171875,12.2
10,0.09945030510425568,0.0,0.1090172603726387,0.0,0,0,1,0,0,0,1,1,1,1,0,0,False,0.12138504,0.0590037,0.22405499,0.056022484,0.10089564,4.295800590248256e-11,0.36142442,0.1944685,-0.055908,0.028826445,24.3,0.7451171875,12.2
11,0.1042722687125206,0.0,0.1090172603726387,0.0,0,0,0,0,0,0,1,1,1,1,0,0,False,0.23477508,0.17303361,0.47632986,0.07429529,0.15024799,3.866220468773385e-11,0.3600542,0.19524093,-0.06816534,0.03372508,24.5,0.7451171875,12.2
12,0.09585132449865341,0.0,0.1090172603726387,0.0,0,0,0,0,0,0,1,1,1,1,0,0,False,0.12622067,0.118397035,0.3236021,0.025952833,0.05991611,3.479598484346092e-11,0.36216518,0.19289775,0.08011892,0.07274329,24.3,0.7451171875,12.2
13,0.09737717360258102,0.0,0.1090172603726387,0.0,0,0,0,0,0,0,1,1,1,1,0,0,False,0.29296067,0.18328528,0.57019585,0.07701637,0.22547516,3.1316386983615274e-11,0.35673547,0.19595385,0.103056036,0.09389689,24.2,0.7451171875,12.2
14,0.10447857528924942,0.0,0.1090172603726387,0.0,0,0,0,0,0,0,1,1,1,1,0,0,False,0.23597187,0.15413469,0.54306763,0.101497516,0.16833782,2.818474828525375e-11,0.36139637,0.19431293,0.009852544,0.043312788,24.2,0.7451171875,12.2
15,0.12033805251121521,0.0,0.1090172603726387,0.0,0,0,1,0,0,0,1,1,1,1,0,0,False,0.2493431,0.15549646,0.5708206,0.103985615,0.17752412,2.5366273144478147e-11,0.36249357,0.19245078,0.043220997,0.048334148,24.2,0.7451171875,12.2
16,0.09523207694292068,0.0,0.1090172603726387,0.0,0,0,1,0,0,0,1,1,1,1,0,0,False,0.13585256,0.118770555,0.3048604,0.026649708,0.07588093,2.2829645986155445e-11,0.35699898,0.19516616,0.002116083,0.053577274,24.3,0.7451171875,12.2
17,0.10121151059865952,0.0,0.1090172603726387,0.0,0,0,0,0,0,0,1,1,1,1,0,0,False,0.2060707,0.08740219,0.37250498,0.11203006,0.18660882,2.0546681543665013e-11,0.3580664,0.19511959,-0.18509305,0.15744732,25.4,0.7451171875,12.2
18,0.11885704845190048,0.0,0.1090172603726387,0.0,0,0,1,0,0,0,1,1,1,1,0,0,False,0.1555985,0.0667174,0.2992973,0.10203904,0.12610461,1.8492014169924077e-11,0.35997504,0.19583619,-0.045161992,0.025552282,24.2,0.7451171875,12.2
19,0.0968398004770279,0.0,0.1090172603726387,0.0,0,0,1,0,0,0,1,1,1,1,0,0,False,0.21026544,0.20921971,0.56383884,0.007429495,0.1324617,1.6642812128431217e-11,0.35945827,0.19550142,-0.056821346,0.042902093,24.2,0.7451171875,12.2
20,0.1118755042552948,0.0,0.1090172603726387,0.0,0,0,1,0,0,0,1,1,1,1,0,0,False,0.29701793,0.23346505,0.7467702,0.0902823,0.18837439,1.4978530915588097e-11,0.36105758,0.1945034,0.013836111,0.14096463,24.2,0.7451171875,12.2
21,0.11186166107654572,0.0,0.1090172603726387,0.0,0,0,0,0,0,0,1,1,1,1,0,0,False,0.16299616,0.08788286,0.35352668,0.08351335,0.12952892,1.348067751177906e-11,0.3611876,0.19360398,-0.12424654,0.14542389,27.1,0.7451171875,12.2
22,0.10180581361055374,0.0,0.1090172603726387,0.0,0,0,1,0,0,0,1,1,1,1,0,0,False,0.28881004,0.245115,0.7410095,0.061117083,0.17873222,1.2132609760601155e-11,0.3617979,0.19334084,-0.02722086,0.016101414,24.5,0.7451171875,12.2
23,0.10226776450872421,0.0,0.1090172603726387,0.0,0,0,0,0,0,0,1,1,1,1,0,0,False,0.16216683,0.122081146,0.34109825,0.054334026,0.0981805,1.0919349018728709e-11,0.3607371,0.19511123,0.10389382,0.08285864,24.3,0.7451171875,12.2
24,0.10267925262451172,0.0,0.1090172603726387,0.0,0,0,0,0,0,0,1,1,1,1,0,0,False,0.090981185,0.08003463,0.2306776,0.028535087,0.043134265,9.827413882668168e-12,0.361662,0.19410627,0.09762364,0.12457157,27.0,0.7451171875,12.2
25,0.11280412971973419,0.0,0.1090172603726387,0.0,0,0,1,0,0,0,1,1,1,1,0,0,False,0.25090805,0.115567744,0.47263014,0.12317408,0.22770756,8.844672650526465e-12,0.3584432,0.19617516,0.08211231,0.06506736,29.1,0.7451171875,12.2
26,0.11014312505722046,0.0,0.1090172603726387,0.0,0,0,0,0,0,0,1,1,1,1,0,0,False,0.11467436,0.105651125,0.28883585,0.015227498,0.05574659,7.96020515128615e-12,0.36137742,0.1944679,0.026216323,0.024328003,28.2,0.7451171875,12.2
27,0.1066766083240509,0.0,0.1090172603726387,0.0,0,0,0,0,0,0,1,1,1,1,0,0,False,0.08435925,0.079870604,0.24854428,0.014989939,0.04355952,7.1641848703452025e-12,0.36072534,0.19488907,0.0317159,0.060062703,25.1,0.7451171875,12.2
28,0.10677213966846466,0.0,0.1090172603726387,0.0,0,0,0,0,0,0,1,1,1,1,0,0,False,0.13168982,0.09900358,0.29487568,0.039433595,0.075612515,6.4477665394357954e-12,0.3614363,0.19449325,-0.13512693,0.15327482,24.3,0.7451171875,12.2
29,0.08554039150476456,0.0,0.1090172603726387,0.0,0,0,1,0,0,0,1,1,1,1,0,0,False,0.08866238,0.0748372,0.21107435,0.015712753,0.058449775,5.802989729367103e-12,0.36170626,0.19387683,-0.1814664,0.18236376,24.2,0.7451171875,12.2
30,0.11941612511873245,0.0,0.1090172603726387,0.0,0,0,1,0,0,0,1,1,1,1,0,0,False,0.15021606,0.09434568,0.32369977,0.059719034,0.103402585,5.2226906393365585e-12,0.3619599,0.19367534,0.0058044656,0.034737676,24.3,0.7451171875,12.2
31,0.09785842895507812,0.0,0.1090172603726387,0.0,0,0,1,0,0,0,1,1,1,1,0,0,False,0.1512876,0.08431819,0.3102907,0.072326355,0.11569315,4.700421692496737e-12,0.36163938,0.19366738,-0.12757348,0.15599152,24.3,0.7451171875,12.2
32,0.09738754481077194,0.0,0.1090172603726387,0.0,0,0,0,0,0,0,1,1,1,1,0,0,False,0.13319145,0.1311941,0.32751676,0.0041327076,0.07329181,4.230379328090672e-12,0.36051264,0.19491485,-0.004905024,0.017388428,24.2,0.7451171875,12.2
33,0.0918864756822586,0.0,0.1090172603726387,0.0,0,0,0,0,0,0,1,1,1,1,0,0,False,0.07409751,0.044421338,0.16437346,0.028912691,0.065649234,3.807341551406718e-12,0.36094654,0.19466385,0.04455273,0.0578616,24.3,0.7451171875,12.2
34,0.10210875421762466,0.0,0.1090172603726387,0.0,0,0,1,0,0,0,1,1,1,1,0,0,False,0.17471236,0.09799195,0.3713988,0.08892444,0.13341841,3.426607435297324e-12,0.36248165,0.19257705,0.006301224,0.035002206,24.3,0.7451171875,12.2
35,0.0901416763663292,0.0,0.1090172603726387,0.0,0,0,1,0,0,0,1,1,1,1,0,0,False,0.10428274,0.104204975,0.28145057,0.017805986,0.045341983,3.0839467698301484e-12,0.36186352,0.19325043,0.0639134,0.064909056,24.2,0.75,12.2
36,0.12812764942646027,0.0,0.1090172603726387,0.0,0,0,1,0,0,0,1,1,1,1,0,0,False,0.15872908,0.08955075,0.34842697,0.06849072,0.13971314,2.775552053815855e-12,0.36171034,0.19425365,-0.025013452,0.1480552,24.2,0.7587890625,12.2
37,0.0902416780591011,0.0,0.1090172603726387,0.0,0,0,1,0,0,0,1,1,1,1,0,0,False,0.12333337,0.08736642,0.2546329,0.040016048,0.07810764,2.497996926496826e-12,0.3619315,0.19360727,-7.52913e-05,0.051365178,24.2,0.7587890625,12.2
38,0.10897957533597946,0.0,0.1090172603726387,0.0,0,0,1,0,0,0,1,1,1,1,0,0,False,0.118591435,0.06001061,0.22585545,0.06259274,0.09090644,2.248197331425339e-12,0.36218625,0.19269694,0.12489607,0.09191372,24.3,0.7587890625,12.2
39,0.10718988627195358,0.0,0.1090172603726387,0.0,0,0,0,0,0,0,1,1,1,1,0,0,False,0.10075945,0.05289036,0.19196886,0.04423149,0.07583526,2.023377559251527e-12,0.36067304,0.19458982,0.0067150225,0.029682359,24.2,0.7587890625,12.2
40,0.1175750270485878,0.0,0.1090172603726387,0.0,0,0,1,0,0,0,1,1,1,1,0,0,False,0.18410373,0.075057976,0.33713192,0.11910032,0.15654695,1.8210398033263743e-12,0.3594551,0.19538061,0.038580257,0.058822352,24.2,0.7587890625,12.2
41,0.11029719561338425,0.0,0.1090172603726387,0.0,0,0,0,0,0,0,1,1,1,1,0,0,False,0.24975266,0.14734991,0.54591066,0.12350948,0.19255866,1.638935862025015e-12,0.35891688,0.19538829,-0.20268242,0.16459852,24.2,0.7587890625,12.2
42,0.13324223458766937,0.0,0.1090172603726387,0.0,0,0,1,0,0,0,1,1,1,1,0,0,False,0.29957125,0.15185216,0.62427014,0.1659018,0.24525514,1.4750422563068744e-12,0.35869613,0.19558659,-0.0002137643,0.026050435,24.2,0.7587890625,12.2
43,0.12038109451532364,0.0,0.1090172603726387,0.0,0,0,1,0,0,0,1,1,1,1,0,0,False,0.4086331,0.22413144,0.86907333,0.20936875,0.31866926,1.3275380794652846e-12,0.36063868,0.19562313,0.0791331,0.072987765,24.1,0.7587890625,12.2
44,0.09879804402589798,0.0,0.1090172603726387,0.0,0,0,1,0,0,0,1,1,1,1,0,0,False,0.18297853,0.16885884,0.44685978,0.029426472,0.083664596,1.1947843105500345e-12,0.36103168,0.19451734,0.0507473,0.061741192,24.7,0.7587890625,12.2
45,0.09236975759267807,0.0,0.1090172603726387,0.0,0,0,0,0,0,0,1,1,1,1,0,0,False,0.22269112,0.1565356,0.46414378,0.064731605,0.14956078,1.0753058599793919e-12,0.36246926,0.19243893,0.059241462,0.06286241,24.3,0.7587890625,12.2
46,0.09648939967155457,0.0,0.1090172603726387,0.0,0,0,0,0,0,0,1,1,1,1,0,0,False,0.22028774,0.1789736,0.4895844,0.06040044,0.12150683,9.677752739814527e-13,0.3591886,0.1951489,-0.050080523,0.02573645,24.2,0.7587890625,12.2
47,0.09603515267372131,0.0,0.1090172603726387,0.0,0,0,0,0,0,0,1,1,1,1,0,0,False,0.23843026,0.16233402,0.4801005,0.0733295,0.16536829,8.709977075520293e-13,0.36028978,0.1961154,-0.024502195,0.035858367,24.3,0.7587890625,12.2
48,0.10053061693906784,0.0,0.1090172603726387,0.0,0,0,0,0,0,0,1,1,1,1,0,0,False,0.22160839,0.20010501,0.589442,0.033303,0.14192559,7.838979465546459e-13,0.36249632,0.19262284,-3.197044e-05,0.041770916,24.3,0.7587890625,12.2
49,0.1221548542380333,0.0,0.1090172603726387,0.0,0,0,1,0,0,0,1,1,1,1,0,0,False,0.25602108,0.18535765,0.6319085,0.092490815,0.17450002,7.055081616570008e-13,0.36202055,0.19381033,0.06692965,0.066718094,24.2,0.7587890625,12.2
0,0.07916875183582306,0.0,0.1090172603726387,0.0,0,0,1,0,0,0,1,1,1,1,0,0,False,0.1572317,0.14119041,0.37867105,0.027918203,0.08385107,6.349573210967519e-13,0.36053556,0.1950387,-0.05000476,0.025698386,21.3,0.7587890625,12.2
1,0.1139024943113327,0.0,0.1090172603726387,0.0,0,0,1,0,0,0,1,1,1,1,0,0,False,0.12686002,0.065602235,0.25309587,0.06621682,0.09773308,5.714615792292571e-13,0.36169595,0.19409353,-0.005905124,0.048592333,25.1,0.7587890625,12.2
2,0.08284951001405716,0.0,0.1090172603726387,0.0,0,0,1,0,0,0,1,1,1,1,0,0,False,0.10895247,0.108733065,0.2615468,0.0076695476,0.059562437,5.143154457008803e-13,0.36225408,0.19319735,0.025157526,0.054209813,24.5,0.7587890625,12.2
3,0.10194148868322372,0.0,0.1090172603726387,0.0,0,0,1,0,0,0,1,1,1,1,0,0,False,0.16923189,0.14070408,0.4051468,0.04701994,0.094834685,4.628838816151531e-13,0.3618614,0.19337842,0.03194623,0.036915835,24.2,0.7587890625,12.2
4,0.11228523403406143,0.0,0.1090172603726387,0.0,0,0,1,0,0,0,1,1,1,1,0,0,False,0.28501517,0.17656748,0.6374591,0.12485818,0.20622155,4.1659546905908895e-13,0.36109936,0.1947254,0.088138305,0.0736163,24.3,0.7587890625,12.2
5,0.10149002075195312,0.0,0.1090172603726387,0.0,0,0,1,0,0,0,1,1,1,1,0,0,False,0.12845892,0.13401115,0.36244863,0.013732485,0.05059532,3.7493592215318006e-13,0.35919064,0.19415864,-0.12554465,0.1481502,24.2,0.7587890625,12.2
6,0.10579361766576767,0.0,0.1090172603726387,0.0,0,0,0,0,0,0,1,1,1,1,0,0,False,0.17659537,0.09608443,0.3821646,0.10160353,0.14433953,3.3744232993786204e-13,0.3617863,0.19342104,-0.13943586,0.12048205,24.3,0.7587890625,12.2
7,0.1074129119515419,0.0,0.1090172603726387,0.0,0,0,0,0,0,0,1,1,1,1,0,0,False,0.15562484,0.0706774,0.29549262,0.08928485,0.13524848,3.036981067018954e-13,0.36111182,0.19413164,0.04265471,0.045058325,24.3,0.7587890625,12.2
8,0.08582686632871628,0.0,0.1090172603726387,0.0,0,0,1,0,0,0,1,1,1,1,0,0,False,0.14080036,0.13683963,0.35052386,0.011387963,0.08164518,2.7332828383443144e-13,0.36143428,0.19459258,0.04090223,0.060101476,24.3,0.7587890625,12.2
9,0.08839073777198792,0.0,0.1090172603726387,0.0,0,0,0,0,0,0,1,1,1,1,0,0,False,0.24057852,0.2137605,0.6015186,0.037004713,0.13488606,2.4599546032989804e-13,0.36064473,0.19550607,0.010214956,0.043302435,24.3,0.7587890625,12.2
10,0.11740245670080185,0.0,0.1090172603726387,0.0,0,0,1,0,0,0,1,1,1,1,0,0,False,0.10923777,0.09469693,0.3075187,0.032136712,0.06593624,2.213959240547278e-13,0.36194438,0.19350675,0.03304225,0.035574246,24.3,0.7587890625,12.2
11,0.10442950576543808,0.0,0.1090172603726387,0.0,0,0,1,0,0,0,1,1,1,1,0,0,False,0.13262983,0.06821923,0.28180376,0.07277239,0.11028646,1.9925633408870991e-13,0.36024106,0.19468668,-0.10512968,0.09510928,24.3,0.7587890625,12.2
12,0.09770195186138153,0.0,0.1090172603726387,0.0,0,0,0,0,0,0,1,1,1,1,0,0,False,0.14401336,0.14557208,0.34568322,0.003863063,0.0745397,1.7933069580092915e-13,0.36053503,0.19558258,0.06558416,0.046787504,24.2,0.7587890625,12.2
13,0.09905266016721725,0.0,0.1090172603726387,0.0,0,0,0,0,0,0,1,1,1,1,0,0,False,0.13440755,0.11441982,0.32367647,0.031195082,0.07363035,1.6139762866029111e-13,0.3616856,0.19422707,0.10583797,0.08225176,24.3,0.7587890625,12.2
14,0.08926552534103394,0.0,0.1090172603726387,0.0,0,0,0,0,0,0,1,1,1,1,0,0,False,0.2339961,0.15837158,0.4784928,0.07184842,0.16199565,1.4525786579426202e-13,0.36217007,0.19312936,0.15774934,0.14740606,24.2,0.7587890625,12.2
15,0.08165664970874786,0.0,0.1090172603726387,0.0,0,0,0,0,0,0,1,1,1,1,0,0,False,0.12759928,0.117160454,0.30688825,0.015641825,0.0661737,1.3073208287401813e-13,0.36222497,0.19317251,-0.005184951,0.03661431,24.3,0.7587890625,12.2
16,0.10046617686748505,0.0,0.1090172603726387,0.0,0,0,1,0,0,0,1,1,1,1,0,0,False,0.11823329,0.0943887,0.25304613,0.034602083,0.06259662,1.1765887336688888e-13,0.35968888,0.1948191,-0.11725963,0.12057332,24.2,0.7587890625,12.2
17,0.08545967191457748,0.0,0.1090172603726387,0.0,0,0,1,0,0,0,1,1,1,1,0,0,False,0.13984795,0.12782557,0.3496858,0.020093285,0.07005893,1.0589297993156277e-13,0.36167097,0.19390474,-0.02541033,0.024511814,24.3,0.7587890625,12.2
18,0.11238715797662735,0.0,0.1090172603726387,0.0,0,0,1,0,0,0,1,1,1,1,0,0,False,0.19118762,0.088343635,0.37750342,0.12159172,0.1629386,9.530368437786138e-14,0.35973537,0.19644728,-0.054266106,0.027230853,24.2,0.7587890625,12.2
19,0.08203049004077911,0.0,0.1090172603726387,0.0,0,0,1,0,0,0,1,1,1,1,0,0,False,0.3336142,0.26907015,0.7707361,0.07610552,0.18795706,8.577331350062036e-14,0.35978132,0.19465758,-0.019013343,0.024230942,24.2,0.7587890625,12.2
20,0.13366179168224335,0.0,0.1090172603726387,0.0,0,0,1,0,0,0,1,1,1,1,0,0,False,0.35105625,0.19886605,0.76912874,0.17287956,0.27530086,7.719598276042205e-14,0.35975203,0.19592662,-0.18133938,0.15480268,24.3,0.7587890625,12.2
21,0.11145996302366257,0.0,0.1090172603726387,0.0,0,0,1,0,0,0,1,1,1,1,0,0,False,0.26970816,0.19514334,0.63889164,0.10114891,0.17871052,6.947638265478867e-14,0.36079535,0.19439384,-0.026893416,0.14712518,24.2,0.7587890625,12.2
22,0.10616430640220642,0.0,0.1090172603726387,0.0,0,0,0,0,0,0,1,1,1,1,0,0,False,0.112077594,0.04027654,0.19201961,0.07516887,0.10055463,6.252874194985491e-14,0.3621204,0.19283792,-0.1971869,0.16173999,24.2,0.7587890625,12.2
23,0.12507572770118713,0.0,0.1090172603726387,0.0,0,0,1,0,0,0,1,1,1,1,0,0,False,0.16873951,0.073679924,0.32675573,0.11106283,0.13862434,5.6275870194324316e-14,0.36221862,0.19284049,0.0012928447,0.035707176,24.1,0.7587890625,12.2
24,0.08506237715482712,0.0,0.1090172603726387,0.0,0,0,1,0,0,0,1,1,1,1,0,0,False,0.27602574,0.18559968,0.53614265,0.0894343,0.18888304,5.064828256502816e-14,0.3605582,0.1955293,-0.02138525,0.031120619,24.2,0.7587890625,12.2
25,0.10059797018766403,0.0,0.1090172603726387,0.0,0,0,1,0,0,0,1,1,1,1,0,0,False,0.08609017,0.06924372,0.22608534,0.01729704,0.07181506,4.5583452783866037e-14,0.36164758,0.19425914,0.017638253,0.030313404,24.3,0.7587890625,12.2
26,0.10454130917787552,0.0,0.1090172603726387,0.0,0,0,0,0,0,0,1,1,1,1,0,0,False,0.17222564,0.11568921,0.40377697,0.06282819,0.12049146,4.102510872520688e-14,0.3608834,0.19483754,-0.005029112,0.01987448,24.2,0.7587890625,12.2
27,0.09960583597421646,0.0,0.1090172603726387,0.0,0,0,0,0,0,0,1,1,1,1,0,0,False,0.20690727,0.14428684,0.44383135,0.04879281,0.14564641,3.692259815761805e-14,0.36189732,0.19340023,0.06030276,0.07031715,24.3,0.7587890625,12.2
28,0.11583378911018372,0.0,0.1090172603726387,0.0,0,0,1,0,0,0,1,1,1,1,0,0,False,0.095093876,0.10094201,0.28084004,0.014025237,0.03999895,3.3230339866515555e-14,0.36059684,0.19550467,-0.08058158,0.11184022,24.4,0.7587890625,12.2
29,0.08842828869819641,0.0,0.1090172603726387,0.0,0,0,1,0,0,0,1,1,1,1,0,0,False,0.113016956,0.062476505,0.22372033,0.034534935,0.10857841,2.9907305270000274e-14,0.36135137,0.19421948,-0.01685127,0.02443143,24.3,0.7587890625,12.2
30,0.08895649760961533,0.0,0.1090172603726387,0.0,0,0,0,0,0,0,1,1,1,1,0,0,False,0.1426199,0.06103443,0.21331176,0.049254585,0.14787088,2.6916573218340942e-14,0.35977143,0.19448464,-0.17964816,0.15672591,24.3,0.7587890625,12.2
31,0.10748090595006943,0.0,0.1090172603726387,0.0,0,0,1,0,0,0,1,1,1,1,0,0,False,0.25971982,0.110909596,0.473001,0.14170703,0.23186943,2.4224915286643126e-14,0.36200637,0.19383547,-0.077432916,0.05036224,18.1,0.7587890625,12.2
32,0.1153734028339386,0.0,0.1090172603726387,0.0,0,0,0,0,0,0,1,1,1,1,0,0,False,0.17096017,0.08294558,0.35127527,0.102873534,0.14162964,2.1802423757978814e-14,0.3569387,0.19420215,-0.022904625,0.16978222,13.6,0.7587890625,12.2
33,0.10003648698329926,0.0,0.1090172603726387,0.0,0,0,1,0,0,0,1,1,1,1,0,0,False,0.103897296,0.073880404,0.21553329,0.03598299,0.06419959,1.962218077231721e-14,0.35787678,0.1958201,0.05507556,0.058130633,13.7,0.7587890625,12.2
34,0.09414491802453995,0.0,0.1090172603726387,0.0,0,0,0,0,0,0,1,1,1,1,0,0,False,0.07256303,0.06281602,0.18334685,0.011780572,0.050101537,1.765996254261956e-14,0.36116618,0.1937942,-0.011437292,0.13929796,14.7,0.7587890625,12.2
35,0.10086645185947418,0.0,0.1090172603726387,0.0,0,0,0,0,0,0,1,1,1,1,0,0,False,0.30503383,0.20575388,0.61445606,0.0744713,0.21828283,1.5893966440823534e-14,0.36034682,0.19521764,-0.035447042,0.019750126,13.5,0.7587890625,12.2
36,0.12228014320135117,0.0,0.1090172603726387,0.0,0,0,1,0,0,0,1,1,1,1,0,0,False,0.15746842,0.13357143,0.35755292,0.014204738,0.10494871,1.4304570101673042e-14,0.36194617,0.19334504,0.032113716,0.051170643,13.5,0.7587890625,12.2
37,0.0893731564283371,0.0,0.1090172603726387,0.0,0,0,1,0,0,0,1,1,1,1,0,0,False,0.14823942,0.12311476,0.33086273,0.03233809,0.08132662,1.2874113396437598e-14,0.36181277,0.1934168,0.04704182,0.04852592,16.6,0.7587890625,12.2
38,0.10566624999046326,0.0,0.1090172603726387,0.0,0,0,1,0,0,0,1,1,1,1,0,0,False,0.23347656,0.16962615,0.5119001,0.060774714,0.15523097,1.1586701751861977e-14,0.36242646,0.19253853,0.041229088,0.0406679,24.9,0.7587890625,12.2
39,0.10719810426235199,0.0,0.1090172603726387,0.0,0,0,0,0,0,0,1,1,1,1,0,0,False,0.28283775,0.215731,0.6496627,0.09558048,0.17462426,1.042803157667578e-14,0.36169615,0.19370046,0.056545954,0.06186989,24.2,0.7587890625,12.2
40,0.08087095618247986,0.0,0.1090172603726387,0.0,0,0,1,0,0,0,1,1,1,1,0,0,False,0.09771657,0.09996761,0.26288727,0.0017797208,0.052237116,9.385228647707098e-15,0.3597049,0.19422059,0.0063874912,0.03050583,24.3,0.7587890625,12.2
41,0.08617255836725235,0.0,0.1090172603726387,0.0,0,0,0,0,0,0,1,1,1,1,0,0,False,0.1443824,0.14278832,0.34606463,0.0036505128,0.080422185,8.446705554237492e-15,0.35943308,0.19624408,-0.06828118,0.051466186,24.1,0.7587890625,12.2
42,0.09344738721847534,0.0,0.1090172603726387,0.0,0,0,0,0,0,0,1,1,1,1,0,0,False,0.12744379,0.086563304,0.26895466,0.042359274,0.084937364,7.602035151279673e-15,0.360884,0.19509418,0.028650409,0.055749703,25.3,0.7587890625,12.2
43,0.09733614325523376,0.0,0.1090172603726387,0.0,0,0,0,0,0,0,1,1,1,1,0,0,False,0.18233792,0.17571059,0.47026733,0.018900823,0.104112014,6.841831636151706e-15,0.35964486,0.19592598,0.009406679,0.04935886,24.1,0.7587890625,12.2
44,0.12922954559326172,0.0,0.1090172603726387,0.0,0,0,1,0,0,0,1,1,1,1,0,0,False,0.11560691,0.07711567,0.26255488,0.034746364,0.095665224,6.15764839630357e-15,0.36166298,0.19378316,-0.034753,0.035673548,24.2,0.7587890625,12.2
45,0.13721999526023865,0.0,0.1090172603726387,0.0,0,0,0,0,0,0,1,1,1,1,0,0,False,0.25136986,0.14054333,0.55716264,0.12141678,0.20890754,5.541883480440248e-15,0.3601887,0.1954396,0.11515998,0.097979516,24.2,0.7587890625,12.2
46,0.0962829515337944,0.0,0.1090172603726387,0.0,0,0,1,0,0,0,1,1,1,1,0,0,False,0.2667081,0.19629137,0.5469619,0.07033668,0.17217973,4.9876949799302926e-15,0.35951108,0.19495852,-0.012911069,0.030467764,24.2,0.7587890625,12.2
47,0.12000642716884613,0.0,0.1090172603726387,0.0,0,0,1,0,0,0,1,1,1,1,0,0,False,0.11089557,0.047775496,0.21078825,0.058356766,0.099479005,4.488925558170229e-15,0.36250973,0.19265154,0.027303064,0.05194186,24.2,0.7587890625,12.2
48,0.09893060475587845,0.0,0.1090172603726387,0.0,0,0,1,0,0,0,1,1,1,1,0,0,False,0.26237547,0.18408579,0.5405688,0.07655467,0.17543095,4.040033078586171e-15,0.361626,0.19373766,0.091652624,0.0863334,24.3,0.7587890625,12.2
49,0.1007487028837204,0.0,0.1090172603726387,0.0,0,0,0,0,0,0,1,1,1,1,0,0,False,0.0925464,0.037427705,0.14355169,0.057704452,0.07573997,3.636029618261624e-15,0.3600811,0.19467834,0.028375557,0.023233794,24.3,0.7587890625,12.2
0,0.11882409453392029,0.0,0.1090172603726387,0.0,0,0,1,0,0,0,1,1,1,1,0,0,False,0.1081146,0.070798956,0.23817867,0.027592223,0.10383859,3.2724265802024955e-15,0.361589,0.19380608,-0.09810097,0.08895702,21.7,0.7587890625,12.2
1,0.09683621674776077,0.0,0.1090172603726387,0.0,0,0,1,0,0,0,1,1,1,1,0,0,False,0.22357166,0.1459308,0.4254957,0.076543085,0.15987748,2.9451839984152115e-15,0.361934,0.19354463,-0.009760827,0.13749759,24.3,0.7587890625,12.2
2,0.08970163017511368,0.0,0.1090172603726387,0.0,0,0,0,0,0,0,1,1,1,1,0,0,False,0.14804241,0.12974374,0.35790232,0.031909928,0.07335468,2.6506655604572078e-15,0.36225563,0.19321765,0.09725425,0.08902136,24.2,0.7587890625,12.2
3,0.0876927375793457,0.0,0.1090172603726387,0.0,0,0,0,0,0,0,1,1,1,1,0,0,False,0.11192312,0.10105995,0.25746384,0.025166562,0.052337267,2.385598966295004e-15,0.36167845,0.19405197,-0.019713776,0.076760374,24.3,0.7587890625,12.2
4,0.09074517339468002,0.0,0.1090172603726387,0.0,0,0,0,0,0,0,1,1,1,1,0,0,False,0.1220538,0.11271783,0.3084969,0.023634193,0.059465744,2.1470391458984692e-15,0.3608634,0.19454542,-0.017588884,0.024231879,24.3,0.7587890625,12.2
5,0.09394668787717819,0.0,0.1090172603726387,0.0,0,0,0,0,0,0,1,1,1,1,0,0,False,0.1579866,0.13470225,0.38105,0.044304267,0.084873065,1.932335288483346e-15,0.3618792,0.19359869,0.040086266,0.05466884,24.4,0.7587890625,12.2
6,0.08508052676916122,0.0,0.1090172603726387,0.0,0,0,0,0,0,0,1,1,1,1,0,0,False,0.088537,0.07213475,0.22377011,0.03089493,0.0470756,1.7391016834020462e-15,0.3624614,0.1923263,0.019412177,0.06567874,24.2,0.7587890625,12.2
7,0.11259013414382935,0.0,0.1090172603726387,0.0,0,0,1,0,0,0,1,1,1,1,0,0,False,0.15502006,0.061761834,0.27930433,0.100472815,0.13067946,1.5651915150618416e-15,0.360018,0.19571486,0.109838426,0.106267385,24.2,0.7587890625,12.2
8,0.12006055563688278,0.0,0.1090172603726387,0.0,0,0,0,0,0,0,1,1,1,1,0,0,False,0.20147872,0.15912381,0.5001316,0.041271478,0.15037423,1.408672373084778e-15,0.36161703,0.19384441,0.043707926,0.05390209,24.2,0.7587890625,12.2
9,0.08453862369060516,0.0,0.1090172603726387,0.0,0,0,1,0,0,0,1,1,1,1,0,0,False,0.14293031,0.11840254,0.3348329,0.035083905,0.078843236,1.2678050976598176e-15,0.35780627,0.19463022,0.07671243,0.07436251,24.3,0.7587890625,12.2
10,0.10201635211706161,0.0,0.1090172603726387,0.0,0,0,1,0,0,0,1,1,1,1,0,0,False,0.102042936,0.059158895,0.20523943,0.034687106,0.08750536,1.1410246260103185e-15,0.35998243,0.19560423,-0.0486034,0.041378055,25.2,0.7587890625,12.2
11,0.09359536319971085,0.0,0.1090172603726387,0.0,0,0,0,0,0,0,1,1,1,1,0,0,False,0.07987047,0.0838872,0.23961033,0.01871317,0.028418366,1.0269221729384074e-15,0.3602105,0.19472398,-0.13637637,0.1465833,24.4,0.7587890625,12.2
12,0.11282641440629959,0.0,0.1090172603726387,0.0,0,0,1,0,0,0,1,1,1,1,0,0,False,0.1593802,0.106454544,0.3643927,0.06429265,0.11111881,9.242299842319286e-16,0.35809433,0.19398978,0.043066394,0.048058625,24.2,0.7587890625,12.2
13,0.11272713541984558,0.0,0.1090172603726387,0.0,0,0,0,0,0,0,1,1,1,1,0,0,False,0.105877854,0.07826094,0.24473906,0.040117405,0.06305332,8.318069476922531e-16,0.3610548,0.19461687,-0.05047403,0.113478005,24.2,0.7587890625,12.2
14,0.09869299829006195,0.0,0.1090172603726387,0.0,0,0,1,0,0,0,1,1,1,1,0,0,False,0.14086576,0.11625293,0.32417342,0.035792515,0.07875258,7.486262529230277e-16,0.3616971,0.19389968,-0.17027187,0.1529765,24.3,0.7587890625,12.2
15,0.10236205160617828,0.0,0.1090172603726387,0.0,0,0,0,0,0,0,1,1,1,1,0,0,False,0.0986132,0.07681385,0.21071115,0.030302916,0.053801797,6.737636228661646e-16,0.36032343,0.19545989,-0.010272498,0.13838607,25.2,0.7587890625,12.2
16,0.10997277498245239,0.0,0.1090172603726387,0.0,0,0,0,0,0,0,1,1,1,1,0,0,False,0.13664557,0.11527564,0.30574247,0.016783176,0.08405232,6.063872605795482e-16,0.36006707,0.19572741,-0.04273541,0.12693705,24.3,0.7587890625,12.2
17,0.08868687599897385,0.0,0.1090172603726387,0.0,0,0,1,0,0,0,1,1,1,1,0,0,False,0.17142825,0.10892177,0.37732387,0.066610105,0.12504683,5.45748558344395e-16,0.36078385,0.19505276,-0.024679555,0.02403862,17.3,0.7587890625,12.2
18,0.09840542823076248,0.0,0.1090172603726387,0.0,0,0,0,0,0,0,1,1,1,1,0,0,False,0.13789245,0.10986378,0.33386913,0.04415449,0.082684875,4.911737120390761e-16,0.36098742,0.1946837,0.038028482,0.032746945,14.4,0.7587890625,12.2
19,0.0993637964129448,0.0,0.1090172603726387,0.0,0,0,0,0,0,0,1,1,1,1,0,0,False,0.13239954,0.13300009,0.32422015,0.0026529897,0.07464845,4.4205633607060825e-16,0.36190638,0.19349119,-0.17567241,0.17719953,13.9,0.7587890625,12.2
20,0.10083036124706268,0.0,0.1090172603726387,0.0,0,0,0,0,0,0,1,1,1,1,0,0,False,0.1406845,0.1422671,0.35886344,0.0026464462,0.07914396,3.978506976989871e-16,0.3602335,0.19571984,0.08670453,0.09352553,20.0,0.7587890625,12.2
21,0.09854303300380707,0.0,0.1090172603726387,0.0,0,0,0,0,0,0,1,1,1,1,0,0,False,0.10549574,0.07157557,0.2319018,0.029520048,0.07827479,3.580656183999677e-16,0.3619786,0.19379725,-0.05416228,0.02687379,24.3,0.7587890625,12.2
22,0.121414415538311,0.0,0.1090172603726387,0.0,0,0,1,0,0,0,1,1,1,1,0,0,False,0.11200711,0.06774237,0.2459599,0.038156986,0.10121544,3.222590660890916e-16,0.36075512,0.1943084,0.123560034,0.09981009,24.3,0.7587890625,12.2
23,0.11388710886240005,0.0,0.1090172603726387,0.0,0,0,0,0,0,0,1,1,1,1,0,0,False,0.28910396,0.20747493,0.71109474,0.09551228,0.20076945,2.9003315233334197e-16,0.36217314,0.19307779,-0.013605257,0.020045497,24.3,0.7587890625,12.2
24,0.09640635550022125,0.0,0.1090172603726387,0.0,0,0,1,0,0,0,1,1,1,1,0,0,False,0.10842555,0.09701334,0.2538046,0.013955998,0.06995822,2.6102984424684827e-16,0.3606016,0.1953781,0.036882002,0.08914444,24.2,0.7587890625,12.2
25,0.09937851130962372,0.0,0.1090172603726387,0.0,0,0,0,0,0,0,1,1,1,1,0,0,False,0.11300292,0.043057237,0.1751203,0.047521267,0.12125905,2.349268669690039e-16,0.3587173,0.19369222,-0.056276754,0.08699451,24.3,0.7587890625,12.2
26,0.12057963013648987,0.0,0.1090172603726387,0.0,0,0,1,0,0,0,1,1,1,1,0,0,False,0.157079,0.08937865,0.3496066,0.072837345,0.12852502,2.1143417788982336e-16,0.35891786,0.19492748,-0.015588091,0.01619193,24.3,0.7587890625,12.2
27,0.09879682213068008,0.0,0.1090172603726387,0.0,0,0,1,0,0,0,1,1,1,1,0,0,False,0.09441372,0.072459415,0.20980911,0.026132047,0.05400029,1.9029076248312118e-16,0.36111802,0.19446027,-0.03621667,0.021659741,24.3,0.7587890625,12.2
28,0.08318785578012466,0.0,0.1090172603726387,0.0,0,0,1,0,0,0,1,1,1,1,0,0,False,0.12241623,0.1240106,0.3056747,0.003366561,0.066398904,1.7126169219050947e-16,0.36145252,0.1944537,0.0459628,0.07385754,24.2,0.7587890625,12.2
29,0.10369948297739029,0.0,0.1090172603726387,0.0,0,0,1,0,0,0,1,1,1,1,0,0,False,0.16728862,0.12733449,0.38756678,0.049312625,0.10496676,1.5413552773601887e-16,0.36084718,0.19499712,0.14599296,0.12107583,27.5,0.7587890625,12.2
30,0.09897281974554062,0.0,0.1090172603726387,0.0,0,0,0,0,0,0,1,1,1,1,0,0,False,0.06746098,0.068708524,0.20829648,0.016303968,0.03198013,1.387219725801368e-16,0.36198378,0.19343802,0.013378571,0.021891488,28.1,0.7587890625,12.2
31,0.12428826093673706,0.0,0.1090172603726387,0.0,0,0,1,0,0,0,1,1,1,1,0,0,False,0.3057825,0.1746529,0.6727864,0.145107,0.23111252,1.248497765132632e-16,0.36171934,0.19437039,0.1184862,0.11904609,28.2,0.7587890625,12.2
32,0.09477388113737106,0.0,0.1090172603726387,0.0,0,0,1,0,0,0,1,1,1,1,0,0,False,0.08989128,0.054541178,0.17327857,0.03443752,0.06325525,1.1236479409737657e-16,0.36024055,0.19548158,-0.12072662,0.11670598,26.6,0.7587890625,12.2
33,0.11226281523704529,0.0,0.1090172603726387,0.0,0,0,1,0,0,0,1,1,1,1,0,0,False,0.2181579,0.089831285,0.3893853,0.12027209,0.19165641,1.0112831706991907e-16,0.35818782,0.19300154,0.017662922,0.06593482,24.2,0.7587890625,12.2
34,0.09446592628955841,0.0,0.1090172603726387,0.0,0,0,1,0,0,0,1,1,1,1,0,0,False,0.062850006,0.05573315,0.16894995,0.0040857946,0.044581614,9.101548417178707e-17,0.3622114,0.1931074,-0.019211324,0.012513939,24.2,0.7587890625,12.2
35,0.10528614372015,0.0,0.1090172603726387,0.0,0,0,1,0,0,0,1,1,1,1,0,0,False,0.08839375,0.047415882,0.16297095,0.037880227,0.066420116,8.191393515903833e-17,0.36090422,0.19479844,-0.004262377,0.041890606,24.1,0.7587890625,12.2
36,0.09144211560487747,0.0,0.1090172603726387,0.0,0,0,1,0,0,0,1,1,1,1,0,0,False,0.21284147,0.10647105,0.3881001,0.061281215,0.21323903,7.372254223870453e-17,0.36188856,0.1929327,-0.011037569,0.057726752,24.2,0.7587890625,12.2
37,0.12157134711742401,0.0,0.1090172603726387,0.0,0,0,1,0,0,0,1,1,1,1,0,0,False,0.11936205,0.11138434,0.3432187,0.03288327,0.058367163,6.635029039711425e-17,0.36187017,0.1933649,0.09183243,0.08655548,24.3,0.7587890625,12.2
38,0.11458075791597366,0.0,0.1090172603726387,0.0,0,0,0,0,0,0,1,1,1,1,0,0,False,0.09610784,0.039793674,0.15552157,0.05368457,0.07835987,5.971525897512266e-17,0.36160636,0.19365469,0.07644396,0.07037011,24.3,0.7587890625,12.2
39,0.09744646400213242,0.0,0.1090172603726387,0.0,0,0,1,0,0,0,1,1,1,1,0,0,False,0.11509353,0.10559415,0.26874343,0.0140448185,0.07026418,5.3743734268750474e-17,0.36003113,0.19583954,0.02634268,0.04364867,24.3,0.7587890625,12.2
40,0.12815283238887787,0.0,0.1090172603726387,0.0,0,0,1,0,0,0,1,1,1,1,0,0,False,0.3294897,0.1798064,0.684402,0.173222,0.25532556,4.836936084187543e-17,0.35967073,0.19571689,0.0010664642,0.026571767,24.2,0.7587890625,12.2
41,0.08213944733142853,0.0,0.1090172603726387,0.0,0,0,1,0,0,0,1,1,1,1,0,0,False,0.21202125,0.14877126,0.4495162,0.057697237,0.14457959,4.3532423864332825e-17,0.36212057,0.19295274,-0.009304049,0.03702605,24.3,0.7587890625,12.2
42,0.091000497341156,0.0,0.1090172603726387,0.0,0,0,0,0,0,0,1,1,1,1,0,0,False,0.24553527,0.21405087,0.584065,0.03981745,0.13561197,3.9179182073469585e-17,0.3614248,0.19419017,0.031966142,0.05134618,24.3,0.7587890625,12.2
43,0.11718112975358963,0.0,0.1090172603726387,0.0,0,0,1,0,0,0,1,1,1,1,0,0,False,0.14739527,0.13701455,0.38275278,0.0068641426,0.10536654,3.5261263270552583e-17,0.36035782,0.19584094,0.0587178,0.062716186,24.3,0.7587890625,12.2
44,0.10317058861255646,0.0,0.1090172603726387,0.0,0,0,1,0,0,0,1,1,1,1,0,0,False,0.14822926,0.13905585,0.365931,0.02125202,0.0805203,3.173513724128235e-17,0.36007932,0.19468147,-0.08100291,0.11348495,24.2,0.7587890625,12.2
45,0.08851347863674164,0.0,0.1090172603726387,0.0,0,0,1,0,0,0,1,1,1,1,0,0,False,0.067096464,0.05099426,0.1695968,0.016534874,0.05272481,2.8561624410509174e-17,0.36144024,0.19461718,-0.10067818,0.147567,24.3,0.7587890625,12.2
46,0.13435955345630646,0.0,0.1090172603726387,0.0,0,0,1,0,0,0,1,1,1,1,0,0,False,0.20947479,0.109797694,0.44814694,0.1071517,0.17187044,2.5705461076103194e-17,0.36032864,0.19566992,0.07015951,0.11912701,24.2,0.7587890625,12.2
47,0.0862501710653305,0.0,0.1090172603726387,0.0,0,0,1,0,0,0,1,1,1,1,0,0,False,0.11339054,0.050870985,0.16890432,0.03658328,0.12422242,2.3134915266277896e-17,0.36052456,0.19518094,0.020729419,0.039362665,24.3,0.7587890625,12.2
48,0.12566298246383667,0.0,0.1090172603726387,0.0,0,0,1,0,0,0,1,1,1,1,0,0,False,0.16173989,0.094610535,0.3544265,0.06973341,0.1200369,2.0821423441865086e-17,0.36193073,0.19352186,-0.2615973,0.25222394,24.3,0.7587890625,12.2
49,0.10556977242231369,0.0,0.1090172603726387,0.0,0,0,1,0,0,0,1,1,1,1,0,0,False,0.1306968,0.12832157,0.36406147,0.022427501,0.059560187,1.8739280799893557e-17,0.36110198,0.194846,-0.18102694,0.16489807,24.3,0.7587890625,12.2
0,0.13061751425266266,0.0,0.1090172603726387,0.0,0,0,1,0,0,0,1,1,1,1,0,0,False,0.14960797,0.09905566,0.3198154,0.026559914,0.13078512,1.686535242211918e-17,0.3605658,0.19537626,-0.017564781,0.09427827,21.2,0.7587890625,12.2
1,0.08144078403711319,0.0,0.1090172603726387,0.0,0,0,1,0,0,0,1,1,1,1,0,0,False,0.12361157,0.11756983,0.31608275,0.013845852,0.06079277,1.517881717990726e-17,0.36059213,0.19553621,0.04511209,0.09037126,13.7,0.7587890625,12.2
2,0.0960230827331543,0.0,0.1090172603726387,0.0,0,0,1,0,0,0,1,1,1,1,0,0,False,0.14238922,0.13785635,0.34620908,0.016301574,0.07606299,1.3660935461916535e-17,0.36082882,0.19485794,-0.0047213933,0.01416805,13.6,0.7587890625,12.2
3,0.11542490124702454,0.0,0.1090172603726387,0.0,0,0,1,0,0,0,1,1,1,1,0,0,False,0.17413461,0.1388105,0.43806827,0.039166253,0.1245464,1.2294842213509903e-17,0.36194327,0.19329807,0.044066954,0.04525617,13.6,0.7587890625,12.2
4,0.09848156571388245,0.0,0.1090172603726387,0.0,0,0,1,0,0,0,1,1,1,1,0,0,False,0.072317824,0.07743544,0.22688846,0.0056804847,0.031750195,1.1065357843266402e-17,0.3619878,0.1937695,-0.009242985,0.034452405,13.6,0.7587890625,12.2
5,0.11189493536949158,0.0,0.1090172603726387,0.0,0,0,1,0,0,0,1,1,1,1,0,0,False,0.22095437,0.1297377,0.4740255,0.093870774,0.17282984,9.958822207832272e-18,0.36002913,0.19626303,0.10098184,0.079936855,13.6,0.7587890625,12.2
6,0.10163333266973495,0.0,0.1090172603726387,0.0,0,0,1,0,0,0,1,1,1,1,0,0,False,0.08251595,0.034633934,0.14488664,0.0495781,0.070011534,8.96293976371028e-18,0.3622267,0.19320384,0.09402853,0.073139004,19.8,0.7587890625,12.2
7,0.118266761302948,0.0,0.1090172603726387,0.0,0,0,1,0,0,0,1,1,1,1,0,0,False,0.19904567,0.12895742,0.4628926,0.07642999,0.1442669,8.066645564000486e-18,0.360894,0.1945823,0.030032923,0.023046603,24.3,0.7587890625,12.2
8,0.0939515084028244,0.0,0.1090172603726387,0.0,0,0,1,0,0,0,1,1,1,1,0,0,False,0.12487831,0.05561035,0.20219414,0.042067107,0.13125485,7.259980933154182e-18,0.36154467,0.19347897,0.02502585,0.044111777,24.3,0.7587890625,12.2
9,0.08504415303468704,0.0,0.1090172603726387,0.0,0,0,0,0,0,0,1,1,1,1,0,0,False,0.17929707,0.14175694,0.38661855,0.045228958,0.10702032,6.5339825420537436e-18,0.3602469,0.19529912,0.02507061,0.02353889,24.2,0.7587890625,12.2
10,0.09216228127479553,0.0,0.1090172603726387,0.0,0,0,0,0,0,0,1,1,1,1,0,0,False,0.16455346,0.16719255,0.4118816,0.00057552336,0.08990428,5.880584138955859e-18,0.36130083,0.1938913,0.028918946,0.031996857,24.3,0.7587890625,12.2
11,0.10323603451251984,0.0,0.1090172603726387,0.0,0,0,1,0,0,0,1,1,1,1,0,0,False,0.22028601,0.11373369,0.4525939,0.112982765,0.18764843,5.292525725060273e-18,0.36161092,0.19388509,-0.12775807,0.15239207,24.2,0.7587890625,12.2
12,0.10584156960248947,0.0,0.1090172603726387,0.0,0,0,0,0,0,0,1,1,1,1,0,0,False,0.10393583,0.072342336,0.24395965,0.035868112,0.074148625,4.763273152554246e-18,0.3610963,0.19462469,-0.022257699,0.045918215,24.3,0.7587890625,12.2
13,0.10615368187427521,0.0,0.1090172603726387,0.0,0,0,0,0,0,0,1,1,1,1,0,0,False,0.09484943,0.046220265,0.16881497,0.03643454,0.08663783,4.286945911745077e-18,0.36194155,0.19361617,-0.08680392,0.14572294,24.2,0.7587890625,12.2
14,0.09994331002235413,0.0,0.1090172603726387,0.0,0,0,0,0,0,0,1,1,1,1,0,0,False,0.14418936,0.14125742,0.38423592,0.0089222845,0.08899854,3.858251246124313e-18,0.36254245,0.19269767,0.047816157,0.031538982,24.2,0.7587890625,12.2
15,0.08915578573942184,0.0,0.1090172603726387,0.0,0,0,1,0,0,0,1,1,1,1,0,0,False,0.14179443,0.11710439,0.3323435,0.03473836,0.08130935,3.4724260842887544e-18,0.3624728,0.19254473,-0.07845828,0.046609033,24.3,0.7587890625,12.2
16,0.10483363270759583,0.0,0.1090172603726387,0.0,0,0,1,0,0,0,1,1,1,1,0,0,False,0.17782384,0.07818845,0.3232918,0.085591525,0.16345133,3.1251834386367517e-18,0.36046323,0.19543795,0.064100064,0.07198829,24.3,0.7587890625,12.2
17,0.10948368161916733,0.0,0.1090172603726387,0.0,0,0,0,0,0,0,1,1,1,1,0,0,False,0.09376756,0.03423997,0.14341319,0.058904342,0.08227141,2.812665131996204e-18,0.36142045,0.19415405,-0.15456243,0.15028252,24.2,0.7587890625,12.2
18,0.09778371453285217,0.0,0.1090172603726387,0.0,0,0,1,0,0,0,1,1,1,1,0,0,False,0.09352448,0.061871402,0.21025144,0.025521712,0.0817613,2.5313986187965835e-18,0.36125094,0.19392404,-0.13470097,0.1190072,24.3,0.7587890625,12.2
19,0.1011572852730751,0.0,0.1090172603726387,0.0,0,0,0,0,0,0,1,1,1,1,0,0,False,0.14631303,0.06336777,0.22685523,0.053260036,0.15456346,2.2782588313631806e-18,0.35979208,0.19502828,-0.15121812,0.15131405,24.3,0.7587890625,12.2
20,0.11715031415224075,0.0,0.1090172603726387,0.0,0,0,1,0,0,0,1,1,1,1,0,0,False,0.13186242,0.08681315,0.3068132,0.04002929,0.12252692,2.0504330040615536e-18,0.35965428,0.19502515,-0.21047425,0.20643921,24.3,0.7587890625,12.2
21,0.1135547086596489,0.0,0.1090172603726387,0.0,0,0,0,0,0,0,1,1,1,1,0,0,False,0.24314123,0.12983048,0.5133997,0.13653125,0.1998685,1.8453897781016535e-18,0.3619666,0.19364814,0.06305385,0.061729353,24.2,0.7587890625,12.2
22,0.1056055799126625,0.0,0.1090172603726387,0.0,0,0,0,0,0,0,1,1,1,1,0,0,False,0.11792311,0.104541115,0.30358842,0.030895632,0.062075723,1.6608507258452329e-18,0.35977763,0.19639653,0.02167652,0.046982203,24.3,0.7587890625,12.2
23,0.09730929136276245,0.0,0.1090172603726387,0.0,0,0,0,0,0,0,1,1,1,1,0,0,False,0.07490501,0.055005096,0.18784143,0.032841124,0.049380824,1.4947656904838373e-18,0.36224878,0.19326024,0.02538091,0.036559936,24.2,0.7587890625,12.2
24,0.10349269211292267,0.0,0.1090172603726387,0.0,0,0,0,0,0,0,1,1,1,1,0,0,False,0.25691047,0.23968789,0.6963673,0.028271792,0.1545803,1.3452891493527992e-18,0.36225134,0.19309673,0.06387893,0.09558606,24.3,0.7587890625,12.2
25,0.0830155685544014,0.0,0.1090172603726387,0.0,0,0,1,0,0,0,1,1,1,1,0,0,False,0.15552802,0.1502077,0.37414214,0.005746665,0.08919495,1.2107602065001737e-18,0.36193666,0.19345574,-0.06599278,0.04190519,24.3,0.7587890625,12.2
26,0.10444266349077225,0.0,0.1090172603726387,0.0,0,0,1,0,0,0,1,1,1,1,0,0,False,0.2548932,0.13995226,0.5302535,0.11198475,0.21036068,1.0896841672385924e-18,0.3613612,0.19440362,0.029406795,0.0583487,24.3,0.7587890625,12.2
27,0.10200946778059006,0.0,0.1090172603726387,0.0,0,0,0,0,0,0,1,1,1,1,0,0,False,0.068370774,0.05816932,0.18886635,0.024508094,0.037500974,9.807157877378607e-19,0.35780722,0.19612584,-0.04138074,0.08065327,25.3,0.7587890625,12.2
28,0.11617783457040787,0.0,0.1090172603726387,0.0,0,0,1,0,0,0,1,1,1,1,0,0,False,0.14299957,0.12710638,0.36993152,0.0053256536,0.11706516,8.826441996582928e-19,0.36138386,0.1941528,-0.12537362,0.14907974,24.4,0.7587890625,12.2
29,0.10944598913192749,0.0,0.1090172603726387,0.0,0,0,0,0,0,0,1,1,1,1,0,0,False,0.17302524,0.09126153,0.35846475,0.07698164,0.15156782,7.943797889982454e-19,0.35947686,0.19597045,0.0009446661,0.051410258,24.2,0.7587890625,12.2
30,0.1004287451505661,0.0,0.1090172603726387,0.0,0,0,0,0,0,0,1,1,1,1,0,0,False,0.07737457,0.038997386,0.1547562,0.045820106,0.059822343,7.1494181940420275e-19,0.36111733,0.19500908,-0.0021451148,0.053398963,24.2,0.7587890625,12.2
31,0.0929078459739685,0.0,0.1090172603726387,0.0,0,0,0,0,0,0,1,1,1,1,0,0,False,0.100801,0.08361171,0.2411517,0.02908429,0.051120456,6.434476374637825e-19,0.36253065,0.19244349,-0.047111485,0.040271603,24.5,0.7587890625,12.2
32,0.09185726195573807,0.0,0.1090172603726387,0.0,0,0,0,0,0,0,1,1,1,1,0,0,False,0.14504431,0.14121337,0.35249433,0.019265922,0.070817366,5.791028551058405e-19,0.35970342,0.1965116,0.12339965,0.132147,25.0,0.7587890625,12.2
33,0.10643959045410156,0.0,0.1090172603726387,0.0,0,0,1,0,0,0,1,1,1,1,0,0,False,0.2515432,0.20668584,0.6409266,0.059150234,0.15956683,5.211925556365836e-19,0.36085734,0.19415681,0.021789027,0.020980835,24.3,0.7587890625,12.2
34,0.11037751287221909,0.0,0.1090172603726387,0.0,0,0,0,0,0,0,1,1,1,1,0,0,False,0.22583146,0.11016069,0.46176174,0.13846861,0.19163491,4.690732907671433e-19,0.3610526,0.19463353,0.019474922,0.054545943,24.2,0.7587890625,12.2
35,0.0867406576871872,0.0,0.1090172603726387,0.0,0,0,1,0,0,0,1,1,1,1,0,0,False,0.10145146,0.050870117,0.1626978,0.030322606,0.09813282,4.2216596169042897e-19,0.36002612,0.1952388,-0.063601114,0.04100438,24.8,0.7587890625,12.2
36,0.10606057196855545,0.0,0.1090172603726387,0.0,0,0,1,0,0,0,1,1,1,1,0,0,False,0.17862953,0.15305862,0.4339179,0.02769002,0.103991956,3.79949374827168e-19,0.35724944,0.19786496,0.09403997,0.08482998,24.6,0.7587890625,12.2
37,0.09125475585460663,0.0,0.1090172603726387,0.0,0,0,1,0,0,0,1,1,1,1,0,0,False,0.074148804,0.055839535,0.18381514,0.024729008,0.04586319,3.4195444897667854e-19,0.36135432,0.1942009,0.055676762,0.06381587,24.3,0.7587890625,12.2
38,0.06678134948015213,0.0,0.1090172603726387,0.0,0,0,1,0,0,0,1,1,1,1,0,0,False,0.2343206,0.17334858,0.49569795,0.06346136,0.13652697,3.077590040790107e-19,0.36027846,0.19582286,0.054346144,0.05284607,24.2,0.7587890625,12.2
39,0.09606847912073135,0.0,0.1090172603726387,0.0,0,0,1,0,0,0,1,1,1,1,0,0,False,0.08530566,0.0960985,0.256234,0.0053205383,0.03341943,2.7698310832400057e-19,0.3620022,0.19360977,-0.0043640374,0.053317565,24.2,0.7587890625,12.2
40,0.09926006197929382,0.0,0.1090172603726387,0.0,0,0,0,0,0,0,1,1,1,1,0,0,False,0.09834981,0.09463187,0.2706786,0.026286012,0.041219153,2.492847974916005e-19,0.35807317,0.19358969,0.14392759,0.1077014,24.4,0.7587890625,12.2
41,0.10077987611293793,0.0,0.1090172603726387,0.0,0,0,0,0,0,0,1,1,1,1,0,0,False,0.18063504,0.15404826,0.46079823,0.03059464,0.12284243,2.243563061102131e-19,0.36005667,0.19564855,-0.005756948,0.008382249,24.2,0.7587890625,12.2
42,0.10763000696897507,0.0,0.1090172603726387,0.0,0,0,0,0,0,0,1,1,1,1,0,0,False,0.06681376,0.06670232,0.2056925,0.011648449,0.045270175,2.0192067084630085e-19,0.36079213,0.19556049,-0.051210728,0.04355715,24.3,0.7587890625,12.2
43,0.10217854380607605,0.0,0.1090172603726387,0.0,0,0,0,0,0,0,1,1,1,1,0,0,False,0.17729028,0.17854466,0.47091883,0.00017948508,0.10643768,1.8172860143522528e-19,0.3613333,0.1944213,-0.027286006,0.14542992,24.3,0.7587890625,12.2
44,0.12529872357845306,0.0,0.1090172603726387,0.0,0,0,1,0,0,0,1,1,1,1,0,0,False,0.34520015,0.20172352,0.7715486,0.15911022,0.25896662,1.6355574710781644e-19,0.3610696,0.19453686,-0.02000481,0.010138466,24.3,0.7587890625,12.2
45,0.12125737220048904,0.0,0.1090172603726387,0.0,0,0,0,0,0,0,1,1,1,1,0,0,False,0.17360485,0.13982627,0.43215656,0.028520532,0.1390672,1.472001723970348e-19,0.35980734,0.19545428,0.108867615,0.08577184,24.3,0.7587890625,12.2
46,0.07847940921783447,0.0,0.1090172603726387,0.0,0,0,1,0,0,0,1,1,1,1,0,0,False,0.1373372,0.12335652,0.33463946,0.020799764,0.07018413,1.3248015864699953e-19,0.3616373,0.19378695,-0.024876228,0.01223991,24.2,0.7587890625,12.2
47,0.10795567184686661,0.0,0.1090172603726387,0.0,0,0,1,0,0,0,1,1,1,1,0,0,False,0.080672756,0.041010793,0.16376403,0.04711282,0.06583291,1.1923214510874505e-19,0.361882,0.19313744,-0.089902796,0.093242474,24.3,0.7587890625,12.2
48,0.13424549996852875,0.0,0.1090172603726387,0.0,0,0,1,0,0,0,1,1,1,1,0,0,False,0.19492789,0.11378121,0.43504605,0.08370879,0.15654042,1.0730892594497959e-19,0.361441,0.19434638,-0.010029579,0.031236053,24.2,0.7587890625,12.2
49,0.08792825788259506,0.0,0.1090172603726387,0.0,0,0,1,0,0,0,1,1,1,1,0,0,False,0.16817616,0.12582363,0.37487578,0.04790365,0.1073681,9.657803335048164e-20,0.36173272,0.19446377,-0.0663646,0.1621219,22.7,0.7587890625,12.2
0,0.08256649225950241,0.0,0.1090172603726387,0.0,0,0,0,0,0,0,1,1,1,1,0,0,False,0.28909066,0.19642186,0.5704251,0.09841385,0.19462815,8.692023117865621e-20,0.35915512,0.19615868,-0.18883365,0.16413112,21.5,0.7587890625,12.2
1,0.09406957775354385,0.0,0.1090172603726387,0.0,0,0,1,0,0,0,1,1,1,1,0,0,False,0.07435032,0.0775641,0.2247733,0.007602127,0.031118922,7.822820631595648e-20,0.35979265,0.19674398,-0.15634866,0.15172897,24.3,0.7587890625,12.2
2,0.12339216470718384,0.0,0.1090172603726387,0.0,0,0,1,0,0,0,1,1,1,1,0,0,False,0.24928756,0.12720037,0.5131208,0.1423611,0.2084702,7.04053880108063e-20,0.36133668,0.19442119,-0.19876601,0.16139351,24.2,0.7587890625,12.2
3,0.11131957173347473,0.0,0.1090172603726387,0.0,0,0,1,0,0,0,1,1,1,1,0,0,False,0.09005761,0.100980565,0.28114635,0.004428736,0.03972946,6.336484862811431e-20,0.36224097,0.19298187,0.09332281,0.08776761,24.3,0.7587890625,12.2
4,0.0895862951874733,0.0,0.1090172603726387,0.0,0,0,1,0,0,0,1,1,1,1,0,0,False,0.1606491,0.11885516,0.36952683,0.043926153,0.106313586,5.70283614388574e-20,0.36249775,0.19257367,-0.020146053,0.015433437,25.4,0.7587890625,12.2
5,0.0986228734254837,0.0,0.1090172603726387,0.0,0,0,0,0,0,0,1,1,1,1,0,0,False,0.10750663,0.09902423,0.24696375,0.021032741,0.05271498,5.1325528203028503e-20,0.36107603,0.19454256,0.018555291,0.08199617,24.3,0.7587890625,12.2
6,0.09616369009017944,0.0,0.1090172603726387,0.0,0,0,0,0,0,0,1,1,1,1,0,0,False,0.2292581,0.17209983,0.48604304,0.06555747,0.14456593,4.619297654594839e-20,0.36106953,0.19430527,0.085787445,0.091088414,24.2,0.7587890625,12.2
7,0.10451862215995789,0.0,0.1090172603726387,0.0,0,0,0,0,0,0,1,1,1,1,0,0,False,0.15412608,0.149451,0.38573337,0.0039102174,0.0918078,4.157367947296492e-20,0.35907334,0.19624947,0.05947336,0.09372961,24.3,0.7587890625,12.2
8,0.10530544072389603,0.0,0.1090172603726387,0.0,0,0,0,0,0,0,1,1,1,1,0,0,False,0.12918516,0.054212544,0.23380134,0.077616364,0.112434015,3.7416312688891165e-20,0.35812122,0.19338204,-0.09448262,0.14931633,25.2,0.7587890625,12.2
9,0.09699304401874542,0.0,0.1090172603726387,0.0,0,0,0,0,0,0,1,1,1,1,0,0,False,0.18982953,0.17303969,0.44974056,0.027066138,0.095165655,3.3674681710807735e-20,0.36115804,0.19432884,-0.061787754,0.11279848,24.4,0.7587890625,12.2
10,0.08637943118810654,0.0,0.1090172603726387,0.0,0,0,1,0,0,0,1,1,1,1,0,0,False,0.073257044,0.035824947,0.13691565,0.030020438,0.070403695,3.030721295811559e-20,0.36252463,0.19269548,0.037476793,0.040272575,24.3,0.7587890625,12.2
11,0.12100455164909363,0.0,0.1090172603726387,0.0,0,0,1,0,0,0,1,1,1,1,0,0,False,0.1340937,0.09962142,0.2961194,0.030932259,0.09803514,2.727649137149835e-20,0.36029786,0.19580455,-0.08449301,0.05028471,24.3,0.7587890625,12.2
12,0.10515539348125458,0.0,0.1090172603726387,0.0,0,0,1,0,0,0,1,1,1,1,0,0,False,0.07058864,0.077426806,0.22904128,0.010876889,0.034260184,2.4548841652737144e-20,0.3603674,0.19634724,-0.026908243,0.03314573,25.3,0.7587890625,12.2
13,0.11428426951169968,0.0,0.1090172603726387,0.0,0,0,0,0,0,0,1,1,1,1,0,0,False,0.19829065,0.14168252,0.48673922,0.06685528,0.13947016,2.209395748746343e-20,0.35974175,0.1958241,-0.25234938,0.23530322,24.2,0.7587890625,12.2
14,0.10472521930932999,0.0,0.1090172603726387,0.0,0,0,0,0,0,0,1,1,1,1,0,0,False,0.14997338,0.1339777,0.38654134,0.022387521,0.09667109,1.9884561302508562e-20,0.35812905,0.19638522,0.07005602,0.06344388,24.3,0.7587890625,12.2
15,0.10840514302253723,0.0,0.1090172603726387,0.0,0,0,0,0,0,0,1,1,1,1,0,0,False,0.17233449,0.16442314,0.40343374,0.013425141,0.091269806,1.789610473604918e-20,0.35975146,0.1941903,-0.13275582,0.12586886,24.2,0.7587890625,12.2
16,0.10919453948736191,0.0,0.1090172603726387,0.0,0,0,0,0,0,0,1,1,1,1,0,0,False,0.083684385,0.05614857,0.17766926,0.024007797,0.065957904,1.6106493826235736e-20,0.36224538,0.1933385,0.114319414,0.082852475,24.3,0.7587890625,12.2
17,0.11051078885793686,0.0,0.1090172603726387,0.0,0,0,0,0,0,0,1,1,1,1,0,0,False,0.19025105,0.13629535,0.46914744,0.06310255,0.13636054,1.4495844734417846e-20,0.35954228,0.19673128,0.0070491345,0.053980846,24.3,0.7587890625,12.2
18,0.08970208466053009,0.0,0.1090172603726387,0.0,0,0,1,0,0,0,1,1,1,1,0,0,False,0.12682194,0.110388085,0.30890405,0.031747025,0.067662045,1.3046259824767535e-20,0.3603304,0.19537377,0.01597159,0.033580165,24.2,0.7587890625,12.2
19,0.1024693176150322,0.0,0.1090172603726387,0.0,0,0,1,0,0,0,1,1,1,1,0,0,False,0.068857856,0.076917216,0.22280154,0.0077955006,0.03206569,1.1741633551485098e-20,0.36163586,0.19409718,0.021844277,0.018576935,24.2,0.7587890625,12.2
20,0.09415899962186813,0.0,0.1090172603726387,0.0,0,0,0,0,0,0,1,1,1,1,0,0,False,0.09360543,0.056893695,0.18826745,0.025681406,0.07512924,1.0567469978232325e-20,0.36007223,0.19461189,0.018280858,0.037193634,24.3,0.7587890625,12.2
21,0.10226187109947205,0.0,0.1090172603726387,0.0,0,0,0,0,0,0,1,1,1,1,0,0,False,0.1481636,0.09645918,0.3032919,0.058454175,0.10022429,9.51072283500625e-21,0.36220267,0.19292873,-0.011959235,0.01803164,24.2,0.7587890625,12.2
22,0.1183546707034111,0.0,0.1090172603726387,0.0,0,0,1,0,0,0,1,1,1,1,0,0,False,0.17474268,0.08137894,0.34607077,0.10399606,0.14825276,8.559650842311309e-21,0.35918865,0.19587223,0.03778821,0.056437757,24.2,0.7587890625,12.2
23,0.0859125405550003,0.0,0.1090172603726387,0.0,0,0,1,0,0,0,1,1,1,1,0,0,False,0.10420575,0.10521497,0.27047053,0.011557761,0.050749414,7.703685394573073e-21,0.36031955,0.19542682,-0.08060265,0.047511008,24.2,0.7587890625,12.2
24,0.11568243056535721,0.0,0.1090172603726387,0.0,0,0,1,0,0,0,1,1,1,1,0,0,False,0.17470266,0.08906706,0.3452701,0.09110929,0.1409054,6.93331714592145e-21,0.3592238,0.19705501,0.09723922,0.095965095,24.2,0.7587890625,12.2
25,0.13847500085830688,0.0,0.1090172603726387,0.0,0,0,1,0,0,0,1,1,1,1,0,0,False,0.25388142,0.13085711,0.5328547,0.12953402,0.20224589,6.239985504030726e-21,0.35886848,0.19579136,0.0018723086,0.14083642,24.2,0.7587890625,12.2
26,0.11222979426383972,0.0,0.1090172603726387,0.0,0,0,1,0,0,0,1,1,1,1,0,0,False,0.16348295,0.10672334,0.378665,0.062148303,0.11674218,5.615987026329074e-21,0.36143154,0.19453594,-0.05062337,0.11209931,24.2,0.7587890625,12.2
27,0.08902008086442947,0.0,0.1090172603726387,0.0,0,0,1,0,0,0,1,1,1,1,0,0,False,0.13820873,0.12324827,0.318744,0.029941292,0.06855074,5.054388178293325e-21,0.3583914,0.19402817,-0.102991015,0.09244757,24.2,0.7587890625,12.2
28,0.08733435720205307,0.0,0.1090172603726387,0.0,0,0,0,0,0,0,1,1,1,1,0,0,False,0.32384965,0.21242714,0.617637,0.11099378,0.22518975,4.548949360463992e-21,0.3624807,0.19256552,0.08464549,0.067333885,24.3,0.7587890625,12.2
29,0.10566301643848419,0.0,0.1090172603726387,0.0,0,0,1,0,0,0,1,1,1,1,0,0,False,0.15778174,0.1299056,0.3670015,0.043359444,0.0848719,4.094054388066883e-21,0.36139563,0.19455844,0.12319279,0.10473321,24.3,0.7587890625,12.2
30,0.09619215875864029,0.0,0.1090172603726387,0.0,0,0,0,0,0,0,1,1,1,1,0,0,False,0.2044136,0.16163042,0.44174448,0.061682586,0.117808,3.684649058312326e-21,0.3622365,0.19334045,0.081006736,0.07748846,21.4,0.7587890625,12.2
31,0.10563774406909943,0.0,0.1090172603726387,0.0,0,0,0,0,0,0,1,1,1,1,0,0,False,0.10411114,0.05872527,0.21253288,0.03970493,0.08463383,3.3161840797796724e-21,0.3591072,0.19714245,-0.006369253,0.0050667753,24.3,0.7587890625,12.2
32,0.10009965300559998,0.0,0.1090172603726387,0.0,0,0,0,0,0,0,1,1,1,1,0,0,False,0.11719239,0.061183747,0.21523188,0.04829265,0.09467426,2.9845656354509947e-21,0.3600121,0.19607794,-0.024402311,0.024131795,24.3,0.7587890625,12.2
33,0.07841320335865021,0.0,0.1090172603726387,0.0,0,0,1,0,0,0,1,1,1,1,0,0,False,0.15371168,0.13515504,0.35596874,0.024859786,0.08001831,2.6861090355551847e-21,0.3602752,0.19503379,0.023091974,0.03562862,24.2,0.7587890625,12.2
34,0.09849108755588531,0.0,0.1090172603726387,0.0,0,0,1,0,0,0,1,1,1,1,0,0,False,0.087637596,0.044480883,0.1689426,0.038090378,0.0732943,2.417498186525732e-21,0.3623206,0.19218539,-0.068297684,0.045575228,24.2,0.7587890625,12.2
35,0.10020808130502701,0.0,0.1090172603726387,0.0,0,0,0,0,0,0,1,1,1,1,0,0,False,0.15937166,0.13634151,0.39545932,0.03188723,0.09782181,2.175748331522448e-21,0.35965842,0.19574335,-0.00967653,0.031262107,24.9,0.7587890625,12.2
36,0.1177317351102829,0.0,0.1090172603726387,0.0,0,0,1,0,0,0,1,1,1,1,0,0,False,0.23767664,0.135631,0.516728,0.1176314,0.18112561,1.9581735165455585e-21,0.3612872,0.19402534,0.10399315,0.09473819,27.2,0.7587890625,12.2
37,0.09264447540044785,0.0,0.1090172603726387,0.0,0,0,1,0,0,0,1,1,1,1,0,0,False,0.118966766,0.11104812,0.28028366,0.010225062,0.06424133,1.7623562375924238e-21,0.36135155,0.19405995,-0.004852924,0.04901461,27.9,0.7587890625,12.2
38,0.08359039574861526,0.0,0.1090172603726387,0.0,0,0,0,0,0,0,1,1,1,1,0,0,False,0.31647098,0.24791722,0.71746135,0.08213214,0.18385822,1.5861205411317603e-21,0.3607755,0.19484517,0.080956966,0.07183612,28.1,0.7587890625,12.2
39,0.13414615392684937,0.0,0.1090172603726387,0.0,0,0,1,0,0,0,1,1,1,1,0,0,False,0.11580991,0.07825275,0.23414509,0.020444375,0.11747293,1.4275084870185844e-21,0.3600039,0.19439276,0.04492077,0.07297525,26.2,0.7587890625,12.2
40,0.09856180101633072,0.0,0.1090172603726387,0.0,0,0,1,0,0,0,1,1,1,1,0,0,False,0.07870469,0.046042204,0.1694237,0.033253796,0.06345344,1.284757611053693e-21,0.36109373,0.19422653,0.027950568,0.038747575,24.2,0.7587890625,12.2
41,0.10319311171770096,0.0,0.1090172603726387,0.0,0,0,0,0,0,0,1,1,1,1,0,0,False,0.12567952,0.050627157,0.22176659,0.07271653,0.11276674,1.1562818408606462e-21,0.3624094,0.1924152,-0.144982,0.1408764,24.3,0.7587890625,12.2
42,0.0938788428902626,0.0,0.1090172603726387,0.0,0,0,0,0,0,0,1,1,1,1,0,0,False,0.1113374,0.09829269,0.2821259,0.018185837,0.070600204,1.0406536840376144e-21,0.3613199,0.1939866,0.038726654,0.03864492,24.3,0.7587890625,12.2
43,0.10331214219331741,0.0,0.1090172603726387,0.0,0,0,0,0,0,0,1,1,1,1,0,0,False,0.14160562,0.11237416,0.31628293,0.023057753,0.09105367,9.365883247215305e-22,0.3624534,0.192552,-0.0049274922,0.053240824,24.3,0.7587890625,12.2
44,0.1038234680891037,0.0,0.1090172603726387,0.0,0,0,0,0,0,0,1,1,1,1,0,0,False,0.19061996,0.1904829,0.49647793,0.0031515646,0.11442051,8.429295376877656e-22,0.3591929,0.19481982,0.12192267,0.09793494,24.8,0.7587890625,12.2
45,0.11447681486606598,0.0,0.1090172603726387,0.0,0,0,1,0,0,0,1,1,1,1,0,0,False,0.23259188,0.13463748,0.5104508,0.109781265,0.1716394,7.586366020943443e-22,0.36138365,0.19415686,-0.054103345,0.039220598,24.7,0.7587890625,12.2
46,0.10119850933551788,0.0,0.1090172603726387,0.0,0,0,1,0,0,0,1,1,1,1,0,0,False,0.24738264,0.20955762,0.6215227,0.056768004,0.14300784,6.827729418849099e-22,0.36114258,0.19495136,0.09334269,0.09713132,24.3,0.7587890625,12.2
47,0.09987834841012955,0.0,0.1090172603726387,0.0,0,0,0,0,0,0,1,1,1,1,0,0,False,0.18684171,0.15426391,0.40691572,0.05080681,0.10554965,6.144956295210637e-22,0.36055106,0.19504158,0.009587979,0.029842345,24.2,0.7587890625,12.2
48,0.07912345230579376,0.0,0.1090172603726387,0.0,0,0,1,0,0,0,1,1,1,1,0,0,False,0.117766045,0.085719645,0.23960276,0.044295445,0.06596773,5.530460711127961e-22,0.36081237,0.19494747,-0.02049583,0.039664034,24.3,0.7587890625,12.2
49,0.09099836647510529,0.0,0.1090172603726387,0.0,0,0,1,0,0,0,1,1,1,1,0,0,False,0.08573606,0.09113178,0.24394941,0.0011841059,0.04088006,4.977414640015165e-22,0.36105794,0.1941485,-0.07472276,0.05693002,25.4,0.7587890625,12.2
0,0.09534046053886414,0.0,0.1090172603726387,0.0,0,0,0,0,0,0,1,1,1,1,0,0,False,0.111145556,0.06023978,0.20220989,0.043886047,0.08625664,4.479672994260096e-22,0.3577708,0.19604954,0.011246334,0.023016134,21.8,0.7587890625,12.2
1,0.12358351051807404,0.0,0.1090172603726387,0.0,0,0,1,0,0,0,1,1,1,1,0,0,False,0.20514524,0.102134414,0.42785642,0.113089435,0.17401889,4.0317054676421456e-22,0.36155006,0.19390103,-0.14984266,0.144434,24.3,0.7587890625,12.2
2,0.10648634284734726,0.0,0.1090172603726387,0.0,0,0,1,0,0,0,1,1,1,1,0,0,False,0.13001572,0.113645785,0.31917667,0.025547199,0.068130404,3.628534966316319e-22,0.36237258,0.19259472,-0.18630488,0.19691317,24.1,0.7587890625,12.2
3,0.08399754762649536,0.0,0.1090172603726387,0.0,0,0,1,0,0,0,1,1,1,1,0,0,False,0.22107653,0.17585057,0.48952228,0.055251002,0.12832485,3.2656814924038815e-22,0.35887355,0.19682582,0.014720877,0.033299584,24.3,0.7587890625,12.2
4,0.11103105545043945,0.0,0.1090172603726387,0.0,0,0,1,0,0,0,1,1,1,1,0,0,False,0.14006513,0.08427862,0.31964758,0.058805402,0.11917886,2.939113297725105e-22,0.3593771,0.19593088,-0.012265294,0.035062272,24.2,0.7587890625,12.2
5,0.08712350577116013,0.0,0.1090172603726387,0.0,0,0,1,0,0,0,1,1,1,1,0,0,False,0.17493771,0.1407979,0.42212456,0.053453974,0.10060522,2.6452018997950124e-22,0.3620077,0.19382717,-0.21366827,0.18967573,24.2,0.7587890625,12.2
6,0.09554113447666168,0.0,0.1090172603726387,0.0,0,0,0,0,0,0,1,1,1,1,0,0,False,0.0733871,0.035116367,0.13777308,0.043005586,0.056891013,2.3806816416579287e-22,0.36181802,0.19309624,-0.060794543,0.12792744,24.2,0.7587890625,12.2
7,0.09369507431983948,0.0,0.1090172603726387,0.0,0,0,0,0,0,0,1,1,1,1,0,0,False,0.10358229,0.107972376,0.27724764,0.0007167196,0.051066197,2.1426135683689124e-22,0.36134124,0.19421788,0.0015857032,0.024261503,24.2,0.7587890625,12.2
8,0.10516425222158432,0.0,0.1090172603726387,0.0,0,0,1,0,0,0,1,1,1,1,0,0,False,0.12699276,0.04471026,0.1834135,0.06464709,0.12364551,1.928352256970409e-22,0.36252934,0.19272836,-0.018911162,0.033931907,24.2,0.7587890625,12.2
9,0.11787214130163193,0.0,0.1090172603726387,0.0,0,0,1,0,0,0,1,1,1,1,0,0,False,0.2389906,0.14366539,0.53237,0.10219715,0.16974366,1.7355170767117564e-22,0.36250904,0.19263314,0.042494565,0.0546653,24.2,0.7587890625,12.2
10,0.10523584485054016,0.0,0.1090172603726387,0.0,0,0,1,0,0,0,1,1,1,1,0,0,False,0.10636874,0.09307882,0.28461352,0.028857345,0.05700417,1.561965380400178e-22,0.36084762,0.1950541,0.14600326,0.10791403,23.8,0.7587890625,12.2
11,0.12598025798797607,0.0,0.1090172603726387,0.0,0,0,1,0,0,0,1,1,1,1,0,0,False,0.14041935,0.061741866,0.27456406,0.085414715,0.11945647,1.405768876438951e-22,0.36030418,0.1954805,-0.045625705,0.02581762,24.3,0.7587890625,12.2
12,0.09736616909503937,0.0,0.1090172603726387,0.0,0,0,1,0,0,0,1,1,1,1,0,0,False,0.16552387,0.1657112,0.42786214,0.00058329164,0.09862199,1.265191931997071e-22,0.36006296,0.19516093,-0.08341261,0.05090661,24.3,0.7587890625,12.2
13,0.10473787039518356,0.0,0.1090172603726387,0.0,0,0,0,0,0,0,1,1,1,1,0,0,False,0.1681609,0.15591662,0.44220132,0.007245162,0.114960715,1.1386727160781698e-22,0.3586646,0.19668563,0.10456109,0.0923416,24.3,0.7587890625,12.2
14,0.0916326493024826,0.0,0.1090172603726387,0.0,0,0,1,0,0,0,1,1,1,1,0,0,False,0.15795286,0.1196541,0.35143906,0.04907552,0.09960509,1.0248054785491438e-22,0.36251035,0.19270167,0.020992855,0.03437752,24.2,0.7587890625,12.2
15,0.08577393740415573,0.0,0.1090172603726387,0.0,0,0,0,0,0,0,1,1,1,1,0,0,False,0.22950494,0.17130823,0.47069356,0.07457361,0.14068156,9.223249306942294e-23,0.36192873,0.19361348,0.04974364,0.05000073,24.4,0.7587890625,12.2
16,0.11619830876588821,0.0,0.1090172603726387,0.0,0,0,1,0,0,0,1,1,1,1,0,0,False,0.14442277,0.050732344,0.21212663,0.071482286,0.14081173,8.30092443304605e-23,0.36059737,0.19572684,-0.17028646,0.15328011,24.2,0.7587890625,12.2
17,0.10596050322055817,0.0,0.1090172603726387,0.0,0,0,1,0,0,0,1,1,1,1,0,0,False,0.1090293,0.11210278,0.28517967,0.007736397,0.05536892,7.470832103337415e-23,0.35995692,0.19625029,0.061574478,0.06936706,24.1,0.7587890625,12.2
18,0.08425963670015335,0.0,0.1090172603726387,0.0,0,0,1,0,0,0,1,1,1,1,0,0,False,0.11028049,0.111239016,0.2994256,0.010449555,0.047468122,6.723748893003674e-23,0.35923782,0.19418463,-0.0043945466,0.014241061,24.3,0.7587890625,12.2
19,0.10611782222986221,0.0,0.1090172603726387,0.0,0,0,1,0,0,0,1,1,1,1,0,0,False,0.09561309,0.063755006,0.2141583,0.024138747,0.09268336,6.051373776511366e-23,0.36138254,0.19460796,0.053040594,0.09219238,24.3,0.7587890625,12.2
20,0.10125917196273804,0.0,0.1090172603726387,0.0,0,0,0,0,0,0,1,1,1,1,0,0,False,0.23544653,0.17843339,0.58803153,0.07369317,0.1530008,5.446236114870303e-23,0.36246252,0.19275749,0.07952068,0.0730946,24.2,0.7587890625,12.2
21,0.09971969574689865,0.0,0.1090172603726387,0.0,0,0,0,0,0,0,1,1,1,1,0,0,False,0.13654937,0.1055878,0.34037852,0.04086674,0.088084355,4.901612730575214e-23,0.36007762,0.1960655,-0.14789286,0.14998935,25.4,0.7587890625,12.2
22,0.11136405915021896,0.0,0.1090172603726387,0.0,0,0,1,0,0,0,1,1,1,1,0,0,False,0.20851456,0.15357484,0.49934313,0.06198279,0.13831148,4.4114515143156775e-23,0.35938507,0.1960283,-0.06744043,0.040795512,24.2,0.7587890625,12.2
23,0.08196574449539185,0.0,0.1090172603726387,0.0,0,0,1,0,0,0,1,1,1,1,0,0,False,0.24022418,0.19991127,0.5528801,0.05716464,0.13157561,3.9703063912831026e-23,0.36197242,0.19370791,-0.034304123,0.04564795,24.2,0.7587890625,12.2
24,0.12034565210342407,0.0,0.1090172603726387,0.0,0,0,1,0,0,0,1,1,1,1,0,0,False,0.20782222,0.08756365,0.38965735,0.13659956,0.17363378,3.573275695356807e-23,0.35992935,0.19516598,-0.0773103,0.11005473,24.3,0.7587890625,12.2
25,0.09439079463481903,0.0,0.1090172603726387,0.0,0,0,1,0,0,0,1,1,1,1,0,0,False,0.21061844,0.16755377,0.45052847,0.0637656,0.11975008,3.215948211018104e-23,0.3573074,0.19504018,0.08581891,0.07261733,25.2,0.7587890625,12.2
26,0.1025017574429512,0.0,0.1090172603726387,0.0,0,0,0,0,0,0,1,1,1,1,0,0,False,0.26792142,0.22541805,0.6862069,0.06272659,0.16043639,2.8943534751132715e-23,0.36132172,0.1936035,0.027213251,0.025850348,24.4,0.7587890625,12.2
27,0.10546756535768509,0.0,0.1090172603726387,0.0,0,0,0,0,0,0,1,1,1,1,0,0,False,0.08870856,0.08148015,0.23570482,0.018381968,0.04795153,2.6049180424049664e-23,0.36137697,0.1944078,-0.0059089325,0.035484277,24.3,0.7587890625,12.2
28,0.09849680960178375,0.0,0.1090172603726387,0.0,0,0,0,0,0,0,1,1,1,1,0,0,False,0.335018,0.22763403,0.66060656,0.09207346,0.23518863,2.344426294962455e-23,0.36000067,0.19481401,0.020744156,0.031003155,24.2,0.7587890625,12.2
29,0.11030285805463791,0.0,0.1090172603726387,0.0,0,0,1,0,0,0,1,1,1,1,0,0,False,0.15359634,0.061827008,0.273594,0.09165254,0.13175099,2.1099836654662096e-23,0.36064464,0.19566412,0.08948176,0.08626237,25.2,0.7587890625,12.2
30,0.07477184385061264,0.0,0.1090172603726387,0.0,0,0,1,0,0,0,1,1,1,1,0,0,False,0.17077772,0.14492564,0.38080618,0.034817085,0.087737575,1.8989852563210996e-23,0.36249632,0.19275893,0.12501545,0.09206379,24.2,0.7587890625,12.2
31,0.0958779975771904,0.0,0.1090172603726387,0.0,0,0,1,0,0,0,1,1,1,1,0,0,False,0.16408207,0.13431872,0.40243095,0.043259386,0.09553149,1.7090867306889896e-23,0.36026633,0.19561404,0.011953144,0.030129656,24.3,0.7587890625,12.2
32,0.11001419275999069,0.0,0.1090172603726387,0.0,0,0,1,0,0,0,1,1,1,1,0,0,False,0.08814666,0.05386554,0.16071424,0.025287073,0.07858925,1.5381780434205943e-23,0.36073893,0.1944491,-0.07752897,0.13555034,24.2,0.7587890625,12.2
33,0.10970651358366013,0.0,0.1090172603726387,0.0,0,0,0,0,0,0,1,1,1,1,0,0,False,0.10260133,0.041308023,0.16092487,0.047360178,0.1021412,1.3843602958765203e-23,0.36134842,0.1943412,-0.01114374,0.031234086,24.2,0.7587890625,12.2
34,0.09622706472873688,0.0,0.1090172603726387,0.0,0,0,1,0,0,0,1,1,1,1,0,0,False,0.1882065,0.1665572,0.4286153,0.03636481,0.09658709,1.2459242946878608e-23,0.361116,0.19495605,0.09016944,0.08722512,24.2,0.7587890625,12.2
35,0.06922933459281921,0.0,0.1090172603726387,0.0,0,0,1,0,0,0,1,1,1,1,0,0,False,0.2865238,0.2017243,0.5912975,0.09220621,0.17356549,1.121331879418571e-23,0.36084557,0.1949577,0.02549024,0.051693115,24.2,0.7587890625,12.2
36,0.11442699283361435,0.0,0.1090172603726387,0.0,0,0,1,0,0,0,1,1,1,1,0,0,False,0.14691539,0.09090933,0.33546716,0.062111635,0.10775331,1.0091986701774694e-23,0.3610807,0.1944963,0.09210829,0.08805382,24.2,0.7587890625,12.2
37,0.09889286756515503,0.0,0.1090172603726387,0.0,0,0,1,0,0,0,1,1,1,1,0,0,False,0.16422756,0.13068718,0.38740543,0.038773663,0.100125045,9.082788031597225e-24,0.3618634,0.19331715,-0.105175994,0.09178335,24.2,0.7587890625,12.2
38,0.11012932658195496,0.0,0.1090172603726387,0.0,0,0,1,0,0,0,1,1,1,1,0,0,False,0.10920337,0.05030782,0.18568984,0.06304034,0.08566755,8.174509441429947e-24,0.36131543,0.19445609,-0.040426563,0.030283585,24.2,0.7587890625,12.2
39,0.09969005733728409,0.0,0.1090172603726387,0.0,0,0,1,0,0,0,1,1,1,1,0,0,False,0.25543642,0.24824265,0.67068607,0.017361706,0.143851,7.357058639281915e-24,0.36101553,0.19484477,-0.034791764,0.031776946,24.3,0.7587890625,12.2
40,0.09199026226997375,0.0,0.1090172603726387,0.0,0,0,0,0,0,0,1,1,1,1,0,0,False,0.12713504,0.11432494,0.29722908,0.028023241,0.061386436,6.621352917348686e-24,0.35947102,0.19605617,-0.027007828,0.14791206,24.2,0.7587890625,12.2
41,0.10585671663284302,0.0,0.1090172603726387,0.0,0,0,1,0,0,0,1,1,1,1,0,0,False,0.16234292,0.07497088,0.32064712,0.09970561,0.13742206,5.9592176256138175e-24,0.3613119,0.19364436,-0.096963815,0.0990764,24.3,0.7587890625,12.2
42,0.09748461097478867,0.0,0.1090172603726387,0.0,0,0,0,0,0,0,1,1,1,1,0,0,False,0.06242265,0.059060115,0.18746376,0.017610678,0.037239872,5.363296005047399e-24,0.36058182,0.19577265,0.04733069,0.053991213,24.2,0.7587890625,12.2
43,0.1150311678647995,0.0,0.1090172603726387,0.0,0,0,1,0,0,0,1,1,1,1,0,0,False,0.09292715,0.041303445,0.15926589,0.04029185,0.0862761,4.8269664755401406e-24,0.3616386,0.1934718,0.047553018,0.05982982,24.2,0.7587890625,12.2
44,0.09134922176599503,0.0,0.1090172603726387,0.0,0,0,1,0,0,0,1,1,1,1,0,0,False,0.1303608,0.058669265,0.2270948,0.04610695,0.12898222,4.344269863484867e-24,0.36128062,0.19429734,-0.052358523,0.045270458,24.2,0.7587890625,12.2
45,0.10377053916454315,0.0,0.1090172603726387,0.0,0,0,1,0,0,0,1,1,1,1,0,0,False,0.1511719,0.1269342,0.34789208,0.035306197,0.08422324,3.909843019131344e-24,0.36113977,0.19484332,-0.06351956,0.04691459,24.2,0.7587890625,12.2
46,0.11659533530473709,0.0,0.1090172603726387,0.0,0,0,1,0,0,0,1,1,1,1,0,0,False,0.16778366,0.06265005,0.27241895,0.08837411,0.15713641,3.518858823714431e-24,0.3580279,0.19413787,-0.062172055,0.043946836,24.2,0.7587890625,12.2
47,0.11278632283210754,0.0,0.1090172603726387,0.0,0,0,0,0,0,0,1,1,1,1,0,0,False,0.090082504,0.079966925,0.21942574,0.0063756644,0.0654966,3.166972941342988e-24,0.3622734,0.19314891,0.09760103,0.08966866,24.2,0.7587890625,12.2
48,0.08011600375175476,0.0,0.1090172603726387,0.0,0,0,1,0,0,0,1,1,1,1,0,0,False,0.104344845,0.102102004,0.27930975,0.009094954,0.05114725,2.850275718206171e-24,0.35922557,0.1953592,0.012196434,0.0526922,24.2,0.7587890625,12.2
49,0.11912784725427628,0.0,0.1090172603726387,0.0,0,0,1,0,0,0,1,1,1,1,0,0,False,0.079791754,0.06345171,0.18968697,0.008165593,0.074047044,2.565248164134924e-24,0.36086154,0.19550028,-0.023359405,0.0140255885,24.3,0.7587890625,12.2
0,0.09291098266839981,0.0,0.1090172603726387,0.0,0,0,1,0,0,0,1,1,1,1,0,0,False,0.2345652,0.15997402,0.48192334,0.05719051,0.16652234,2.3087234364682834e-24,0.36084706,0.194793,-0.1649551,0.17867209,13.5,0.7587890625,12.2
1,0.08884181082248688,0.0,0.1090172603726387,0.0,0,0,0,0,0,0,1,1,1,1,0,0,False,0.25536194,0.20963106,0.5698493,0.07248927,0.14499079,2.0778511638189365e-24,0.36084595,0.19504876,0.025276572,0.035856564,24.4,0.7587890625,12.2
2,0.10644909739494324,0.0,0.1090172603726387,0.0,0,0,1,0,0,0,1,1,1,1,0,0,False,0.079531774,0.06740204,0.20803764,0.010737419,0.051053405,1.8700660296876727e-24,0.36082438,0.19421937,0.17767358,0.13681062,25.5,0.7587890625,12.2
3,0.0868852436542511,0.0,0.1090172603726387,0.0,0,0,1,0,0,0,1,1,1,1,0,0,False,0.199296,0.16179629,0.4455041,0.050854377,0.109310515,1.6830593734707943e-24,0.3611184,0.19429922,-0.07701415,0.04769441,24.2,0.7587890625,12.2
4,0.11560794711112976,0.0,0.1090172603726387,0.0,0,0,1,0,0,0,1,1,1,1,0,0,False,0.18731816,0.17159271,0.51274705,0.018571591,0.13983014,1.5147534538730852e-24,0.3624159,0.19214626,-0.019247143,0.026249716,24.3,0.7587890625,12.2
5,0.10865487158298492,0.0,0.1090172603726387,0.0,0,0,0,0,0,0,1,1,1,1,0,0,False,0.08630327,0.058607806,0.19931428,0.04160264,0.05244121,1.3632781084857766e-24,0.36136964,0.19397724,-0.13869779,0.120145135,24.3,0.7587890625,12.2
6,0.11088385432958603,0.0,0.1090172603726387,0.0,0,0,0,0,0,0,1,1,1,1,0,0,False,0.1023244,0.046815664,0.17409869,0.055705145,0.07773316,1.2269502532637731e-24,0.36246237,0.1923899,-0.055933353,0.031613156,25.2,0.7587890625,12.2
7,0.08943479508161545,0.0,0.1090172603726387,0.0,0,0,1,0,0,0,1,1,1,1,0,0,False,0.094961226,0.09337013,0.2624961,0.021470131,0.03767196,1.104255245686766e-24,0.36056057,0.1951167,-0.028058553,0.016779287,24.2,0.7587890625,12.2
8,0.12600916624069214,0.0,0.1090172603726387,0.0,0,0,1,0,0,0,1,1,1,1,0,0,False,0.20257312,0.085583776,0.38297442,0.13776407,0.16633391,9.938297566168302e-25,0.36104327,0.19384539,0.003616175,0.051762808,24.3,0.7587890625,12.2
9,0.0844208225607872,0.0,0.1090172603726387,0.0,0,0,1,0,0,0,1,1,1,1,0,0,False,0.16121578,0.15754679,0.41665155,0.010014334,0.09774491,8.94446772080462e-25,0.35899317,0.19523163,0.118212365,0.1103627,24.3,0.7587890625,12.2
10,0.09492355585098267,0.0,0.1090172603726387,0.0,0,0,1,0,0,0,1,1,1,1,0,0,False,0.21092834,0.18209068,0.47400454,0.043879833,0.107018605,8.05002103747101e-25,0.3618347,0.19351986,0.07391096,0.06446526,24.2,0.7587890625,12.2
11,0.11232899874448776,0.0,0.1090172603726387,0.0,0,0,1,0,0,0,1,1,1,1,0,0,False,0.22519319,0.14320463,0.48169726,0.08822639,0.14919518,7.245018756230206e-25,0.3598645,0.19552746,-0.033757303,0.036236122,24.3,0.7587890625,12.2
12,0.09135205298662186,0.0,0.1090172603726387,0.0,0,0,1,0,0,0,1,1,1,1,0,0,False,0.1511076,0.11612066,0.3553044,0.036065616,0.09741181,6.520516969354037e-25,0.36014107,0.19479473,-0.075604886,0.08768465,24.3,0.7587890625,12.2
13,0.10808427631855011,0.0,0.1090172603726387,0.0,0,0,1,0,0,0,1,1,1,1,0,0,False,0.21170841,0.13639197,0.49774846,0.090440415,0.1502886,5.868465449912337e-25,0.3624378,0.19262056,-0.06795309,0.082325555,24.4,0.7587890625,12.2
14,0.11581893265247345,0.0,0.1090172603726387,0.0,0,0,0,0,0,0,1,1,1,1,0,0,False,0.10384065,0.057514932,0.20823413,0.038256187,0.09067259,5.281618904921103e-25,0.36052844,0.19487427,0.017385034,0.021503033,24.2,0.7587890625,12.2
15,0.10824839770793915,0.0,0.1090172603726387,0.0,0,0,0,0,0,0,1,1,1,1,0,0,False,0.13359345,0.050261486,0.23463298,0.09094429,0.114194945,4.753457103175845e-25,0.36191508,0.19371088,-0.0068858066,0.039794438,24.2,0.7587890625,12.2
16,0.11354169249534607,0.0,0.1090172603726387,0.0,0,0,0,0,0,0,1,1,1,1,0,0,False,0.35685393,0.19108863,0.7327886,0.17408548,0.29107857,4.278111215364557e-25,0.3616137,0.19341311,-0.029376348,0.03838687,24.3,0.7587890625,12.2
17,0.09986145049333572,0.0,0.1090172603726387,0.0,0,0,1,0,0,0,1,1,1,1,0,0,False,0.22757335,0.22313257,0.6066297,0.0075638164,0.13935483,3.850299916334397e-25,0.3616217,0.19349152,-0.0676568,0.050298754,24.3,0.7587890625,12.2
18,0.10576894879341125,0.0,0.1090172603726387,0.0,0,0,0,0,0,0,1,1,1,1,0,0,False,0.1178041,0.09378941,0.2905531,0.021006165,0.09369323,3.4652699247009576e-25,0.36180636,0.19319235,-0.12552448,0.14422388,24.3,0.7587890625,12.2
19,0.09337221086025238,0.0,0.1090172603726387,0.0,0,0,1,0,0,0,1,1,1,1,0,0,False,0.12385432,0.12191924,0.3223264,0.015790781,0.0613806,3.1187429766042876e-25,0.3625043,0.1926135,-0.016805198,0.023188373,24.3,0.7587890625,12.2
20,0.08891701698303223,0.0,0.1090172603726387,0.0,0,0,0,0,0,0,1,1,1,1,0,0,False,0.14090668,0.13220127,0.3414546,0.022486769,0.06497512,2.806868568010294e-25,0.36005285,0.19523326,-0.06895606,0.0568918,24.3,0.7587890625,12.2
21,0.11718641221523285,0.0,0.1090172603726387,0.0,0,0,1,0,0,0,1,1,1,1,0,0,False,0.1330997,0.10131338,0.3217184,0.030453246,0.10157795,2.5261817999561167e-25,0.36083233,0.19520187,-0.2088554,0.18790857,24.3,0.7587890625,12.2
22,0.09575256705284119,0.0,0.1090172603726387,0.0,0,0,1,0,0,0,1,1,1,1,0,0,False,0.17917822,0.13203934,0.43598348,0.06279161,0.11961918,2.273563664333931e-25,0.3600265,0.19462821,0.06574715,0.049333066,24.2,0.7587890625,12.2
23,0.09412376582622528,0.0,0.1090172603726387,0.0,0,0,0,0,0,0,1,1,1,1,0,0,False,0.090542205,0.065575734,0.20342277,0.025601905,0.057715707,2.0462073200872506e-25,0.36053807,0.19532236,0.05610472,0.042009424,24.2,0.7587890625,12.2
24,0.10055150836706161,0.0,0.1090172603726387,0.0,0,0,0,0,0,0,1,1,1,1,0,0,False,0.09633354,0.1025543,0.27372605,0.012537966,0.038964972,1.8415865880785256e-25,0.36191633,0.1936806,0.023123806,0.05532736,24.2,0.7587890625,12.2
25,0.11064077168703079,0.0,0.1090172603726387,0.0,0,0,1,0,0,0,1,1,1,1,0,0,False,0.1556942,0.07431023,0.31121936,0.097537324,0.13016567,1.657427884897247e-25,0.360824,0.19484358,0.015366058,0.12838008,24.3,0.7587890625,12.2
26,0.09323778748512268,0.0,0.1090172603726387,0.0,0,0,1,0,0,0,1,1,1,1,0,0,False,0.12219974,0.1097617,0.29002532,0.010918208,0.07319604,1.49168504094074e-25,0.3616673,0.19427547,-0.05492862,0.08301777,24.3,0.7587890625,12.2
27,0.11001933366060257,0.0,0.1090172603726387,0.0,0,0,1,0,0,0,1,1,1,1,0,0,False,0.099861205,0.051363524,0.17674045,0.053509407,0.074281156,1.342516559033379e-25,0.36023724,0.1960753,-0.022501983,0.011250035,24.2,0.7587890625,12.2
28,0.10037613660097122,0.0,0.1090172603726387,0.0,0,0,0,0,0,0,1,1,1,1,0,0,False,0.2004763,0.14102724,0.4308417,0.05695317,0.13687305,1.2082648698499718e-25,0.35861617,0.19607307,-0.0033256148,0.04908694,24.3,0.7587890625,12.2
29,0.10631268471479416,0.0,0.1090172603726387,0.0,0,0,0,0,0,0,1,1,1,1,0,0,False,0.13481985,0.11898766,0.31619152,0.010438604,0.08521455,1.0874383606782615e-25,0.36187214,0.19341119,0.01824093,0.028071666,24.3,0.7587890625,12.2
30,0.10108113288879395,0.0,0.1090172603726387,0.0,0,0,0,0,0,0,1,1,1,1,0,0,False,0.1264754,0.07548444,0.25217825,0.04888133,0.09314762,9.786945135170789e-26,0.36133906,0.19457775,-0.028397242,0.14616458,24.2,0.7587890625,12.2
31,0.12409132719039917,0.0,0.1090172603726387,0.0,0,0,1,0,0,0,1,1,1,1,0,0,False,0.1542214,0.085556574,0.32747382,0.06415103,0.12712687,8.80825039978658e-26,0.3613984,0.19437017,-0.10071365,0.14669217,24.2,0.7587890625,12.2
32,0.10856053233146667,0.0,0.1090172603726387,0.0,0,0,1,0,0,0,1,1,1,1,0,0,False,0.14122961,0.097169794,0.3221641,0.047750574,0.09552787,7.927425137940793e-26,0.36243802,0.19252263,-0.05743139,0.028958695,24.3,0.7587890625,12.2
33,0.12900705635547638,0.0,0.1090172603726387,0.0,0,0,1,0,0,0,1,1,1,1,0,0,False,0.40772268,0.21644217,0.8537921,0.21095444,0.31984127,7.134682790547061e-26,0.35968706,0.19620892,-0.25153264,0.23554051,24.3,0.7587890625,12.2
34,0.09404529631137848,0.0,0.1090172603726387,0.0,0,0,1,0,0,0,1,1,1,1,0,0,False,0.08763161,0.07466961,0.21103366,0.019049583,0.051357232,6.421214677892702e-26,0.36004406,0.19601485,0.0059284884,0.03383367,24.2,0.7587890625,12.2
35,0.07534410059452057,0.0,0.1090172603726387,0.0,0,0,1,0,0,0,1,1,1,1,0,0,False,0.1559419,0.10925639,0.331595,0.0442245,0.10628984,5.77909293276952e-26,0.3619343,0.1936788,-0.03639454,0.031401493,24.3,0.7587890625,12.2
36,0.11533566564321518,0.0,0.1090172603726387,0.0,0,0,1,0,0,0,1,1,1,1,0,0,False,0.19598337,0.08873059,0.3834651,0.12737794,0.16158056,5.201183417625438e-26,0.36237004,0.1923801,-0.018627701,0.12529859,24.3,0.7587890625,12.2
37,0.09942187368869781,0.0,0.1090172603726387,0.0,0,0,1,0,0,0,1,1,1,1,0,0,False,0.06979984,0.050223753,0.17722642,0.032348633,0.049580954,4.681065297730024e-26,0.36039463,0.19462511,0.03512236,0.034468886,24.2,0.7587890625,12.2
38,0.07282807677984238,0.0,0.1090172603726387,0.0,0,0,1,0,0,0,1,1,1,1,0,0,False,0.31482074,0.21618474,0.64496255,0.112856776,0.19826454,4.2129586570234566e-26,0.36078882,0.1951187,-0.050030906,0.025713637,25.4,0.7587890625,12.2
39,0.09904145449399948,0.0,0.1090172603726387,0.0,0,0,1,0,0,0,1,1,1,1,0,0,False,0.07045173,0.06325836,0.18136491,0.0066614724,0.050564185,3.791662652654155e-26,0.36079314,0.19528337,0.010745219,0.018006165,24.2,0.7587890625,12.2
40,0.10731157660484314,0.0,0.1090172603726387,0.0,0,0,0,0,0,0,1,1,1,1,0,0,False,0.10984955,0.07566233,0.21700649,0.043909825,0.06614815,3.412496442855522e-26,0.36060727,0.19498655,-0.06661669,0.05074432,24.3,0.7587890625,12.2
41,0.08239950984716415,0.0,0.1090172603726387,0.0,0,0,1,0,0,0,1,1,1,1,0,0,False,0.33549318,0.24551396,0.7211509,0.10505095,0.20696586,3.0712467708365783e-26,0.3605721,0.19501118,0.04438551,0.06106219,24.3,0.7587890625,12.2
42,0.10789721459150314,0.0,0.1090172603726387,0.0,0,0,1,0,0,0,1,1,1,1,0,0,False,0.098455764,0.076643296,0.2213059,0.03229752,0.053307917,2.7641222046864855e-26,0.35885325,0.19389698,-0.0042436174,0.07507172,25.2,0.7587890625,12.2
43,0.0888504609465599,0.0,0.1090172603726387,0.0,0,0,1,0,0,0,1,1,1,1,0,0,False,0.1238651,0.1191563,0.28919834,0.0034976483,0.07355659,2.4877098732842722e-26,0.3625009,0.19277456,0.05997567,0.06280071,27.4,0.7587890625,12.2
44,0.10159733891487122,0.0,0.1090172603726387,0.0,0,0,1,0,0,0,1,1,1,1,0,0,False,0.13873954,0.115249,0.34471092,0.03707667,0.08083686,2.2389388582224537e-26,0.35980743,0.19687392,0.06391155,0.0679606,18.9,0.7587890625,12.2
45,0.11168517917394638,0.0,0.1090172603726387,0.0,0,0,1,0,0,0,1,1,1,1,0,0,False,0.18668872,0.13604072,0.4617803,0.05683653,0.13701361,2.0150449724002082e-26,0.35838318,0.1960698,0.03841215,0.03826448,17.4,0.7587890625,12.2
46,0.08321220427751541,0.0,0.1090172603726387,0.0,0,0,1,0,0,0,1,1,1,1,0,0,False,0.10540119,0.07571696,0.22794949,0.035926145,0.06404352,1.81354053062697e-26,0.35799664,0.19319694,0.051605955,0.049699545,16.8,0.7587890625,12.2
47,0.11758304387331009,0.0,0.1090172603726387,0.0,0,0,1,0,0,0,1,1,1,1,0,0,False,0.11884717,0.09725374,0.252167,0.018154755,0.08616188,1.632186477564273e-26,0.36253336,0.19266517,-0.0054413546,0.015486408,13.6,0.7587890625,12.2
48,0.09383576363325119,0.0,0.1090172603726387,0.0,0,0,1,0,0,0,1,1,1,1,0,0,False,0.13695388,0.11953163,0.33867547,0.03289719,0.07289347,1.4689678436745413e-26,0.36143574,0.19423656,0.017958427,0.03770302,13.6,0.7587890625,12.2
49,0.10089029371738434,0.0,0.1090172603726387,0.0,0,0,0,0,0,0,1,1,1,1,0,0,False,0.16002363,0.16217437,0.41401708,0.007262466,0.088918716,1.3220710038403047e-26,0.36115748,0.19461717,0.10056759,0.088511206,13.6,0.7587890625,12.2
0,0.09408651292324066,0.0,0.1090172603726387,0.0,0,0,0,0,0,0,1,1,1,1,0,0,False,0.10438293,0.10355954,0.27797186,0.019852448,0.043076772,1.1898638479894919e-26,0.3580763,0.19257937,-0.008251425,0.047613923,16.4,0.7587890625,12.2
1,0.08568897843360901,0.0,0.1090172603726387,0.0,0,0,0,0,0,0,1,1,1,1,0,0,False,0.12519383,0.10822792,0.31166,0.030122124,0.06645078,1.0708774770572383e-26,0.3616608,0.19367214,0.042435277,0.031444922,24.3,0.7587890625,12.2
2,0.08752978593111038,0.0,0.1090172603726387,0.0,0,0,0,0,0,0,1,1,1,1,0,0,False,0.25626,0.2529134,0.6722932,0.014531026,0.1529403,9.637897016181232e-27,0.36141708,0.19414042,0.044855535,0.05606926,24.2,0.7587890625,12.2
3,0.07634294778108597,0.0,0.1090172603726387,0.0,0,0,1,0,0,0,1,1,1,1,0,0,False,0.2685976,0.1909009,0.54986614,0.09936693,0.16979486,8.674107591897021e-27,0.36130685,0.19438204,0.009300006,0.030028341,24.2,0.7587890625,12.2
4,0.12478886544704437,0.0,0.1090172603726387,0.0,0,0,1,0,0,0,1,1,1,1,0,0,False,0.2026131,0.12402532,0.46498084,0.0843289,0.15781665,7.806696555373407e-27,0.36108026,0.19466919,0.013457242,0.02625344,24.2,0.7587890625,12.2
5,0.10135460644960403,0.0,0.1090172603726387,0.0,0,0,1,0,0,0,1,1,1,1,0,0,False,0.09326443,0.036994126,0.14879341,0.042598404,0.09316798,7.026027246503457e-27,0.35951948,0.19510654,0.0060841306,0.034571614,24.2,0.7587890625,12.2
6,0.10485410690307617,0.0,0.1090172603726387,0.0,0,0,0,0,0,0,1,1,1,1,0,0,False,0.18085511,0.09336661,0.38413903,0.1012871,0.14904594,6.3234246605200665e-27,0.36013466,0.19486533,-0.12943357,0.12159419,24.2,0.7587890625,12.2
7,0.09680472314357758,0.0,0.1090172603726387,0.0,0,0,0,0,0,0,1,1,1,1,0,0,False,0.33167824,0.21524793,0.6461019,0.101820484,0.23737493,5.69108219446806e-27,0.35999587,0.19548112,-0.04980403,0.050177965,24.3,0.7587890625,12.2
8,0.08950509130954742,0.0,0.1090172603726387,0.0,0,0,0,0,0,0,1,1,1,1,0,0,False,0.19118719,0.1409381,0.4204703,0.04965702,0.12463117,5.121973940354515e-27,0.35976124,0.19619973,-0.035319716,0.09992591,24.3,0.7587890625,12.2
9,0.09616494178771973,0.0,0.1090172603726387,0.0,0,0,0,0,0,0,1,1,1,1,0,0,False,0.17065977,0.14342335,0.3922871,0.0469623,0.08757759,4.609776684986019e-27,0.36108407,0.19493204,-0.012057982,0.038496356,24.4,0.7587890625,12.2
10,0.09803260117769241,0.0,0.1090172603726387,0.0,0,0,0,0,0,0,1,1,1,1,0,0,False,0.16598707,0.06602751,0.24245875,0.065824606,0.17036031,4.148798843153722e-27,0.35990375,0.19525053,-0.0019707028,0.034049787,24.3,0.7587890625,12.2
11,0.12723645567893982,0.0,0.1090172603726387,0.0,0,0,1,0,0,0,1,1,1,1,0,0,False,0.18981332,0.12881947,0.4393616,0.05014023,0.1677742,3.7339190975053066e-27,0.3604976,0.19524418,0.07713153,0.08132248,24.2,0.7587890625,12.2
12,0.10405974090099335,0.0,0.1090172603726387,0.0,0,0,1,0,0,0,1,1,1,1,0,0,False,0.107228845,0.10611756,0.2667567,0.011301806,0.05593519,3.360527118421298e-27,0.36056626,0.19493072,-0.017732248,0.010983328,24.3,0.7587890625,12.2
13,0.09836383908987045,0.0,0.1090172603726387,0.0,0,0,0,0,0,0,1,1,1,1,0,0,False,0.25112537,0.18708597,0.5310404,0.08103293,0.15934964,3.0244743372456897e-27,0.3624053,0.19245508,-0.19789724,0.16095713,24.3,0.7587890625,12.2
14,0.09853523969650269,0.0,0.1090172603726387,0.0,0,0,0,0,0,0,1,1,1,1,0,0,False,0.114185356,0.102483645,0.2593994,0.02812399,0.05270431,2.7220269728545988e-27,0.36116058,0.19444297,-0.030505741,0.016426641,24.2,0.7587890625,12.2
15,0.09874579310417175,0.0,0.1090172603726387,0.0,0,0,0,0,0,0,1,1,1,1,0,0,False,0.090812095,0.049388573,0.16647805,0.038397994,0.06841912,2.4498242582357696e-27,0.36161962,0.1939809,0.033740032,0.052336056,25.3,0.7587890625,12.2
16,0.07094234973192215,0.0,0.1090172603726387,0.0,0,0,1,0,0,0,1,1,1,1,0,0,False,0.17795439,0.13461065,0.36894011,0.052207217,0.10536349,2.2048418670789315e-27,0.3575135,0.19619259,0.05653375,0.07826397,24.3,0.7587890625,12.2
17,0.09683407098054886,0.0,0.1090172603726387,0.0,0,0,1,0,0,0,1,1,1,1,0,0,False,0.09467077,0.084523536,0.251855,0.022260232,0.046762984,1.9843577670378858e-27,0.36145872,0.19462295,0.0058409288,0.052980676,24.3,0.7587890625,12.2
18,0.09668956696987152,0.0,0.1090172603726387,0.0,0,0,0,0,0,0,1,1,1,1,0,0,False,0.15136968,0.12849593,0.34842214,0.028642382,0.079062395,1.7859220596675753e-27,0.36004835,0.19600198,0.020307776,0.036379468,24.3,0.7587890625,12.2
19,0.09901397675275803,0.0,0.1090172603726387,0.0,0,0,0,0,0,0,1,1,1,1,0,0,False,0.069072284,0.044271246,0.14161523,0.022149658,0.053887002,1.6073299403676653e-27,0.35978267,0.19576225,-0.02314092,0.036036376,25.4,0.7587890625,12.2
20,0.09018845856189728,0.0,0.1090172603726387,0.0,0,0,0,0,0,0,1,1,1,1,0,0,False,0.110894255,0.10918507,0.27121943,0.0065749073,0.06479612,1.4465969116641598e-27,0.3601301,0.19467919,-0.021256564,0.031616345,24.3,0.7587890625,12.2
21,0.10460517555475235,0.0,0.1090172603726387,0.0,0,0,1,0,0,0,1,1,1,1,0,0,False,0.2245997,0.18402016,0.5817115,0.05233887,0.14999264,1.3019372031643743e-27,0.3594443,0.19648388,0.04087617,0.0919525,24.3,0.7587890625,12.2
22,0.1150217056274414,0.0,0.1090172603726387,0.0,0,0,1,0,0,0,1,1,1,1,0,0,False,0.09919403,0.06402165,0.20120075,0.032730784,0.072589435,1.1717434915146215e-27,0.3623708,0.19258335,-0.077615105,0.15479928,24.3,0.7587890625,12.2
23,0.0888223648071289,0.0,0.1090172603726387,0.0,0,0,1,0,0,0,1,1,1,1,0,0,False,0.14491428,0.13888627,0.3512662,0.012995344,0.073388256,1.0545691336964747e-27,0.35861206,0.19491395,-0.06320608,0.047113214,25.2,0.7587890625,12.2
24,0.1008751392364502,0.0,0.1090172603726387,0.0,0,0,1,0,0,0,1,1,1,1,0,0,False,0.14729042,0.12926897,0.34380054,0.031071773,0.07587205,9.491122203268273e-28,0.36198658,0.19368455,0.08447665,0.0666355,24.3,0.7587890625,12.2
25,0.08155861496925354,0.0,0.1090172603726387,0.0,0,0,1,0,0,0,1,1,1,1,0,0,False,0.07656693,0.045000155,0.16009365,0.026296774,0.06842663,8.54201015627514e-28,0.36129293,0.19419172,-0.12515403,0.1465949,24.2,0.7587890625,12.2
26,0.110416479408741,0.0,0.1090172603726387,0.0,0,0,1,0,0,0,1,1,1,1,0,0,False,0.33375397,0.23787148,0.8080184,0.12406373,0.22509235,7.687808707313388e-28,0.36096483,0.19470227,-0.12200624,0.11497838,24.2,0.7587890625,12.2
27,0.11142680048942566,0.0,0.1090172603726387,0.0,0,0,0,0,0,0,1,1,1,1,0,0,False,0.27277976,0.18085347,0.6397018,0.11106944,0.19194269,6.919027836582049e-28,0.36240733,0.19249271,-0.18175955,0.18243575,24.2,0.7587890625,12.2
28,0.13245297968387604,0.0,0.1090172603726387,0.0,0,0,1,0,0,0,1,1,1,1,0,0,False,0.24889827,0.156348,0.57550865,0.0980846,0.19031954,6.227125226257539e-28,0.36084414,0.19502148,-0.025562787,0.036423825,24.2,0.7587890625,12.2
29,0.09834654629230499,0.0,0.1090172603726387,0.0,0,0,1,0,0,0,1,1,1,1,0,0,False,0.20987852,0.15625615,0.46880844,0.0549995,0.13556819,5.604412660298362e-28,0.36088228,0.19545895,0.00079075695,0.027832052,24.2,0.7587890625,12.2
30,0.10352613776922226,0.0,0.1090172603726387,0.0,0,0,0,0,0,0,1,1,1,1,0,0,False,0.1747667,0.18318748,0.43774712,0.00109689,0.08779787,5.043971524268797e-28,0.3608051,0.1949817,0.017418044,0.03652588,24.2,0.7587890625,12.2
31,0.10621686279773712,0.0,0.1090172603726387,0.0,0,0,0,0,0,0,1,1,1,1,0,0,False,0.098684855,0.11079318,0.29681107,0.0020935559,0.037429854,4.539574371841917e-28,0.35968667,0.19560584,-0.022728667,0.03736041,24.2,0.7587890625,12.2
32,0.08056037127971649,0.0,0.1090172603726387,0.0,0,0,1,0,0,0,1,1,1,1,0,0,False,0.32383928,0.22006695,0.64736664,0.12844948,0.20984088,4.085616891324302e-28,0.36192435,0.193617,0.09850236,0.08906207,24.2,0.7587890625,12.2
33,0.09259999543428421,0.0,0.1090172603726387,0.0,0,0,1,0,0,0,1,1,1,1,0,0,False,0.21239544,0.15848723,0.4514389,0.056864828,0.13499534,3.6770550721916006e-28,0.3618762,0.19316925,-0.14938451,0.14355463,24.2,0.7587890625,12.2
34,0.07081208378076553,0.0,0.1090172603726387,0.0,0,0,1,0,0,0,1,1,1,1,0,0,False,0.106358014,0.07223191,0.22694947,0.043310214,0.06516211,3.3093495216390164e-28,0.36237454,0.19235449,-0.048455853,0.040842805,24.3,0.7587890625,12.2
35,0.09181012213230133,0.0,0.1090172603726387,0.0,0,0,1,0,0,0,1,1,1,1,0,0,False,0.13268001,0.10900993,0.321321,0.037644304,0.07787893,2.978414547808403e-28,0.36032042,0.19460583,-0.06360397,0.11493501,24.3,0.7587890625,12.2
36,0.09604579955339432,0.0,0.1090172603726387,0.0,0,0,0,0,0,0,1,1,1,1,0,0,False,0.078499116,0.05674086,0.1920516,0.018023321,0.068036556,2.6805730930275627e-28,0.35970333,0.1963328,0.025001183,0.053907562,24.1,0.7587890625,12.2
37,0.09496817737817764,0.0,0.1090172603726387,0.0,0,0,0,0,0,0,1,1,1,1,0,0,False,0.11817054,0.11398647,0.27762985,0.01280478,0.065736055,2.4125157837248064e-28,0.3611219,0.19444951,-0.0023606669,0.05319615,24.2,0.7587890625,12.2
38,0.08463693410158157,0.0,0.1090172603726387,0.0,0,0,1,0,0,0,1,1,1,1,0,0,False,0.22774984,0.17587739,0.4818451,0.070169315,0.13380113,2.1712640970187667e-28,0.36171156,0.19402692,-0.015389194,0.053888332,24.3,0.7587890625,12.2
39,0.08106976747512817,0.0,0.1090172603726387,0.0,0,0,0,0,0,0,1,1,1,1,0,0,False,0.20665842,0.16272488,0.43934268,0.05148492,0.11668045,1.954137643983466e-28,0.3597868,0.1964334,0.036752578,0.034553956,24.3,0.7587890625,12.2
40,0.09264004975557327,0.0,0.1090172603726387,0.0,0,0,1,0,0,0,1,1,1,1,0,0,False,0.2747661,0.23649918,0.6742028,0.05724163,0.150275,1.7587238362516957e-28,0.36072227,0.19476,0.03634471,0.05411287,24.2,0.7587890625,12.2
41,0.12473456561565399,0.0,0.1090172603726387,0.0,0,0,1,0,0,0,1,1,1,1,0,0,False,0.17473745,0.09094798,0.37334988,0.094304964,0.14516124,1.5828514526265261e-28,0.36074707,0.19442445,-0.07769313,0.11483132,24.2,0.7587890625,12.2
42,0.08759293705224991,0.0,0.1090172603726387,0.0,0,0,1,0,0,0,1,1,1,1,0,0,False,0.09566149,0.05099248,0.16121162,0.027497219,0.08591088,1.4245662640304497e-28,0.36046773,0.19412377,-0.030454606,0.04260348,24.2,0.7587890625,12.2
43,0.09687044471502304,0.0,0.1090172603726387,0.0,0,0,0,0,0,0,1,1,1,1,0,0,False,0.08674803,0.037168197,0.13963509,0.03644274,0.090417676,1.2821096917941844e-28,0.36061445,0.19518657,0.010321121,0.017499039,24.3,0.7587890625,12.2
44,0.1179540753364563,0.0,0.1090172603726387,0.0,0,0,1,0,0,0,1,1,1,1,0,0,False,0.19995718,0.12557717,0.46582156,0.079259686,0.15954852,1.1538987659481898e-28,0.36197093,0.19337356,-0.055080313,0.038819008,24.3,0.7587890625,12.2
45,0.10996109247207642,0.0,0.1090172603726387,0.0,0,0,0,0,0,0,1,1,1,1,0,0,False,0.19399266,0.14085092,0.4427064,0.05342922,0.13039967,1.0385089001867268e-28,0.3624932,0.19247523,0.011466877,0.024882844,24.2,0.7587890625,12.2
46,0.11951055377721786,0.0,0.1090172603726387,0.0,0,0,0,0,0,0,1,1,1,1,0,0,False,0.2579117,0.17894518,0.6194282,0.08111876,0.19570151,9.346579668346304e-29,0.36027136,0.19571605,-0.12617551,0.1444156,24.3,0.7587890625,12.2
47,0.09945888817310333,0.0,0.1090172603726387,0.0,0,0,1,0,0,0,1,1,1,1,0,0,False,0.14543067,0.1202739,0.349069,0.036469318,0.08391477,8.411921593178113e-29,0.36083296,0.19498536,0.03591643,0.03620525,24.1,0.7587890625,12.2
48,0.1184677705168724,0.0,0.1090172603726387,0.0,0,0,1,0,0,0,1,1,1,1,0,0,False,0.2926593,0.22318816,0.72732306,0.08407158,0.19343926,7.570729379693523e-29,0.36157006,0.19389334,0.035119485,0.052932262,24.3,0.7587890625,12.2
49,0.1352795660495758,0.0,0.1090172603726387,0.0,0,0,1,0,0,0,1,1,1,1,0,0,False,0.2646679,0.13451824,0.55528647,0.14905794,0.2182218,6.81365655005773e-29,0.3624023,0.19262463,-0.10010544,0.093332015,24.4,0.7587890625,12.2
0,0.10774500668048859,0.0,0.1090172603726387,0.0,0,0,1,0,0,0,1,1,1,1,0,0,False,0.13626072,0.052311946,0.20411421,0.060613472,0.136894,6.132291003385516e-29,0.36063856,0.19464841,0.025699662,0.024432918,21.9,0.7587890625,12.2
1,0.10957425832748413,0.0,0.1090172603726387,0.0,0,0,0,0,0,0,1,1,1,1,0,0,False,0.17860682,0.13614698,0.41741773,0.041774664,0.11513374,5.519061848880185e-29,0.3583631,0.19432996,0.033070717,0.052310813,24.2,0.7587890625,12.2
2,0.117591492831707,0.0,0.1090172603726387,0.0,0,0,0,0,0,0,1,1,1,1,0,0,False,0.21073295,0.17724879,0.5519702,0.03734583,0.15519547,4.9671554473250477e-29,0.36132112,0.1940461,-0.014016271,0.05466618,24.3,0.7587890625,12.2
3,0.10369723290205002,0.0,0.1090172603726387,0.0,0,0,1,0,0,0,1,1,1,1,0,0,False,0.07635448,0.0870352,0.24934183,0.0017479276,0.034831144,4.470439848425763e-29,0.35889778,0.19632354,0.016180458,0.03256573,24.3,0.7587890625,12.2
4,0.09011902660131454,0.0,0.1090172603726387,0.0,0,0,1,0,0,0,1,1,1,1,0,0,False,0.10988042,0.045554295,0.1696213,0.042786226,0.116333604,4.0233957281662373e-29,0.35947853,0.19600073,-0.0061295046,0.042136323,24.2,0.7587890625,12.2
5,0.09539008885622025,0.0,0.1090172603726387,0.0,0,0,0,0,0,0,1,1,1,1,0,0,False,0.18827862,0.14938943,0.39992085,0.051636547,0.11127491,3.621056263683173e-29,0.35839024,0.1968766,0.03722918,0.046815503,24.3,0.7587890625,12.2
6,0.10986273735761642,0.0,0.1090172603726387,0.0,0,0,1,0,0,0,1,1,1,1,0,0,False,0.0885436,0.033389617,0.15004022,0.059342843,0.07581785,3.258950528981297e-29,0.35998487,0.19573778,0.028283983,0.053045914,24.2,0.7587890625,12.2
7,0.1198234111070633,0.0,0.1090172603726387,0.0,0,0,0,0,0,0,1,1,1,1,0,0,False,0.1813237,0.086031094,0.36642534,0.10965052,0.15476358,2.9330555573333364e-29,0.3618632,0.19329318,0.0050068568,0.02341073,24.2,0.7587890625,12.2
8,0.10101290792226791,0.0,0.1090172603726387,0.0,0,0,1,0,0,0,1,1,1,1,0,0,False,0.28599748,0.19631264,0.573371,0.07528226,0.1988048,2.6397500286833924e-29,0.36030024,0.19509861,0.027150823,0.061109524,24.2,0.7587890625,12.2
9,0.10434560477733612,0.0,0.1090172603726387,0.0,0,0,0,0,0,0,1,1,1,1,0,0,False,0.11311785,0.04248818,0.17763485,0.059674133,0.11374415,2.3757749987316636e-29,0.36159983,0.19398092,0.07439317,0.071675725,24.3,0.7587890625,12.2
10,0.13007964193820953,0.0,0.1090172603726387,0.0,0,0,1,0,0,0,1,1,1,1,0,0,False,0.33969304,0.19471517,0.7366984,0.161573,0.2555145,2.1381974717751074e-29,0.35843784,0.19680628,-0.25355378,0.23608911,24.1,0.7587890625,12.2
11,0.09753049165010452,0.0,0.1090172603726387,0.0,0,0,1,0,0,0,1,1,1,1,0,0,False,0.17244416,0.14526716,0.39176333,0.04676322,0.09448621,1.9243777652226813e-29,0.3602379,0.19471374,0.042931426,0.03878497,24.2,0.7587890625,12.2
12,0.10299975425004959,0.0,0.1090172603726387,0.0,0,0,0,0,0,0,1,1,1,1,0,0,False,0.16195084,0.11645287,0.3672491,0.058976177,0.09965867,1.731939988700413e-29,0.36002117,0.19524369,0.025382228,0.024477078,24.2,0.7587890625,12.2
13,0.10220098495483398,0.0,0.1090172603726387,0.0,0,0,0,0,0,0,1,1,1,1,0,0,False,0.2061799,0.09733034,0.39689097,0.103944324,0.18256883,1.5587460439971516e-29,0.36027873,0.19578843,-0.0062394966,0.023509338,24.2,0.7587890625,12.2
14,0.10868066549301147,0.0,0.1090172603726387,0.0,0,0,0,0,0,0,1,1,1,1,0,0,False,0.2524293,0.17793626,0.5781788,0.09685345,0.16765752,1.4028713854306566e-29,0.36198708,0.19380961,-0.013810717,0.018717479,24.2,0.7587890625,12.2
15,0.11058145761489868,0.0,0.1090172603726387,0.0,0,0,0,0,0,0,1,1,1,1,0,0,False,0.11520084,0.11657017,0.30726323,0.008958712,0.050078306,1.2625843010543707e-29,0.35952753,0.1960535,0.03358344,0.055567484,24.1,0.7587890625,12.2
16,0.1048053652048111,0.0,0.1090172603726387,0.0,0,0,0,0,0,0,1,1,1,1,0,0,False,0.11408618,0.10978455,0.2834932,0.004081671,0.070949204,1.1363258709489336e-29,0.35867196,0.19617724,-0.03240632,0.040601607,20.1,0.7587890625,12.2
17,0.08526840806007385,0.0,0.1090172603726387,0.0,0,0,1,0,0,0,1,1,1,1,0,0,False,0.19236308,0.15002026,0.41466936,0.05804833,0.11347009,1.0226933109374302e-29,0.36226305,0.19324502,0.039953876,0.05918874,14.1,0.7587890625,12.2
18,0.10425615310668945,0.0,0.1090172603726387,0.0,0,0,1,0,0,0,1,1,1,1,0,0,False,0.07386821,0.073529094,0.21630715,0.009795645,0.043680765,9.20423993385382e-30,0.36236095,0.19228977,0.10023738,0.072208606,13.9,0.7587890625,12.2
19,0.11992153525352478,0.0,0.1090172603726387,0.0,0,0,1,0,0,0,1,1,1,1,0,0,False,0.10623423,0.09312742,0.23383881,0.004486959,0.07878145,8.28381566963454e-30,0.3610616,0.19419399,0.036808614,0.054579582,13.6,0.7587890625,12.2
20,0.09394806623458862,0.0,0.1090172603726387,0.0,0,0,1,0,0,0,1,1,1,1,0,0,False,0.16619469,0.11121593,0.35526088,0.05732299,0.114045575,7.45543430579651e-30,0.35882512,0.19494614,0.13067095,0.10814188,13.5,0.7587890625,12.2
21,0.11944405734539032,0.0,0.1090172603726387,0.0,0,0,1,0,0,0,1,1,1,1,0,0,False,0.096809536,0.046401024,0.17517634,0.051923048,0.07168038,6.709890875216859e-30,0.35994965,0.19569919,-0.18387477,0.16136041,13.5,0.7587890625,12.2
22,0.09655189514160156,0.0,0.1090172603726387,0.0,0,0,1,0,0,0,1,1,1,1,0,0,False,0.09145252,0.04582129,0.1593954,0.02997593,0.08268356,6.038901923112122e-30,0.36108497,0.19444205,0.0066839326,0.0143976025,13.5,0.7587890625,12.2
23,0.10768144577741623,0.0,0.1090172603726387,0.0,0,0,1,0,0,0,1,1,1,1,0,0,False,0.1656573,0.098210566,0.37932608,0.079073094,0.12870052,5.43501173080091e-30,0.3619645,0.1936694,-0.051861387,0.026429802,13.6,0.7587890625,12.2
24,0.10124155133962631,0.0,0.1090172603726387,0.0,0,0,0,0,0,0,1,1,1,1,0,0,False,0.18350495,0.17190273,0.43064258,0.027758451,0.0856479,4.891510726992005e-30,0.36247605,0.19261162,0.072200485,0.07238926,13.6,0.7587890625,12.2
25,0.09920860081911087,0.0,0.1090172603726387,0.0,0,0,0,0,0,0,1,1,1,1,0,0,False,0.103102855,0.10957872,0.27889925,0.00734461,0.046383716,4.402359654292805e-30,0.3573472,0.19717398,-0.12236772,0.14973848,13.5,0.7587890625,12.2
26,0.09294387698173523,0.0,0.1090172603726387,0.0,0,0,0,0,0,0,1,1,1,1,0,0,False,0.1389435,0.1052863,0.2958775,0.043551575,0.08352804,3.962123553446575e-30,0.35969254,0.19569588,-0.044178102,0.03904167,13.7,0.7587890625,12.2
27,0.09397825598716736,0.0,0.1090172603726387,0.0,0,0,0,0,0,0,1,1,1,1,0,0,False,0.21360181,0.20836903,0.575369,0.0096838,0.13072762,3.5659111642476804e-30,0.35937238,0.19473436,-0.010692724,0.058817934,13.6,0.7587890625,12.2
28,0.1109405905008316,0.0,0.1090172603726387,0.0,0,0,1,0,0,0,1,1,1,1,0,0,False,0.26217493,0.13755207,0.55060154,0.14775665,0.21700196,3.20932008167715e-30,0.3568022,0.1945058,0.10321766,0.09472019,13.5,0.7587890625,12.2
29,0.09552403539419174,0.0,0.1090172603726387,0.0,0,0,1,0,0,0,1,1,1,1,0,0,False,0.18359892,0.15762606,0.42041323,0.044189338,0.096845284,2.88838800580096e-30,0.36142555,0.19442786,-5.5615063e-05,0.04919139,13.6,0.7587890625,12.2
30,0.11462146043777466,0.0,0.1090172603726387,0.0,0,0,1,0,0,0,1,1,1,1,0,0,False,0.27167615,0.1332682,0.550961,0.1601865,0.22903363,2.5995492390751013e-30,0.36248824,0.19274232,-0.010328888,0.010788761,13.6,0.7587890625,12.2
31,0.09260270744562149,0.0,0.1090172603726387,0.0,0,0,1,0,0,0,1,1,1,1,0,0,False,0.19071645,0.13448267,0.4100806,0.04692048,0.13228868,2.339594230531998e-30,0.36025873,0.19529426,-0.018987685,0.043271374,13.6,0.7587890625,12.2
32,0.09458552300930023,0.0,0.1090172603726387,0.0,0,0,0,0,0,0,1,1,1,1,0,0,False,0.12079263,0.12111488,0.32448238,0.009252181,0.05611392,2.105634875187273e-30,0.36012802,0.19457407,-0.20150496,0.16183761,14.6,0.7587890625,12.2
33,0.10796114057302475,0.0,0.1090172603726387,0.0,0,0,1,0,0,0,1,1,1,1,0,0,False,0.31966683,0.21082439,0.6106416,0.095841385,0.22853892,1.8950713368871895e-30,0.35558563,0.19577996,0.07883805,0.0720337,18.8,0.7587890625,12.2
34,0.09018125385046005,0.0,0.1090172603726387,0.0,0,0,1,0,0,0,1,1,1,1,0,0,False,0.23053612,0.15101615,0.46455383,0.05588338,0.17151715,1.705564287834064e-30,0.3624531,0.192363,0.012857966,0.052560538,23.9,0.7587890625,12.2
35,0.09204366058111191,0.0,0.1090172603726387,0.0,0,0,0,0,0,0,1,1,1,1,0,0,False,0.17907824,0.16587305,0.46540433,0.0271068,0.10169803,1.5350078251964201e-30,0.36113852,0.19475964,0.03210246,0.06557063,24.3,0.7587890625,12.2
36,0.09952367842197418,0.0,0.1090172603726387,0.0,0,0,0,0,0,0,1,1,1,1,0,0,False,0.27584338,0.21140626,0.6793725,0.09596461,0.1782391,1.3815070426767782e-30,0.35971385,0.19580242,-0.055369075,0.028592557,25.3,0.7587890625,12.2
37,0.11795380711555481,0.0,0.1090172603726387,0.0,0,0,1,0,0,0,1,1,1,1,0,0,False,0.07693116,0.04889213,0.16586016,0.023710186,0.069151506,1.2433563637997784e-30,0.36188242,0.19326863,-0.17574424,0.15721247,24.3,0.7587890625,12.2
38,0.0981544777750969,0.0,0.1090172603726387,0.0,0,0,1,0,0,0,1,1,1,1,0,0,False,0.1050713,0.09832395,0.284192,0.022457236,0.049829207,1.1190207528104785e-30,0.3594219,0.19482791,0.0336575,0.05763137,24.2,0.7587890625,12.2
39,0.10592499375343323,0.0,0.1090172603726387,0.0,0,0,0,0,0,0,1,1,1,1,0,0,False,0.07961359,0.045745157,0.16120945,0.037498288,0.05498612,1.0071187029201086e-30,0.36108845,0.19505914,0.05206837,0.049981847,24.3,0.7587890625,12.2
40,0.11838346719741821,0.0,0.1090172603726387,0.0,0,0,1,0,0,0,1,1,1,1,0,0,False,0.19617492,0.09806033,0.409908,0.11255641,0.16356154,9.064068326280978e-31,0.3606096,0.19466582,0.0989796,0.097994916,25.3,0.7587890625,12.2
41,0.10398510098457336,0.0,0.1090172603726387,0.0,0,0,1,0,0,0,1,1,1,1,0,0,False,0.08724943,0.038497027,0.15058671,0.050528612,0.06963623,8.15766174755966e-31,0.36164588,0.19422832,-0.050860863,0.026917413,24.3,0.7587890625,12.2
42,0.09157732874155045,0.0,0.1090172603726387,0.0,0,0,1,0,0,0,1,1,1,1,0,0,False,0.1195679,0.11451025,0.3164258,0.022097414,0.05408803,7.341895657439287e-31,0.3615698,0.19331838,-0.020464614,0.02473183,24.4,0.7587890625,12.2
43,0.12086281180381775,0.0,0.1090172603726387,0.0,0,0,1,0,0,0,1,1,1,1,0,0,False,0.15530474,0.108879164,0.36376563,0.042244125,0.12392987,6.6077060070597645e-31,0.36192685,0.1936018,0.0043894,0.03823875,24.3,0.7587890625,12.2
44,0.09823817014694214,0.0,0.1090172603726387,0.0,0,0,1,0,0,0,1,1,1,1,0,0,False,0.19344972,0.12255432,0.42204687,0.08105712,0.13904878,5.946935194764805e-31,0.36007655,0.19655183,-0.066144645,0.03364367,24.2,0.7587890625,12.2
45,0.09602870047092438,0.0,0.1090172603726387,0.0,0,0,0,0,0,0,1,1,1,1,0,0,False,0.17991829,0.14804457,0.39164704,0.04500958,0.10204098,5.352241506017138e-31,0.36028773,0.19575047,0.044316832,0.07260631,24.2,0.7587890625,12.2
46,0.1077413335442543,0.0,0.1090172603726387,0.0,0,0,1,0,0,0,1,1,1,1,0,0,False,0.13181372,0.10824097,0.33485705,0.04038821,0.07654875,4.817017440051017e-31,0.3594347,0.19418001,0.116435565,0.10068726,24.2,0.7587890625,12.2
47,0.08778467774391174,0.0,0.1090172603726387,0.0,0,0,1,0,0,0,1,1,1,1,0,0,False,0.074061334,0.07063038,0.21180572,0.018853502,0.032876074,4.3353156537281196e-31,0.36028185,0.19531786,0.020644968,0.03126279,24.3,0.7587890625,12.2
48,0.10216015577316284,0.0,0.1090172603726387,0.0,0,0,1,0,0,0,1,1,1,1,0,0,False,0.14933714,0.13295868,0.3754812,0.035219774,0.077305146,3.901784215308697e-31,0.36172763,0.19389528,0.042458277,0.07077241,24.3,0.7587890625,12.2
49,0.08861749619245529,0.0,0.1090172603726387,0.0,0,0,1,0,0,0,1,1,1,1,0,0,False,0.14339411,0.12118854,0.34786183,0.036721926,0.077680066,3.5116058784134206e-31,0.3621896,0.19312885,-0.03878204,0.021147832,24.3,0.7587890625,12.2
0,0.09322939068078995,0.0,0.1090172603726387,0.0,0,0,0,0,0,0,1,1,1,1,0,0,False,0.1701542,0.10321653,0.3547631,0.06044357,0.1296396,3.16044539636657e-31,0.3616969,0.19436857,-0.021541506,0.14239933,22.6,0.7587890625,12.2
1,0.07602239400148392,0.0,0.1090172603726387,0.0,0,0,1,0,0,0,1,1,1,1,0,0,False,0.21657002,0.17148326,0.47936153,0.059945565,0.124953195,2.8444008567299133e-31,0.36059624,0.19481118,0.10535246,0.08152911,24.2,0.7587890625,12.2
2,0.08983690291643143,0.0,0.1090172603726387,0.0,0,0,1,0,0,0,1,1,1,1,0,0,False,0.101629585,0.07919069,0.21651208,0.03445227,0.056748588,2.5599607287391254e-31,0.3622502,0.1931287,-0.0019987163,0.012857936,24.4,0.7587890625,12.2
3,0.08880805969238281,0.0,0.1090172603726387,0.0,0,0,0,0,0,0,1,1,1,1,0,0,False,0.09770363,0.09417883,0.2537508,0.02432931,0.038858827,2.3039647193419075e-31,0.36255702,0.19287978,-0.120874636,0.15722421,24.3,0.7587890625,12.2
4,0.11167994141578674,0.0,0.1090172603726387,0.0,0,0,1,0,0,0,1,1,1,1,0,0,False,0.10981419,0.031695236,0.15031977,0.06699459,0.11224899,2.0735682262488187e-31,0.36157888,0.1936983,-0.06370352,0.03247493,24.2,0.7587890625,12.2
5,0.0781565010547638,0.0,0.1090172603726387,0.0,0,0,1,0,0,0,1,1,1,1,0,0,False,0.17631368,0.14073299,0.3906893,0.05007228,0.09891039,1.8662114459417334e-31,0.3581219,0.19641301,0.027164325,0.053637233,24.2,0.7587890625,12.2
6,0.09730026870965958,0.0,0.1090172603726387,0.0,0,0,1,0,0,0,1,1,1,1,0,0,False,0.14977974,0.08185643,0.3200648,0.076313704,0.11378701,1.6795902801886617e-31,0.3600298,0.19620043,0.033007506,0.030602435,24.2,0.7587890625,12.2
7,0.09982998669147491,0.0,0.1090172603726387,0.0,0,0,0,0,0,0,1,1,1,1,0,0,False,0.092538945,0.10002902,0.2841879,0.010671885,0.035494,1.5116312627492446e-31,0.36023548,0.19570708,-0.07126548,0.04407398,24.2,0.7587890625,12.2
8,0.09524600952863693,0.0,0.1090172603726387,0.0,0,0,0,0,0,0,1,1,1,1,0,0,False,0.08973337,0.077987656,0.2439088,0.025413204,0.048300516,1.3604681787921169e-31,0.36222658,0.19322942,-0.13665338,0.14795476,24.2,0.7587890625,12.2
9,0.09353307634592056,0.0,0.1090172603726387,0.0,0,0,0,0,0,0,1,1,1,1,0,0,False,0.08086196,0.08033475,0.21223202,0.010899497,0.040117234,1.2244213291745578e-31,0.36246735,0.19229455,0.016103694,0.06310345,25.2,0.7587890625,12.2
10,0.11504153907299042,0.0,0.1090172603726387,0.0,0,0,1,0,0,0,1,1,1,1,0,0,False,0.10870012,0.05726695,0.22043039,0.042228296,0.10399427,1.1019792279954494e-31,0.36171263,0.19414149,0.063998766,0.070003234,24.2,0.7587890625,12.2
11,0.09582311660051346,0.0,0.1090172603726387,0.0,0,0,1,0,0,0,1,1,1,1,0,0,False,0.09063151,0.032684878,0.14183588,0.054313537,0.077987924,9.917812522986587e-32,0.36238372,0.19237587,-0.1756506,0.15402795,24.3,0.7587890625,12.2
12,0.10486289113759995,0.0,0.1090172603726387,0.0,0,0,0,0,0,0,1,1,1,1,0,0,False,0.16754882,0.15588452,0.4030478,0.0155839445,0.092193395,8.926031482276911e-32,0.3605817,0.19542228,-0.027312757,0.14619394,24.0,0.7587890625,12.2
13,0.1135139912366867,0.0,0.1090172603726387,0.0,0,0,0,0,0,0,1,1,1,1,0,0,False,0.1389026,0.07179035,0.29307088,0.070789784,0.11427447,8.033428545638203e-32,0.36166373,0.19358389,-0.026609669,0.14391044,22.2,0.7587890625,12.2
14,0.0995996966958046,0.0,0.1090172603726387,0.0,0,0,1,0,0,0,1,1,1,1,0,0,False,0.118356764,0.075137556,0.23103002,0.05271259,0.077656,7.230085479485399e-32,0.36255062,0.19257817,0.08296159,0.09013764,20.7,0.7587890625,12.2
15,0.10927926003932953,0.0,0.1090172603726387,0.0,0,0,0,0,0,0,1,1,1,1,0,0,False,0.13510305,0.11924094,0.31761786,0.016175121,0.07606084,6.50707693153686e-32,0.3622222,0.19307476,0.087190785,0.09303974,21.3,0.7587890625,12.2
16,0.09812276065349579,0.0,0.1090172603726387,0.0,0,0,1,0,0,0,1,1,1,1,0,0,False,0.1668398,0.1317502,0.3829225,0.042118397,0.10120478,5.856369397074912e-32,0.35939163,0.19553615,0.13624911,0.09474838,24.3,0.7587890625,12.2
17,0.09764259308576584,0.0,0.1090172603726387,0.0,0,0,0,0,0,0,1,1,1,1,0,0,False,0.16653194,0.16282202,0.4412014,0.0018297003,0.10819045,5.270732351572928e-32,0.36187118,0.19343424,0.06916815,0.061349917,25.2,0.7587890625,12.2
18,0.08383402228355408,0.0,0.1090172603726387,0.0,0,0,1,0,0,0,1,1,1,1,0,0,False,0.14906465,0.1483051,0.38133523,0.0036033224,0.08770435,4.7436589048266525e-32,0.36141962,0.19399348,0.13044263,0.1102329,24.3,0.7587890625,12.2
19,0.10500357300043106,0.0,0.1090172603726387,0.0,0,0,1,0,0,0,1,1,1,1,0,0,False,0.1576149,0.12292156,0.33891043,0.03190129,0.0945193,4.269293067241233e-32,0.36158875,0.19404502,0.11918932,0.11994401,24.3,0.7587890625,12.2
20,0.09642389416694641,0.0,0.1090172603726387,0.0,0,0,0,0,0,0,1,1,1,1,0,0,False,0.16336784,0.15708102,0.4327669,0.0071687577,0.10988151,3.842363892760224e-32,0.36026514,0.19531098,-0.1822673,0.15908198,24.3,0.7587890625,12.2
21,0.11096259951591492,0.0,0.1090172603726387,0.0,0,0,1,0,0,0,1,1,1,1,0,0,False,0.22204573,0.1091864,0.4474284,0.13064998,0.18744051,3.4581275563814476e-32,0.36245906,0.19243807,-0.06330198,0.049133416,24.2,0.7587890625,12.2
22,0.08697905391454697,0.0,0.1090172603726387,0.0,0,0,1,0,0,0,1,1,1,1,0,0,False,0.123430796,0.049914755,0.18606453,0.05084513,0.13161515,3.1123147213974343e-32,0.36246258,0.19253722,0.04063795,0.038243223,24.3,0.7587890625,12.2
23,0.07800762355327606,0.0,0.1090172603726387,0.0,0,0,0,0,0,0,1,1,1,1,0,0,False,0.18394578,0.17314973,0.44233647,0.004603512,0.11918051,2.801083196360445e-32,0.35950848,0.19615564,0.03939655,0.038343716,24.2,0.7587890625,12.2
24,0.11023466289043427,0.0,0.1090172603726387,0.0,0,0,1,0,0,0,1,1,1,1,0,0,False,0.15639853,0.09204273,0.35007775,0.07240177,0.11631094,2.520974823827155e-32,0.35976207,0.19445151,0.055194974,0.091063954,24.3,0.7587890625,12.2
25,0.11834385991096497,0.0,0.1090172603726387,0.0,0,0,0,0,0,0,1,1,1,1,0,0,False,0.14430897,0.10477553,0.31281835,0.024961362,0.105740085,2.268877394341685e-32,0.3582455,0.19360018,0.02730762,0.053729072,24.3,0.7587890625,12.2
26,0.1001545786857605,0.0,0.1090172603726387,0.0,0,0,1,0,0,0,1,1,1,1,0,0,False,0.15895699,0.1299004,0.38861278,0.03865813,0.09454255,2.0419896020102705e-32,0.36174113,0.1942681,-0.0589284,0.08537695,24.3,0.7587890625,12.2
27,0.11155598610639572,0.0,0.1090172603726387,0.0,0,0,1,0,0,0,1,1,1,1,0,0,False,0.10057518,0.061132193,0.20489796,0.03411869,0.07980128,1.8377906285849321e-32,0.36058506,0.1959315,0.014542024,0.021455385,24.3,0.7587890625,12.2
28,0.10913650691509247,0.0,0.1090172603726387,0.0,0,0,0,0,0,0,1,1,1,1,0,0,False,0.13655342,0.11045666,0.34665635,0.039897714,0.0822205,1.6540115789507503e-32,0.36138937,0.1940948,-0.022364179,0.015972065,24.3,0.7587890625,12.2
29,0.10572803765535355,0.0,0.1090172603726387,0.0,0,0,0,0,0,0,1,1,1,1,0,0,False,0.1092546,0.063213624,0.21538448,0.04702052,0.08066304,1.4886104871772325e-32,0.3618545,0.19347192,0.010454069,0.02138926,24.3,0.7587890625,12.2
30,0.08548183739185333,0.0,0.1090172603726387,0.0,0,0,1,0,0,0,1,1,1,1,0,0,False,0.07693281,0.07816053,0.20190315,0.0049489615,0.039782375,1.3397494384595094e-32,0.3581007,0.19347146,0.06522453,0.044688836,24.2,0.7587890625,12.2
31,0.10824615508317947,0.0,0.1090172603726387,0.0,0,0,1,0,0,0,1,1,1,1,0,0,False,0.18123728,0.13928607,0.41850623,0.041918807,0.11508596,1.2057744681649354e-32,0.36085492,0.19533001,0.058655035,0.049073372,24.3,0.7587890625,12.2
32,0.08529376983642578,0.0,0.1090172603726387,0.0,0,0,1,0,0,0,1,1,1,1,0,0,False,0.18152924,0.15049392,0.40893665,0.04704135,0.09795742,1.0851970477970649e-32,0.35973606,0.1963965,0.012337609,0.050827354,24.3,0.7587890625,12.2
33,0.084991455078125,0.0,0.1090172603726387,0.0,0,0,0,0,0,0,1,1,1,1,0,0,False,0.14906265,0.14576414,0.35454398,0.0020441245,0.08883721,9.766773562416698e-33,0.35826358,0.19291241,-0.015007394,0.022074914,24.2,0.7587890625,12.2
34,0.09701341390609741,0.0,0.1090172603726387,0.0,0,0,1,0,0,0,1,1,1,1,0,0,False,0.09231314,0.097601175,0.2591494,0.003708998,0.04472308,8.790096007810357e-33,0.3605644,0.19506745,0.03619536,0.03655888,24.3,0.7587890625,12.2
35,0.11117755621671677,0.0,0.1090172603726387,0.0,0,0,1,0,0,0,1,1,1,1,0,0,False,0.13554667,0.079277314,0.30091205,0.059347276,0.10344781,7.911086605393992e-33,0.3616441,0.19391306,0.040330026,0.036551394,24.2,0.7587890625,12.2
36,0.094180628657341,0.0,0.1090172603726387,0.0,0,0,1,0,0,0,1,1,1,1,0,0,False,0.11913192,0.07653254,0.24928913,0.05275783,0.0798897,7.119977878733037e-33,0.36105055,0.19430515,-0.040728103,0.021573374,24.2,0.7587890625,12.2
37,0.11716394126415253,0.0,0.1090172603726387,0.0,0,0,1,0,0,0,1,1,1,1,0,0,False,0.3035487,0.13581038,0.5584118,0.14585894,0.27763954,6.407980289224404e-33,0.35857707,0.19631405,0.030584164,0.04225893,24.3,0.7587890625,12.2
38,0.10262946784496307,0.0,0.1090172603726387,0.0,0,0,1,0,0,0,1,1,1,1,0,0,False,0.0798281,0.076375104,0.22367291,0.015238469,0.042866126,5.767182392545078e-33,0.35949677,0.19487533,-0.004851264,0.05053618,24.2,0.7587890625,12.2
39,0.0874299556016922,0.0,0.1090172603726387,0.0,0,0,1,0,0,0,1,1,1,1,0,0,False,0.15957896,0.13293245,0.36780572,0.038066316,0.087687165,5.190464219412127e-33,0.36172876,0.19417755,-0.016318109,0.023365006,24.2,0.7587890625,12.2
40,0.10091794282197952,0.0,0.1090172603726387,0.0,0,0,1,0,0,0,1,1,1,1,0,0,False,0.29641804,0.20942995,0.6027116,0.10135895,0.19166993,4.6714179297140296e-33,0.36161542,0.19384848,0.05030069,0.05820923,24.2,0.7587890625,12.2
41,0.09535814076662064,0.0,0.1090172603726387,0.0,0,0,0,0,0,0,1,1,1,1,0,0,False,0.15607293,0.07808587,0.26958916,0.045680348,0.15057892,4.204276070621069e-33,0.3619262,0.19347118,-0.062289234,0.032724563,24.2,0.7587890625,12.2
42,0.09844101965427399,0.0,0.1090172603726387,0.0,0,0,0,0,0,0,1,1,1,1,0,0,False,0.2093659,0.1710021,0.46688983,0.047556113,0.12025817,3.783848430498184e-33,0.36224756,0.19309099,0.121076606,0.11980161,24.2,0.7587890625,12.2
43,0.09907463937997818,0.0,0.1090172603726387,0.0,0,0,0,0,0,0,1,1,1,1,0,0,False,0.17403312,0.122791104,0.39109606,0.046655998,0.12129192,3.405463521326808e-33,0.3619013,0.193535,-0.017410737,0.055318546,24.3,0.7587890625,12.2
44,0.09021607041358948,0.0,0.1090172603726387,0.0,0,0,0,0,0,0,1,1,1,1,0,0,False,0.18573773,0.17821991,0.48118332,0.01082496,0.1100087,3.0649173344980204e-33,0.36218855,0.19277593,-0.0106710605,0.016481401,24.3,0.7587890625,12.2
45,0.09469488263130188,0.0,0.1090172603726387,0.0,0,0,0,0,0,0,1,1,1,1,0,0,False,0.11384254,0.08727053,0.27404472,0.02729461,0.08214663,2.7584255679874397e-33,0.35893527,0.19703445,0.102170356,0.11746373,24.2,0.7587890625,12.2
46,0.1209612563252449,0.0,0.1090172603726387,0.0,0,0,1,0,0,0,1,1,1,1,0,0,False,0.15793647,0.083233975,0.32957664,0.082549706,0.12328155,2.4825829615975278e-33,0.35667714,0.19668525,-0.03540713,0.022147901,24.3,0.7587890625,12.2
47,0.10835708677768707,0.0,0.1090172603726387,0.0,0,0,1,0,0,0,1,1,1,1,0,0,False,0.18031275,0.07938406,0.33004755,0.08650028,0.16468456,2.234324615846607e-33,0.36165625,0.19397452,0.011755544,0.031962916,24.2,0.7587890625,12.2
48,0.10281630605459213,0.0,0.1090172603726387,0.0,0,0,0,0,0,0,1,1,1,1,0,0,False,0.20010678,0.15607363,0.50276935,0.05942645,0.12608564,2.0108921046707784e-33,0.36163527,0.1938363,-0.091593444,0.15062493,24.3,0.7587890625,12.2
49,0.11523094773292542,0.0,0.1090172603726387,0.0,0,0,1,0,0,0,1,1,1,1,0,0,False,0.27376768,0.16315956,0.61804897,0.13334909,0.21020958,1.8098028942037007e-33,0.3617607,0.19408487,0.025431195,0.06001446,25.4,0.7587890625,12.2
0,0.10380779951810837,0.0,0.1090172603726387,0.0,0,0,1,0,0,0,1,1,1,1,0,0,False,0.087874286,0.04493881,0.16778524,0.035904013,0.07497435,1.6288225717225518e-33,0.35994673,0.19593148,-0.029583814,0.034045395,21.7,0.7587890625,12.2
1,0.08178197592496872,0.0,0.1090172603726387,0.0,0,0,1,0,0,0,1,1,1,1,0,0,False,0.073113024,0.07221082,0.17478131,0.00038119077,0.04022014,1.465940380671854e-33,0.36195934,0.19361094,-0.18618691,0.1583669,24.2,0.7587890625,12.2
2,0.10965558141469955,0.0,0.1090172603726387,0.0,0,0,1,0,0,0,1,1,1,1,0,0,False,0.06598348,0.067813255,0.20534123,0.0038882077,0.047170796,1.3193463260742793e-33,0.3622017,0.19310483,0.121993065,0.12054541,24.3,0.7587890625,12.2
3,0.1087769865989685,0.0,0.1090172603726387,0.0,0,0,0,0,0,0,1,1,1,1,0,0,False,0.09670773,0.074868925,0.20582975,0.019497715,0.07047426,1.1874116686712673e-33,0.36250335,0.19267567,-0.03378706,0.019710114,24.2,0.7587890625,12.2
4,0.0902622640132904,0.0,0.1090172603726387,0.0,0,0,1,0,0,0,1,1,1,1,0,0,False,0.13031583,0.11558152,0.2934777,0.019070368,0.068678916,1.068670493538946e-33,0.36171216,0.19392467,-0.08194279,0.049395975,24.2,0.7587890625,12.2
5,0.11291328072547913,0.0,0.1090172603726387,0.0,0,0,1,0,0,0,1,1,1,1,0,0,False,0.15286049,0.09219658,0.33291504,0.06303633,0.107810244,9.61803427654662e-34,0.36014944,0.19500713,-0.03192034,0.13558824,24.2,0.7587890625,12.2
6,0.09467565268278122,0.0,0.1090172603726387,0.0,0,0,1,0,0,0,1,1,1,1,0,0,False,0.12981652,0.0683032,0.2707223,0.06709465,0.10866231,8.656230931543906e-34,0.36116812,0.19478704,0.008984857,0.05329151,24.2,0.7587890625,12.2
7,0.107998326420784,0.0,0.1090172603726387,0.0,0,0,1,0,0,0,1,1,1,1,0,0,False,0.13903524,0.05251926,0.2452713,0.09604052,0.11434384,7.790608003693408e-34,0.36222595,0.19287565,-0.119433545,0.13595873,24.3,0.7587890625,12.2
8,0.10509328544139862,0.0,0.1090172603726387,0.0,0,0,0,0,0,0,1,1,1,1,0,0,False,0.18181492,0.07821224,0.33887354,0.10789386,0.15862697,7.011547285976014e-34,0.3605966,0.19544299,0.02972914,0.05483591,24.2,0.7587890625,12.2
9,0.10720109939575195,0.0,0.1090172603726387,0.0,0,0,0,0,0,0,1,1,1,1,0,0,False,0.092232116,0.08194045,0.245007,0.012714204,0.052476987,6.310392640030359e-34,0.36140195,0.1939625,0.02364408,0.058886718,24.2,0.7587890625,12.2
10,0.10047701746225357,0.0,0.1090172603726387,0.0,0,0,0,0,0,0,1,1,1,1,0,0,False,0.11384165,0.11466286,0.32249427,0.015711341,0.04940114,5.679353293375377e-34,0.36223087,0.1930723,0.12924002,0.10225296,24.3,0.7587890625,12.2
11,0.10507091879844666,0.0,0.1090172603726387,0.0,0,0,0,0,0,0,1,1,1,1,0,0,False,0.15913226,0.13953702,0.38240165,0.018817171,0.0955721,5.111417881385892e-34,0.36192325,0.19345845,-0.014389698,0.03421799,24.2,0.7587890625,12.2
12,0.10686928778886795,0.0,0.1090172603726387,0.0,0,0,0,0,0,0,1,1,1,1,0,0,False,0.15099135,0.0700295,0.28869423,0.08456026,0.12826535,4.60027592794341e-34,0.3588595,0.19590458,-0.059959468,0.032107066,24.3,0.7587890625,12.2
13,0.10676353424787521,0.0,0.1090172603726387,0.0,0,0,0,0,0,0,1,1,1,1,0,0,False,0.122800566,0.06791087,0.25189695,0.061532177,0.09358016,4.140248417801015e-34,0.35945508,0.19569902,-0.16224192,0.15042096,24.3,0.7587890625,12.2
14,0.0910082757472992,0.0,0.1090172603726387,0.0,0,0,1,0,0,0,1,1,1,1,0,0,False,0.09224727,0.10008876,0.26569864,0.005577378,0.041276928,3.726223741324807e-34,0.36111122,0.19446225,-0.10970956,0.094859,24.3,0.7587890625,12.2
15,0.10488459467887878,0.0,0.1090172603726387,0.0,0,0,1,0,0,0,1,1,1,1,0,0,False,0.14892317,0.07149659,0.28485876,0.0794744,0.12296735,3.35360128454038e-34,0.35862356,0.19541737,-0.13969675,0.16424035,24.2,0.7587890625,12.2
16,0.13059444725513458,0.0,0.1090172603726387,0.0,0,0,1,0,0,0,1,1,1,1,0,0,False,0.38271642,0.24488698,0.88772863,0.15243892,0.27021807,3.0182412180753014e-34,0.36001736,0.19542158,-0.088123955,0.14739814,24.2,0.7587890625,12.2
17,0.12259428203105927,0.0,0.1090172603726387,0.0,0,0,0,0,0,0,1,1,1,1,0,0,False,0.2922839,0.15868582,0.6226303,0.15951245,0.23384869,2.716417178919718e-34,0.3614091,0.19450262,0.0381892,0.071722806,24.2,0.7587890625,12.2
18,0.09169486910104752,0.0,0.1090172603726387,0.0,0,0,1,0,0,0,1,1,1,1,0,0,False,0.114076585,0.1150795,0.30870765,0.013757041,0.04724045,2.4447755643426794e-34,0.36132246,0.1938087,-0.00159042,0.05056882,24.3,0.7587890625,12.2
19,0.09992562979459763,0.0,0.1090172603726387,0.0,0,0,0,0,0,0,1,1,1,1,0,0,False,0.27055606,0.1872593,0.55895686,0.07792781,0.1856367,2.2002979252564647e-34,0.35974914,0.1949144,-0.029982701,0.03623372,24.2,0.7587890625,12.2
20,0.123133584856987,0.0,0.1090172603726387,0.0,0,0,1,0,0,0,1,1,1,1,0,0,False,0.3896617,0.25308567,0.9042321,0.16679639,0.28432542,1.9802681120678316e-34,0.36081916,0.19556716,0.07870873,0.059444014,24.4,0.7587890625,12.2
21,0.10237277299165726,0.0,0.1090172603726387,0.0,0,0,1,0,0,0,1,1,1,1,0,0,False,0.09916652,0.03319853,0.1418211,0.06378073,0.09279269,1.782241280198062e-34,0.36244398,0.19237609,-0.016814092,0.023743533,24.3,0.7587890625,12.2
22,0.11046096682548523,0.0,0.1090172603726387,0.0,0,0,0,0,0,0,1,1,1,1,0,0,False,0.14064904,0.119075775,0.33198294,0.026316114,0.07425282,1.6040171315152691e-34,0.36053357,0.1952724,0.046354648,0.09184141,24.3,0.7587890625,12.2
23,0.1056111603975296,0.0,0.1090172603726387,0.0,0,0,0,0,0,0,1,1,1,1,0,0,False,0.09492525,0.04442563,0.1623798,0.04866281,0.0725105,1.4436154286952355e-34,0.36174965,0.19316971,0.07467737,0.08164375,24.2,0.7587890625,12.2
24,0.09250960499048233,0.0,0.1090172603726387,0.0,0,0,1,0,0,0,1,1,1,1,0,0,False,0.113642894,0.08298755,0.25438264,0.0437238,0.06866886,1.299253885825712e-34,0.36198035,0.19367254,-0.035960324,0.020842806,24.2,0.7587890625,12.2
25,0.10587631165981293,0.0,0.1090172603726387,0.0,0,0,1,0,0,0,1,1,1,1,0,0,False,0.16825412,0.12521137,0.34952864,0.047225162,0.10375422,1.1693285385691141e-34,0.36005253,0.19517133,0.044273186,0.029891795,24.2,0.7587890625,12.2
26,0.10903885215520859,0.0,0.1090172603726387,0.0,0,0,0,0,0,0,1,1,1,1,0,0,False,0.16982667,0.07531587,0.32178527,0.093600765,0.14644334,1.0523956640492161e-34,0.35975608,0.19595267,-0.02785706,0.034544718,25.4,0.7587890625,12.2
27,0.0879005417227745,0.0,0.1090172603726387,0.0,0,0,1,0,0,0,1,1,1,1,0,0,False,0.102053024,0.07920606,0.21550244,0.03220877,0.059227023,9.471560769813078e-35,0.36245683,0.1926815,0.10085058,0.08864834,24.3,0.7587890625,12.2
28,0.11179299652576447,0.0,0.1090172603726387,0.0,0,0,1,0,0,0,1,1,1,1,0,0,False,0.16484112,0.16002698,0.41676292,0.004234042,0.09748853,8.524404589516837e-35,0.35944614,0.19541487,0.0022728776,0.026554754,24.3,0.7587890625,12.2
29,0.10159566253423691,0.0,0.1090172603726387,0.0,0,0,1,0,0,0,1,1,1,1,0,0,False,0.1909589,0.15850592,0.4265497,0.051733017,0.107253954,7.671963923935287e-35,0.36222684,0.19309081,-0.01786821,0.022911593,24.2,0.7587890625,12.2
30,0.10371549427509308,0.0,0.1090172603726387,0.0,0,0,0,0,0,0,1,1,1,1,0,0,False,0.116567306,0.09427776,0.27506348,0.021169636,0.083340764,6.904767376569358e-35,0.36249402,0.19253191,0.051841676,0.050303634,25.4,0.7587890625,12.2
31,0.11532321572303772,0.0,0.1090172603726387,0.0,0,0,1,0,0,0,1,1,1,1,0,0,False,0.16695128,0.111183934,0.37715065,0.067525804,0.11751303,6.214290432282556e-35,0.3575512,0.19361848,0.11026523,0.085967034,24.2,0.7587890625,12.2
32,0.10371459275484085,0.0,0.1090172603726387,0.0,0,0,1,0,0,0,1,1,1,1,0,0,False,0.069033414,0.07952683,0.2341572,0.009860094,0.031153403,5.592861440711767e-35,0.36075866,0.19428,-0.030695803,0.017534724,24.2,0.7587890625,12.2
33,0.09602856636047363,0.0,0.1090172603726387,0.0,0,0,0,0,0,0,1,1,1,1,0,0,False,0.13436879,0.11675073,0.31186107,0.02737069,0.075157166,5.033575348298057e-35,0.3618788,0.19351092,0.025187999,0.13542464,24.3,0.7587890625,12.2
34,0.12946158647537231,0.0,0.1090172603726387,0.0,0,0,1,0,0,0,1,1,1,1,0,0,False,0.21276945,0.19332783,0.5598234,0.017625138,0.15623799,4.5302177618107846e-35,0.35672417,0.1948477,-0.11918953,0.114841074,25.2,0.7587890625,12.2
35,0.10182146728038788,0.0,0.1090172603726387,0.0,0,0,1,0,0,0,1,1,1,1,0,0,False,0.0928433,0.09247919,0.25233167,0.0153435655,0.0430454,4.077195985629706e-35,0.36045718,0.19496074,0.050710935,0.072024934,24.2,0.7587890625,12.2
36,0.09486311674118042,0.0,0.1090172603726387,0.0,0,0,0,0,0,0,1,1,1,1,0,0,False,0.12892716,0.09115156,0.26895592,0.046942458,0.08031761,3.669476257923069e-35,0.3619018,0.19324748,0.07849031,0.07230648,24.3,0.7587890625,12.2
37,0.11565769463777542,0.0,0.1090172603726387,0.0,0,0,1,0,0,0,1,1,1,1,0,0,False,0.18858434,0.07782608,0.3399409,0.10860435,0.1612615,3.302528735445695e-35,0.3608493,0.19481692,-0.049049422,0.025441403,24.2,0.7587890625,12.2
38,0.10219869762659073,0.0,0.1090172603726387,0.0,0,0,1,0,0,0,1,1,1,1,0,0,False,0.09007403,0.083413415,0.25988305,0.02390398,0.04566462,2.972275836072393e-35,0.35998395,0.19596866,0.099432856,0.06909978,24.2,0.7587890625,12.2
39,0.10341460257768631,0.0,0.1090172603726387,0.0,0,0,0,0,0,0,1,1,1,1,0,0,False,0.20912707,0.18077771,0.48834562,0.05154453,0.106100515,2.675048329951353e-35,0.35804227,0.19637002,0.039148342,0.087216,24.2,0.7587890625,12.2
40,0.10372968763113022,0.0,0.1090172603726387,0.0,0,0,0,0,0,0,1,1,1,1,0,0,False,0.08257485,0.042659823,0.16583265,0.046885733,0.06384751,2.407543496956218e-35,0.36158198,0.19370341,-0.01143919,0.03355356,24.3,0.7587890625,12.2
41,0.11921010911464691,0.0,0.1090172603726387,0.0,0,0,1,0,0,0,1,1,1,1,0,0,False,0.12878515,0.04884177,0.22968765,0.08363886,0.11366018,2.166789224746796e-35,0.36217713,0.19290105,-0.03162074,0.020117704,24.3,0.7587890625,12.2
42,0.12778861820697784,0.0,0.1090172603726387,0.0,0,0,0,0,0,0,1,1,1,1,0,0,False,0.32767975,0.21656047,0.77011156,0.1341613,0.23165852,1.9501103022721164e-35,0.3610341,0.19480607,0.05746187,0.05011469,24.2,0.7587890625,12.2
43,0.10036055743694305,0.0,0.1090172603726387,0.0,0,0,1,0,0,0,1,1,1,1,0,0,False,0.110077046,0.060732286,0.19236043,0.038643926,0.085639566,1.7550992333018047e-35,0.36254647,0.19287144,-0.0029468348,0.012219384,24.2,0.7587890625,12.2
44,0.10850156843662262,0.0,0.1090172603726387,0.0,0,0,0,0,0,0,1,1,1,1,0,0,False,0.14686672,0.11114765,0.35576156,0.052790698,0.091191396,1.579589245399791e-35,0.36139452,0.1942232,0.083937414,0.09194398,24.3,0.7587890625,12.2
45,0.11235750466585159,0.0,0.1090172603726387,0.0,0,0,0,0,0,0,1,1,1,1,0,0,False,0.17890067,0.15111281,0.43718916,0.038806662,0.106124744,1.4216302692023453e-35,0.35775766,0.195788,-0.003636381,0.050838783,24.3,0.7587890625,12.2
46,0.11688760668039322,0.0,0.1090172603726387,0.0,0,0,0,0,0,0,1,1,1,1,0,0,False,0.1676494,0.12588443,0.40013644,0.048185814,0.10924195,1.279467242282111e-35,0.361318,0.19443831,0.05473733,0.049694102,24.2,0.7587890625,12.2
47,0.11879468709230423,0.0,0.1090172603726387,0.0,0,0,0,0,0,0,1,1,1,1,0,0,False,0.21376874,0.11193854,0.44194755,0.114735566,0.16808775,1.1515204793107998e-35,0.3624443,0.19254091,-0.029319199,0.14931998,24.2,0.7587890625,12.2
48,0.12705446779727936,0.0,0.1090172603726387,0.0,0,0,0,0,0,0,1,1,1,1,0,0,False,0.15848339,0.06488266,0.2896022,0.10011011,0.13660614,1.0363684313797199e-35,0.3605669,0.19462208,-0.106950305,0.095212676,24.3,0.7587890625,12.2
49,0.11601194739341736,0.0,0.1090172603726387,0.0,0,0,1,0,0,0,1,1,1,1,0,0,False,0.16911234,0.0996042,0.356427,0.07719567,0.11836094,9.327316076132979e-36,0.36087736,0.1949183,0.01807233,0.02091313,24.3,0.7587890625,12.2
0,0.0790633037686348,0.0,0.1090172603726387,0.0,0,0,1,0,0,0,1,1,1,1,0,0,False,0.1542102,0.1582165,0.3751341,0.0011491061,0.0805611,8.394584339376014e-36,0.3594653,0.1952395,0.028476158,0.024081849,22.6,0.7587890625,12.2
1,0.10863310843706131,0.0,0.1090172603726387,0.0,0,0,1,0,0,0,1,1,1,1,0,0,False,0.12537263,0.109114185,0.29529354,0.0011016941,0.099449255,7.555125970010246e-36,0.36218205,0.19306964,-0.014512989,0.020537198,24.2,0.7587890625,12.2
2,0.08409486711025238,0.0,0.1090172603726387,0.0,0,0,1,0,0,0,1,1,1,1,0,0,False,0.29702422,0.256593,0.707344,0.05199785,0.16331628,6.79961356672472e-36,0.36191696,0.19313602,-0.009851855,0.03354008,25.3,0.7587890625,12.2
3,0.08188191056251526,0.0,0.1090172603726387,0.0,0,0,0,0,0,0,1,1,1,1,0,0,False,0.19483678,0.15481511,0.42235345,0.048428413,0.1061647,6.119652145480416e-36,0.36000305,0.1957883,-0.0389053,0.02117835,24.4,0.7587890625,12.2
4,0.11303432285785675,0.0,0.1090172603726387,0.0,0,0,1,0,0,0,1,1,1,1,0,0,False,0.12361608,0.05609474,0.24173044,0.06987154,0.101736024,5.5076868017887074e-36,0.36195794,0.19356915,-0.07980326,0.116713785,24.2,0.7587890625,12.2
5,0.10444542020559311,0.0,0.1090172603726387,0.0,0,0,0,0,0,0,1,1,1,1,0,0,False,0.14834863,0.057680786,0.24512969,0.0757917,0.13627937,4.9569181216098366e-36,0.3603364,0.19556907,-0.18332195,0.16009739,24.3,0.7587890625,12.2
6,0.11470100283622742,0.0,0.1090172603726387,0.0,0,0,1,0,0,0,1,1,1,1,0,0,False,0.1827116,0.12941626,0.43418348,0.050029088,0.14365906,4.461226309448853e-36,0.36080986,0.19508462,0.069043905,0.061431453,25.0,0.7587890625,12.2
7,0.09397663176059723,0.0,0.1090172603726387,0.0,0,0,1,0,0,0,1,1,1,1,0,0,False,0.1079238,0.06919074,0.20867757,0.036248907,0.074663565,4.015103710789884e-36,0.36058408,0.19490576,0.08292251,0.07183383,24.5,0.7587890625,12.2
8,0.10271814465522766,0.0,0.1090172603726387,0.0,0,0,0,0,0,0,1,1,1,1,0,0,False,0.07744657,0.062317755,0.19638327,0.011985595,0.054358557,3.6135934688545625e-36,0.36249626,0.19273306,-0.025453737,0.030492587,24.2,0.7587890625,12.2
9,0.09900402277708054,0.0,0.1090172603726387,0.0,0,0,0,0,0,0,1,1,1,1,0,0,False,0.11063706,0.11717748,0.29934457,0.0011118484,0.052972835,3.25223399282544e-36,0.36137527,0.19456694,-0.11050475,0.1567705,24.3,0.7587890625,12.2
10,0.11009925603866577,0.0,0.1090172603726387,0.0,0,0,1,0,0,0,1,1,1,1,0,0,False,0.12637301,0.11693004,0.3124909,0.013385358,0.06520944,2.9270105289710624e-36,0.36085728,0.19517191,0.004038325,0.04947473,25.0,0.7587890625,12.2
11,0.10142122209072113,0.0,0.1090172603726387,0.0,0,0,0,0,0,0,1,1,1,1,0,0,False,0.21057431,0.18962683,0.50118774,0.032608654,0.10760076,2.634309476073956e-36,0.36100426,0.1943166,0.06262833,0.065576516,24.3,0.7587890625,12.2
12,0.0971299335360527,0.0,0.1090172603726387,0.0,0,0,0,0,0,0,1,1,1,1,0,0,False,0.2077366,0.20924392,0.5665306,0.0024428475,0.12545016,2.3708785123236023e-36,0.36021608,0.19469072,-0.013658653,0.022063242,24.2,0.7587890625,12.2
13,0.10515110194683075,0.0,0.1090172603726387,0.0,0,0,0,0,0,0,1,1,1,1,0,0,False,0.18555588,0.158262,0.46124527,0.041426584,0.10605358,2.1337905965194087e-36,0.3618729,0.19302754,0.036741767,0.056234896,24.3,0.7587890625,12.2
14,0.10013533383607864,0.0,0.1090172603726387,0.0,0,0,0,0,0,0,1,1,1,1,0,0,False,0.08559715,0.034270722,0.14345218,0.04524509,0.08332745,1.9204115207245096e-36,0.3612941,0.19392596,-0.095249146,0.1478421,24.3,0.7587890625,12.2
15,0.0968974307179451,0.0,0.1090172603726387,0.0,0,0,0,0,0,0,1,1,1,1,0,0,False,0.12691145,0.09882472,0.2766325,0.03418889,0.07300933,1.7283703686520588e-36,0.36191875,0.193258,0.00975692,0.14002888,22.9,0.7587890625,12.2
16,0.10031482577323914,0.0,0.1090172603726387,0.0,0,0,0,0,0,0,1,1,1,1,0,0,False,0.21011214,0.19221233,0.5273626,0.026858866,0.11519529,1.5555333640727695e-36,0.3624967,0.1925167,0.014016156,0.02468417,19.3,0.7587890625,12.2
17,0.10037912428379059,0.0,0.1090172603726387,0.0,0,0,0,0,0,0,1,1,1,1,0,0,False,0.14789452,0.08406235,0.3030794,0.06499019,0.11401746,1.3999799792366176e-36,0.36122876,0.19384879,0.02568508,0.03592897,17.2,0.7587890625,12.2
18,0.07966410368680954,0.0,0.1090172603726387,0.0,0,0,1,0,0,0,1,1,1,1,0,0,False,0.23649323,0.19012268,0.52393836,0.048185512,0.13851114,1.2599819490270393e-36,0.35986814,0.19479433,0.005746435,0.020302748,14.5,0.7587890625,12.2
19,0.10805188864469528,0.0,0.1090172603726387,0.0,0,0,1,0,0,0,1,1,1,1,0,0,False,0.14999287,0.08105609,0.30881786,0.07658639,0.11401476,1.133983737981377e-36,0.36111918,0.19430077,0.05402587,0.057796504,13.6,0.7587890625,12.2
20,0.13996122777462006,0.0,0.1090172603726387,0.0,0,0,1,0,0,0,1,1,1,1,0,0,False,0.32427254,0.20235567,0.7418376,0.12776941,0.24123125,1.020585348040281e-36,0.36184767,0.19337443,0.15947403,0.14625,13.6,0.7587890625,12.2
21,0.09001591056585312,0.0,0.1090172603726387,0.0,0,0,1,0,0,0,1,1,1,1,0,0,False,0.25085095,0.25430235,0.6804141,0.004081123,0.15311715,9.18526821307732e-37,0.35972112,0.19651175,-0.0718238,0.13350815,13.6,0.7587890625,12.2
22,0.10393383353948593,0.0,0.1090172603726387,0.0,0,0,1,0,0,0,1,1,1,1,0,0,False,0.1913362,0.13888855,0.42066315,0.050577987,0.12610497,8.266741149625214e-37,0.3597002,0.19589274,0.0016784495,0.058075327,13.6,0.7587890625,12.2
23,0.10868995636701584,0.0,0.1090172603726387,0.0,0,0,0,0,0,0,1,1,1,1,0,0,False,0.13216524,0.05598259,0.24197632,0.07778019,0.11883505,7.440066711803526e-37,0.3607368,0.19452041,0.05711329,0.061056953,19.2,0.7587890625,12.2
24,0.0970589742064476,0.0,0.1090172603726387,0.0,0,0,1,0,0,0,1,1,1,1,0,0,False,0.30120298,0.20446107,0.601236,0.085752435,0.20949523,6.696059959908382e-37,0.3602594,0.19554822,0.14685328,0.108610205,24.2,0.7587890625,12.2
25,0.10126420110464096,0.0,0.1090172603726387,0.0,0,0,0,0,0,0,1,1,1,1,0,0,False,0.12427983,0.10616221,0.2721367,0.014719832,0.07483465,6.026454084989731e-37,0.36034232,0.19496766,0.07185913,0.06320636,24.2,0.7587890625,12.2
26,0.08544311672449112,0.0,0.1090172603726387,0.0,0,0,1,0,0,0,1,1,1,1,0,0,False,0.1580346,0.13004783,0.3725412,0.043913558,0.087634996,5.423808797562945e-37,0.36246997,0.19262062,0.10088304,0.07288799,24.3,0.7587890625,12.2
27,0.11640086770057678,0.0,0.1090172603726387,0.0,0,0,1,0,0,0,1,1,1,1,0,0,False,0.17934717,0.14816508,0.43615818,0.03546189,0.11732244,4.881427998521443e-37,0.3614679,0.19452566,-0.13754733,0.14878577,24.2,0.7587890625,12.2
28,0.1302880495786667,0.0,0.1090172603726387,0.0,0,0,1,0,0,0,1,1,1,1,0,0,False,0.20390224,0.104977526,0.43306082,0.10982999,0.17194223,4.393285117954507e-37,0.36248717,0.19266547,-0.09888345,0.14111233,24.3,0.7587890625,12.2
29,0.10082374513149261,0.0,0.1090172603726387,0.0,0,0,1,0,0,0,1,1,1,1,0,0,False,0.2284966,0.15577678,0.45078936,0.06173486,0.16007236,3.953956525444265e-37,0.358913,0.19563784,-0.15254407,0.14346544,24.3,0.7587890625,12.2
30,0.0938933938741684,0.0,0.1090172603726387,0.0,0,0,0,0,0,0,1,1,1,1,0,0,False,0.12630445,0.11953194,0.29485467,0.019924786,0.06395238,3.558560993972025e-37,0.3620266,0.19273758,-0.057981674,0.11584448,24.2,0.7587890625,12.2
31,0.0919233039021492,0.0,0.1090172603726387,0.0,0,0,0,0,0,0,1,1,1,1,0,0,False,0.10553244,0.101660036,0.2834366,0.014770937,0.04630313,3.202704813860031e-37,0.35971355,0.19609031,0.031192025,0.034171026,24.2,0.7587890625,12.2
32,0.09903519600629807,0.0,0.1090172603726387,0.0,0,0,0,0,0,0,1,1,1,1,0,0,False,0.31272963,0.21322012,0.61097217,0.099344954,0.21407096,2.8824343728314238e-37,0.3567471,0.1947178,-0.0128841,0.0305414,24.2,0.7587890625,12.2
33,0.10318957269191742,0.0,0.1090172603726387,0.0,0,0,0,0,0,0,1,1,1,1,0,0,False,0.113206685,0.08451552,0.28353372,0.046427622,0.07453786,2.5941909557269794e-37,0.3616204,0.19390076,0.04447413,0.06070277,24.2,0.7587890625,12.2
34,0.11348817497491837,0.0,0.1090172603726387,0.0,0,0,1,0,0,0,1,1,1,1,0,0,False,0.17061178,0.07408101,0.32665932,0.11451301,0.14116521,2.334771799618188e-37,0.36139756,0.1943232,-0.09693878,0.09599214,24.3,0.7587890625,12.2
35,0.12204435467720032,0.0,0.1090172603726387,0.0,0,0,0,0,0,0,1,1,1,1,0,0,False,0.11509329,0.03747693,0.1922559,0.07881352,0.10480672,2.101294579298973e-37,0.36198765,0.19355562,0.04263674,0.052830685,24.2,0.7587890625,12.2
36,0.088321253657341,0.0,0.1090172603726387,0.0,0,0,1,0,0,0,1,1,1,1,0,0,False,0.18045549,0.14194295,0.40655267,0.049251847,0.10824466,1.891165121369076e-37,0.35947,0.19438224,-0.0026005406,0.034967247,24.2,0.7587890625,12.2
37,0.11233778297901154,0.0,0.1090172603726387,0.0,0,0,1,0,0,0,1,1,1,1,0,0,False,0.12934911,0.06368999,0.2642315,0.067117445,0.104216255,1.7020485486960746e-37,0.35869545,0.19613957,0.01059711,0.03407352,24.4,0.7587890625,12.2
38,0.09131806343793869,0.0,0.1090172603726387,0.0,0,0,1,0,0,0,1,1,1,1,0,0,False,0.08081814,0.05906166,0.19271879,0.02734278,0.050169572,1.5318436534690713e-37,0.36050385,0.19436033,-0.10740906,0.14253719,24.3,0.7587890625,12.2
39,0.10125353932380676,0.0,0.1090172603726387,0.0,0,0,0,0,0,0,1,1,1,1,0,0,False,0.12941913,0.13126023,0.35262167,0.016729765,0.052450106,1.3786592881221643e-37,0.36160445,0.19415623,-0.14088185,0.122933514,24.2,0.7587890625,12.2
40,0.11887884140014648,0.0,0.1090172603726387,0.0,0,0,1,0,0,0,1,1,1,1,0,0,False,0.12064471,0.05049038,0.22288962,0.070194304,0.09972992,1.2407933794886457e-37,0.36194044,0.19322924,0.03746797,0.036813486,24.3,0.7587890625,12.2
41,0.10439500212669373,0.0,0.1090172603726387,0.0,0,0,1,0,0,0,1,1,1,1,0,0,False,0.14527379,0.1377234,0.35311413,0.0051059104,0.08834583,1.116714061718479e-37,0.35892862,0.19588435,0.053917408,0.050326902,24.3,0.7587890625,12.2
42,0.07357991486787796,0.0,0.1090172603726387,0.0,0,0,1,0,0,0,1,1,1,1,0,0,False,0.248469,0.18855664,0.53517824,0.06722417,0.14176749,1.0050426252785843e-37,0.36224204,0.19323213,-0.022559619,0.036486935,24.3,0.7587890625,12.2
43,0.09071209281682968,0.0,0.1090172603726387,0.0,0,0,1,0,0,0,1,1,1,1,0,0,False,0.14693162,0.14605105,0.35893646,0.004553951,0.08019407,9.045383829294237e-38,0.35982656,0.19529262,-0.17030127,0.152687,25.3,0.7587890625,12.2
44,0.11255928874015808,0.0,0.1090172603726387,0.0,0,0,1,0,0,0,1,1,1,1,0,0,False,0.1187824,0.089505635,0.3033701,0.047259636,0.082742244,8.140845446364813e-38,0.35730568,0.19536577,0.067468725,0.061662327,24.3,0.7587890625,12.2
45,0.11042005568742752,0.0,0.1090172603726387,0.0,0,0,0,0,0,0,1,1,1,1,0,0,False,0.2777376,0.18767522,0.5542313,0.06805118,0.19744897,7.326761103515311e-38,0.36162856,0.19359115,0.0623029,0.07091748,24.2,0.7587890625,12.2
46,0.09825720638036728,0.0,0.1090172603726387,0.0,0,0,1,0,0,0,1,1,1,1,0,0,False,0.111807354,0.095986985,0.24869248,0.02732665,0.057249658,6.594085194950758e-38,0.3616199,0.1938245,-0.1594661,0.1546118,24.3,0.7587890625,12.2
47,0.1117347776889801,0.0,0.1090172603726387,0.0,0,0,1,0,0,0,1,1,1,1,0,0,False,0.15190113,0.09924303,0.35788134,0.0572132,0.11601836,5.934676625008938e-38,0.3597356,0.19608621,0.014063395,0.05206186,25.4,0.7587890625,12.2
48,0.10221299529075623,0.0,0.1090172603726387,0.0,0,0,0,0,0,0,1,1,1,1,0,0,False,0.098067395,0.084458694,0.21809416,0.015082407,0.064164,5.341209012954789e-38,0.36006334,0.19517216,-0.007347202,0.020204734,24.2,0.7587890625,12.2
49,0.10161512345075607,0.0,0.1090172603726387,0.0,0,0,0,0,0,0,1,1,1,1,0,0,False,0.08171523,0.04607791,0.16935246,0.044068743,0.058284767,4.807087960319076e-38,0.36226147,0.1933051,-0.13871019,0.14991511,24.2,0.7587890625,12.2
0,0.10100492835044861,0.0,0.1090172603726387,0.0,0,0,0,0,0,0,1,1,1,1,0,0,False,0.15467319,0.11178413,0.34049222,0.053314324,0.09211867,4.326379416520892e-38,0.3605246,0.19499911,-0.034493204,0.036863808,21.7,0.7587890625,12.2
1,0.09069623798131943,0.0,0.1090172603726387,0.0,0,0,1,0,0,0,1,1,1,1,0,0,False,0.15989578,0.12757102,0.37184098,0.041042205,0.09591166,3.8937415757622925e-38,0.36145538,0.19430307,0.07381178,0.100862674,24.2,0.7587890625,12.2
2,0.10373063385486603,0.0,0.1090172603726387,0.0,0,0,1,0,0,0,1,1,1,1,0,0,False,0.13450195,0.1285933,0.33078167,0.006574018,0.08608769,3.504367367739318e-38,0.36245126,0.19255087,0.079149015,0.05190918,24.1,0.7587890625,12.2
3,0.09479714184999466,0.0,0.1090172603726387,0.0,0,0,0,0,0,0,1,1,1,1,0,0,False,0.19987305,0.17644668,0.45422968,0.034223102,0.10063137,3.153930731858876e-38,0.36192265,0.19350068,0.117076516,0.11958388,22.1,0.7587890625,12.2
4,0.0906991958618164,0.0,0.1090172603726387,0.0,0,0,0,0,0,0,1,1,1,1,0,0,False,0.15849324,0.14517267,0.39526078,0.02152668,0.09515382,2.8385376838963607e-38,0.35827777,0.19549127,-0.05869533,0.0341128,24.3,0.7587890625,12.2
5,0.09096727520227432,0.0,0.1090172603726387,0.0,0,0,0,0,0,0,1,1,1,1,0,0,False,0.08282239,0.08747965,0.25200027,0.010713713,0.03391992,2.554683940730097e-38,0.36200473,0.19369517,0.0025460946,0.028993437,24.4,0.7587890625,12.2
6,0.09345404803752899,0.0,0.1090172603726387,0.0,0,0,0,0,0,0,1,1,1,1,0,0,False,0.10223321,0.10991158,0.28698286,0.0055499338,0.046863135,2.2992155718804595e-38,0.361857,0.19307968,0.095410556,0.07503351,24.3,0.7587890625,12.2
7,0.1001916155219078,0.0,0.1090172603726387,0.0,0,0,0,0,0,0,1,1,1,1,0,0,False,0.14251949,0.14455403,0.36080387,0.009979887,0.074144855,2.0692940651391584e-38,0.36105102,0.19411133,0.0054725544,0.032932814,24.2,0.7587890625,12.2
8,0.09646890312433243,0.0,0.1090172603726387,0.0,0,0,0,0,0,0,1,1,1,1,0,0,False,0.24446732,0.20254423,0.54443836,0.05837989,0.13592362,1.8623646712369287e-38,0.36247876,0.19237038,-0.007956688,0.034422677,24.3,0.7587890625,12.2
9,0.10558353364467621,0.0,0.1090172603726387,0.0,0,0,0,0,0,0,1,1,1,1,0,0,False,0.09170303,0.07827754,0.21178667,0.003994079,0.072715536,1.6761281536664913e-38,0.36255914,0.19280231,0.030454397,0.028886758,24.3,0.7587890625,12.2
10,0.11398008465766907,0.0,0.1090172603726387,0.0,0,0,0,0,0,0,1,1,1,1,0,0,False,0.15507236,0.06914897,0.301517,0.095280364,0.1321501,1.5085153130764696e-38,0.3591903,0.19653638,-0.047767315,0.03373578,24.3,0.7587890625,12.2
11,0.07946305721998215,0.0,0.1090172603726387,0.0,0,0,1,0,0,0,1,1,1,1,0,0,False,0.19659913,0.14459302,0.41685835,0.067257516,0.12030783,1.3576637817688227e-38,0.35978007,0.19467099,0.13474226,0.10700062,24.2,0.7587890625,12.2
12,0.08002518862485886,0.0,0.1090172603726387,0.0,0,0,0,0,0,0,1,1,1,1,0,0,False,0.12670125,0.10795595,0.28928515,0.03196291,0.06264508,1.2218973405335096e-38,0.36090186,0.19542874,0.023017503,0.05654188,24.2,0.7587890625,12.2
13,0.08317991346120834,0.0,0.1090172603726387,0.0,0,0,0,0,0,0,1,1,1,1,0,0,False,0.11201728,0.104553185,0.27880907,0.017179651,0.06002169,1.099707631703531e-38,0.36156145,0.19384763,0.015407345,0.023286121,24.2,0.7587890625,12.2
14,0.12425888329744339,0.0,0.1090172603726387,0.0,0,0,1,0,0,0,1,1,1,1,0,0,False,0.11130155,0.0794214,0.23284703,0.017952956,0.1050077,9.89736881144864e-39,0.36248535,0.19249511,-0.040322095,0.14306329,24.3,0.7587890625,12.2
15,0.08436837792396545,0.0,0.1090172603726387,0.0,0,0,1,0,0,0,1,1,1,1,0,0,False,0.11699844,0.12074959,0.29637083,0.004906755,0.059394293,8.907631425836329e-39,0.36073846,0.19483355,-0.043369636,0.03225301,24.2,0.7587890625,12.2
16,0.10275328904390335,0.0,0.1090172603726387,0.0,0,0,1,0,0,0,1,1,1,1,0,0,False,0.12129036,0.082825035,0.2709747,0.04543173,0.07460675,8.016868031018973e-39,0.36158472,0.19375227,-0.03804937,0.08488694,24.2,0.7587890625,12.2
17,0.0924442708492279,0.0,0.1090172603726387,0.0,0,0,1,0,0,0,1,1,1,1,0,0,False,0.06822834,0.05962762,0.18856679,0.025250325,0.034282982,7.215180975683352e-39,0.3606771,0.19433036,0.0214563,0.027017623,24.3,0.7587890625,12.2
