epoch,train_loss,train_acc,val_loss,val_acc,large_weight_count,acc_gap_too_big,loss_oscillation,dying_relu,gradient_vanish,gradient_explode,decrease_acc_count,increase_loss_count,cons_mean_weight_count,cons_std_weight_count,nan_weight_count,nan_gradients_count,saturated_activation,mean_gradient,gradient_std,gradient_max,gradient_min,gradient_median,adjusted_lr,mean_activation,std_activation,mean_grad,std_grad,cpu_utilization,gpu_memory_utilization,memory_usage
0,0.6600661277770996,0.0,0.734943687915802,0.0,0,0,0,0,0,0,1,1,1,1,0,0,False,0.42143717,0.3083804,0.9358773,0.12408854,0.33671278,0.0009000000427477062,0.18077722,0.21435997,0.0021406661,0.05183077,0.9,1.17041015625,8.9
1,0.7235003113746643,0.0,0.5706188678741455,0.0,0,0,1,0,0,0,1,1,1,1,0,0,False,0.38892284,0.10818643,0.55437726,0.23348121,0.38314188,0.0008100000384729356,0.21522775,0.21888097,-0.055968713,0.110004,3.3,1.17041015625,8.9
2,0.6050167083740234,0.0,0.43954330682754517,0.0,0,0,1,0,0,0,1,1,1,1,0,0,False,0.31303877,0.065733515,0.3836517,0.20841728,0.33122525,0.0007290000503417104,0.24392095,0.22238143,-0.07170669,0.1119859,3.3,1.17041015625,8.9
3,0.34113892912864685,0.0,0.3417127728462219,0.0,0,0,1,0,0,0,1,1,1,1,0,0,False,0.37367794,0.1894397,0.63695776,0.18811832,0.31460106,0.0006561000715009868,0.26005933,0.22578272,0.17796744,0.11293071,3.4,1.17041015625,8.9
4,0.3205818235874176,0.0,0.2760176360607147,0.0,0,0,1,0,0,0,1,1,1,1,0,0,False,0.23901235,0.08205372,0.32783613,0.100294724,0.26041102,0.0005904900433961303,0.29975662,0.22998455,-0.0056377654,0.02315137,3.3,1.17041015625,8.9
5,0.23197434842586517,0.0,0.24186831712722778,0.0,0,0,1,0,0,0,1,1,1,1,0,0,False,0.31557027,0.21452883,0.70141655,0.052457295,0.31614512,0.0005314410547725857,0.31084397,0.2327427,-0.05129372,0.06847689,3.3,1.17041015625,8.9
6,0.23886583745479584,0.0,0.22240833938121796,0.0,0,0,0,0,0,0,1,1,1,1,0,0,False,0.10746247,0.05471472,0.18683673,0.02527151,0.11664149,0.00047829695977270604,0.34567958,0.23458526,-0.04378125,0.11694988,3.5,1.17041015625,8.9
7,0.18602420389652252,0.0,0.21132782101631165,0.0,0,0,1,0,0,0,1,1,1,1,0,0,False,0.36450684,0.1613677,0.6488021,0.17283355,0.33299413,0.0004304672533180565,0.3368486,0.23260696,0.09231069,0.072624676,3.3,1.17041015625,8.9
8,0.17569249868392944,0.0,0.20176388323307037,0.0,0,0,1,0,0,0,1,1,1,1,0,0,False,0.23869808,0.122748554,0.47095814,0.09786608,0.21058524,0.00038742052274756136,0.36085066,0.23402973,0.046887305,0.061601654,3.5,1.17041015625,8.9
9,0.22756631672382355,0.0,0.1959579586982727,0.0,0,0,1,0,0,0,1,1,1,1,0,0,False,0.11911001,0.07919681,0.2179554,0.011492615,0.11830069,0.0003486784757114947,0.34304315,0.23163728,0.016404992,0.051879663,3.4,1.17041015625,8.9
10,0.17038501799106598,0.0,0.19027942419052124,0.0,0,0,1,0,0,0,1,1,1,1,0,0,False,0.32861704,0.15412934,0.6047703,0.14798376,0.2952632,0.00031381062290165574,0.36529,0.23245299,-0.19047444,0.18666478,3.3,1.17041015625,8.9
11,0.20607906579971313,0.0,0.18508665263652802,0.0,0,0,1,0,0,0,1,1,1,1,0,0,False,0.33188468,0.2398325,0.78026056,0.058378097,0.3310768,0.0002824295632308349,0.36983815,0.23508425,0.015596234,0.033446625,3.4,1.17041015625,8.9
12,0.14527252316474915,0.0,0.1804242581129074,0.0,0,0,1,0,0,0,1,1,1,1,0,0,False,0.11086935,0.09333903,0.26672533,0.00883483,0.09142711,0.00025418660952709616,0.35868448,0.23224926,0.03516123,0.035629813,3.4,1.17041015625,8.9
13,0.17333044111728668,0.0,0.17662209272384644,0.0,0,0,1,0,0,0,1,1,1,1,0,0,False,0.11352939,0.043713678,0.19237545,0.056330137,0.10600871,0.00022876793809700757,0.37327415,0.23350418,-0.026817143,0.024124773,3.3,1.17041015625,8.9
14,0.1351604461669922,0.0,0.17357176542282104,0.0,0,0,1,0,0,0,1,1,1,1,0,0,False,0.25651625,0.16866356,0.5097118,0.054347917,0.21129754,0.00020589114428730683,0.3583581,0.23355393,0.0736093,0.061066598,3.3,1.17041015625,8.9
15,0.13374914228916168,0.0,0.17060059309005737,0.0,0,0,0,0,0,0,1,1,1,1,0,0,False,0.060646426,0.06747389,0.19660509,1.9626617e-05,0.03055194,0.00018530203378759326,0.38187352,0.23336723,0.060546786,0.04808512,3.3,1.17041015625,8.9
16,0.17853239178657532,0.0,0.167269766330719,0.0,0,0,1,0,0,0,1,1,1,1,0,0,False,0.2465712,0.17764805,0.57721055,0.04821794,0.22933398,0.00016677183302817866,0.37568286,0.23083866,-0.2824154,0.25157338,3.3,1.17041015625,8.9
17,0.187287375330925,0.0,0.16541726887226105,0.0,0,0,0,0,0,0,1,1,1,1,0,0,False,0.14549883,0.118541576,0.3567441,0.004756174,0.15557082,0.00015009464841568844,0.37652463,0.23167785,-0.13687846,0.16831504,3.3,1.17041015625,8.9
18,0.14062727987766266,0.0,0.16279473900794983,0.0,0,0,1,0,0,0,1,1,1,1,0,0,False,0.27890864,0.13028185,0.5235066,0.14778985,0.24197367,0.0001350851875031367,0.37680358,0.23114164,-0.05905472,0.054708574,3.3,1.177978515625,8.9
19,0.14968125522136688,0.0,0.1606742888689041,0.0,0,0,0,0,0,0,1,1,1,1,0,0,False,0.13919611,0.118040435,0.29820096,0.007306118,0.10272564,0.00012157666351413355,0.37738487,0.2313507,0.08653801,0.09253532,3.4,1.177978515625,8.9
20,0.17185012996196747,0.0,0.15888118743896484,0.0,0,0,1,0,0,0,1,1,1,1,0,0,False,0.16649255,0.10713285,0.32529768,0.03935267,0.12908205,0.00010941899454337544,0.37732,0.23041925,0.008552158,0.028266752,3.3,1.177978515625,8.9
21,0.1428319662809372,0.0,0.15744058787822723,0.0,0,0,1,0,0,0,1,1,1,1,0,0,False,0.15696241,0.12927729,0.3552017,0.008042452,0.12368046,9.847709443420172e-05,0.37334424,0.23044482,0.08762207,0.08072374,3.3,1.177978515625,8.9
22,0.13205087184906006,0.0,0.156011700630188,0.0,0,0,1,0,0,0,1,1,1,1,0,0,False,0.230806,0.16016023,0.53278977,0.06554622,0.17819898,8.862938630045391e-05,0.38060784,0.23031795,-0.2266265,0.19759174,3.3,1.177978515625,8.9
23,0.1478981375694275,0.0,0.15451961755752563,0.0,0,0,1,0,0,0,1,1,1,1,0,0,False,0.13333794,0.108682156,0.33700308,0.028677594,0.080903225,7.976644701557234e-05,0.37699336,0.23111992,0.05176705,0.063297585,2.6,1.177978515625,8.9
24,0.1584879755973816,0.0,0.153511181473732,0.0,0,0,1,0,0,0,1,1,1,1,0,0,False,0.14845294,0.1127805,0.35285833,0.021598628,0.14084898,7.178980231401511e-05,0.37796536,0.23112461,0.052185927,0.08662334,1.8,1.177978515625,8.9
25,0.16033333539962769,0.0,0.15235434472560883,0.0,0,0,0,0,0,0,1,1,1,1,0,0,False,0.1491943,0.09998067,0.32652447,0.03701644,0.12953544,6.461082011810504e-05,0.38309976,0.23291998,-0.059008885,0.087018184,1.8,1.177978515625,8.9
26,0.12531398236751556,0.0,0.15142270922660828,0.0,0,0,1,0,0,0,1,1,1,1,0,0,False,0.27904636,0.1541218,0.51699495,0.1118618,0.21510723,5.8149741380475466e-05,0.38388002,0.229635,0.0077978354,0.04990524,1.8,1.177978515625,8.9
27,0.1559848040342331,0.0,0.15062157809734344,0.0,0,0,1,0,0,0,1,1,1,1,0,0,False,0.08143554,0.05701729,0.1615341,0.008254182,0.092064954,5.233476658759173e-05,0.38128123,0.23058286,-0.00543461,0.0652484,1.8,1.177978515625,8.9
28,0.1310531497001648,0.0,0.14966006577014923,0.0,0,0,1,0,0,0,1,1,1,1,0,0,False,0.196075,0.11528189,0.41079304,0.07070202,0.1607012,4.7101289601414466e-05,0.3788674,0.23077357,0.04684334,0.04935673,1.8,1.177978515625,8.9
29,0.1280931532382965,0.0,0.14890995621681213,0.0,0,0,0,0,0,0,1,1,1,1,0,0,False,0.05651628,0.059534296,0.18152031,0.016515713,0.023988541,4.239116096869111e-05,0.38402906,0.22843893,-0.07686423,0.15622006,1.8,1.177978515625,8.9
30,0.16379417479038239,0.0,0.14829277992248535,0.0,0,0,1,0,0,0,1,1,1,1,0,0,False,0.101543166,0.035031866,0.14890602,0.052493162,0.09319481,3.815204618149437e-05,0.38505954,0.22851412,0.07634234,0.105598636,1.8,1.177978515625,8.9
31,0.13907094299793243,0.0,0.1477239578962326,0.0,0,0,1,0,0,0,1,1,1,1,0,0,False,0.10767455,0.09731606,0.27360108,0.012879,0.07199283,3.4336842873017304e-05,0.3834983,0.23009238,-0.00018798746,0.051471815,1.8,1.177978515625,8.9
32,0.1499689519405365,0.0,0.14725492894649506,0.0,0,0,1,0,0,0,1,1,1,1,0,0,False,0.16595922,0.06679462,0.3066318,0.09439858,0.14985344,3.0903160222806036e-05,0.38438314,0.22996292,0.023454366,0.047399487,1.8,1.177978515625,8.9
33,0.11911515891551971,0.0,0.14674480259418488,0.0,0,0,1,0,0,0,1,1,1,1,0,0,False,0.18002607,0.12507944,0.37400857,0.045377567,0.123922765,2.7812844200525434e-05,0.38435224,0.23005383,-0.030914621,0.057911035,1.8,1.177978515625,8.9
34,0.147165909409523,0.0,0.14635609090328217,0.0,0,0,1,0,0,0,1,1,1,1,0,0,False,0.2621172,0.14170489,0.54033613,0.11877003,0.21184981,2.5031560107890984e-05,0.38366115,0.22966833,-0.014547326,0.05462006,2.0,1.177978515625,8.9
35,0.12536238133907318,0.0,0.14597035944461823,0.0,0,0,1,0,0,0,1,1,1,1,0,0,False,0.11847549,0.09755047,0.29925057,0.02132862,0.074246,2.2528404588229024e-05,0.38618243,0.22960062,-0.0015791877,0.05141065,3.3,1.177978515625,8.9
36,0.1414574682712555,0.0,0.14552170038223267,0.0,0,0,1,0,0,0,1,1,1,1,0,0,False,0.1670043,0.13315298,0.4030463,0.026051277,0.13492504,2.0275563474569936e-05,0.38529578,0.22926033,-0.018737271,0.013975424,3.3,1.177978515625,8.9
37,0.12405398488044739,0.0,0.14522378146648407,0.0,0,0,1,0,0,0,1,1,1,1,0,0,False,0.14121467,0.121381395,0.317721,0.004164053,0.114523746,1.8248007290821987e-05,0.38544518,0.22888473,-0.13325636,0.17451656,3.3,1.177978515625,8.9
38,0.14866390824317932,0.0,0.14495527744293213,0.0,0,0,1,0,0,0,1,1,1,1,0,0,False,0.09319574,0.07209289,0.21050476,0.00443938,0.09854473,1.6423206398030745e-05,0.38467276,0.23089203,-0.05774116,0.17026596,3.4,1.177978515625,8.9
39,0.13257017731666565,0.0,0.14467908442020416,0.0,0,0,1,0,0,0,1,1,1,1,0,0,False,0.19376718,0.11409422,0.38452435,0.0801314,0.15108192,1.4780885430809576e-05,0.38537058,0.23094352,0.0075646527,0.02259473,3.3,1.177978515625,8.9
40,0.11225932836532593,0.0,0.1444956362247467,0.0,0,0,1,0,0,0,1,1,1,1,0,0,False,0.28981864,0.1583319,0.53237253,0.12224964,0.22762075,1.3302796560310526e-05,0.3866833,0.22877173,0.001251089,0.07207743,3.3,1.177978515625,8.9
41,0.12470077723264694,0.0,0.14429038763046265,0.0,0,0,1,0,0,0,1,1,1,1,0,0,False,0.18589675,0.12084039,0.40305713,0.06218576,0.13503847,1.1972517313552089e-05,0.38520646,0.23006645,-0.03901735,0.026627988,3.3,1.177978515625,8.9
42,0.1293780654668808,0.0,0.14408718049526215,0.0,0,0,0,0,0,0,1,1,1,1,0,0,False,0.17052752,0.10835609,0.37477973,0.06131795,0.1326301,1.077526558219688e-05,0.38363275,0.23146355,-0.15342715,0.18534888,3.3,1.177978515625,8.9
43,0.13448520004749298,0.0,0.14393280446529388,0.0,0,0,0,0,0,0,1,1,1,1,0,0,False,0.12863804,0.08381074,0.2639128,0.02202035,0.1158843,9.697739187686238e-06,0.38525942,0.23021404,0.071267664,0.06937576,3.4,1.177978515625,8.9
44,0.1430211365222931,0.0,0.14379644393920898,0.0,0,0,0,0,0,0,1,1,1,1,0,0,False,0.19714348,0.1372445,0.470916,0.05472663,0.16900492,8.727965268917615e-06,0.3873333,0.22824351,0.039004717,0.038995646,3.3,1.177978515625,8.9
45,0.13460619747638702,0.0,0.14365115761756897,0.0,0,0,0,0,0,0,1,1,1,1,0,0,False,0.13266447,0.1184659,0.30467525,0.0017256347,0.09971449,7.855168496462283e-06,0.38705304,0.22796603,-0.010219077,0.012745288,3.3,1.177978515625,8.9
46,0.1391465961933136,0.0,0.1435181349515915,0.0,0,0,0,0,0,0,1,1,1,1,0,0,False,0.15920863,0.101536244,0.3582572,0.053782415,0.1278722,7.069651564961533e-06,0.38565966,0.22947276,0.023289716,0.025116557,3.4,1.177978515625,8.9
47,0.14189769327640533,0.0,0.14342288672924042,0.0,0,0,0,0,0,0,1,1,1,1,0,0,False,0.08545649,0.059747487,0.16661595,0.013708618,0.08316818,6.362686326610856e-06,0.38627267,0.22932208,0.033962753,0.05433241,3.3,1.177978515625,8.9
48,0.13278254866600037,0.0,0.14331373572349548,0.0,0,0,0,0,0,0,1,1,1,1,0,0,False,0.13511474,0.12355346,0.3257338,0.0029461097,0.091772065,5.726417612095247e-06,0.38649002,0.22932191,0.08394706,0.08369547,3.5,1.177978515625,8.9
49,0.13519784808158875,0.0,0.14323505759239197,0.0,0,0,0,0,0,0,1,1,1,1,0,0,False,0.17044,0.12686828,0.39981306,0.033358335,0.14282253,5.15377605552203e-06,0.38398218,0.23036723,0.14110386,0.12363247,3.3,1.177978515625,8.9
0,0.12472470104694366,0.0,0.14313411712646484,0.0,0,0,1,0,0,0,1,1,1,1,0,0,False,0.10406137,0.08626598,0.2689028,0.023646941,0.064140216,4.638398286260781e-06,0.38616675,0.23022565,0.07687201,0.08703383,1.3,1.177978515625,8.9
1,0.12425559759140015,0.0,0.14304639399051666,0.0,0,0,0,0,0,0,1,1,1,1,0,0,False,0.11534626,0.07523527,0.24604459,0.04687711,0.07132052,4.174558580416488e-06,0.38451758,0.23149166,0.031148208,0.062543206,1.8,1.177978515625,8.9
2,0.14862532913684845,0.0,0.14299364387989044,0.0,0,0,1,0,0,0,1,1,1,1,0,0,False,0.15765522,0.11321226,0.36648196,0.052045602,0.10916411,3.7571025586657926e-06,0.38630652,0.23029192,0.17162128,0.13559476,1.8,1.177978515625,8.9
3,0.11997249722480774,0.0,0.14292874932289124,0.0,0,0,1,0,0,0,1,1,1,1,0,0,False,0.1664265,0.11502647,0.3314277,0.04153393,0.11393292,3.381392343726475e-06,0.38699943,0.22936895,0.03969476,0.069216974,1.8,1.177978515625,8.9
4,0.128790020942688,0.0,0.14287956058979034,0.0,0,0,0,0,0,0,1,1,1,1,0,0,False,0.123690285,0.06631411,0.23323417,0.043573964,0.11239649,3.043253150281089e-06,0.3870944,0.22931068,0.020077163,0.06339717,1.8,1.177978515625,8.9
5,0.12772956490516663,0.0,0.14283251762390137,0.0,0,0,0,0,0,0,1,1,1,1,0,0,False,0.118149586,0.10898261,0.30306554,0.009559913,0.08073121,2.7389278557166107e-06,0.38790536,0.22796085,0.07949095,0.09692598,1.8,1.177978515625,8.9
6,0.16046257317066193,0.0,0.1427864134311676,0.0,0,0,1,0,0,0,1,1,1,1,0,0,False,0.4518579,0.19744022,0.815311,0.24056767,0.40707842,2.465035049681319e-06,0.38552666,0.23017958,-0.1467064,0.17120911,1.8,1.177978515625,8.9
7,0.11744024604558945,0.0,0.14274238049983978,0.0,0,0,1,0,0,0,1,1,1,1,0,0,False,0.14010505,0.07324584,0.28813505,0.06382579,0.112188056,2.2185315856404485e-06,0.3874087,0.2288676,0.07297,0.058811072,1.8,1.177978515625,8.9
8,0.11135949194431305,0.0,0.14270924031734467,0.0,0,0,0,0,0,0,1,1,1,1,0,0,False,0.20613559,0.12881865,0.410285,0.06991636,0.1483974,1.996678406612773e-06,0.38678262,0.22942045,0.05614081,0.11763065,2.8,1.177978515625,8.9
9,0.122413270175457,0.0,0.14267440140247345,0.0,0,0,1,0,0,0,1,1,1,1,0,0,False,0.17844857,0.1534322,0.39728874,0.010095486,0.129561,1.7970104636333418e-06,0.3868805,0.22892466,-0.022716865,0.05924815,3.3,1.177978515625,8.9
10,0.13450545072555542,0.0,0.1426488757133484,0.0,0,0,1,0,0,0,1,1,1,1,0,0,False,0.20929551,0.13015066,0.4453882,0.07607969,0.16158243,1.6173093968063768e-06,0.38791594,0.22792599,0.013937436,0.05542538,3.3,1.177978515625,8.9
11,0.10882721841335297,0.0,0.14262259006500244,0.0,0,0,1,0,0,0,1,1,1,1,0,0,False,0.122900166,0.098445356,0.28490755,0.02085301,0.078507125,1.4555784673575544e-06,0.3878371,0.22828667,-0.080541156,0.068079434,3.3,1.177978515625,8.9
12,0.1305767297744751,0.0,0.14259888231754303,0.0,0,0,1,0,0,0,1,1,1,1,0,0,False,0.15612622,0.111410774,0.30938372,0.0329921,0.11002753,1.3100206615490606e-06,0.38700396,0.22977999,0.07078317,0.084777385,3.3,1.177978515625,8.9
13,0.12168356776237488,0.0,0.14258095622062683,0.0,0,0,0,0,0,0,1,1,1,1,0,0,False,0.1531653,0.09947927,0.33641407,0.05898142,0.11466679,1.179018636321416e-06,0.38596478,0.23042917,-0.08538724,0.16066293,3.3,1.177978515625,8.9
14,0.14811578392982483,0.0,0.14255692064762115,0.0,0,0,1,0,0,0,1,1,1,1,0,0,False,0.13453001,0.09868783,0.31944525,0.02373435,0.13283572,1.0611168136165362e-06,0.3872847,0.22908604,0.094607055,0.07770556,3.3,1.177978515625,8.9
15,0.15437284111976624,0.0,0.14253869652748108,0.0,0,0,0,0,0,0,1,1,1,1,0,0,False,0.14206305,0.08528384,0.32240856,0.07317079,0.10921945,9.550051117912518e-07,0.3874251,0.22854707,0.027396196,0.024243936,3.4,1.177978515625,8.9
16,0.13114580512046814,0.0,0.14252546429634094,0.0,0,0,1,0,0,0,1,1,1,1,0,0,False,0.26953694,0.18373917,0.61389446,0.07874897,0.20755172,8.595046210757574e-07,0.38513082,0.23147568,0.029103197,0.06907768,3.3,1.177978515625,8.9
17,0.1340336799621582,0.0,0.14250680804252625,0.0,0,0,0,0,0,0,1,1,1,1,0,0,False,0.25466385,0.16620582,0.5720635,0.08513377,0.19109014,7.735541487363662e-07,0.38740617,0.22939654,0.0011499928,0.019728543,3.3,1.177978515625,8.9
18,0.12999992072582245,0.0,0.14249467849731445,0.0,0,0,0,0,0,0,1,1,1,1,0,0,False,0.18398581,0.09752004,0.34744895,0.0883428,0.14171089,6.961987082831911e-07,0.3851468,0.22942021,0.0011916397,0.12874362,3.3,1.177978515625,8.9
19,0.1308487355709076,0.0,0.14248494803905487,0.0,0,0,0,0,0,0,1,1,1,1,0,0,False,0.097599275,0.04171748,0.1704728,0.04384719,0.090717524,6.265788272230566e-07,0.38750267,0.22815585,0.065538466,0.06339266,3.3,1.177978515625,8.9
20,0.12676148116588593,0.0,0.1424744576215744,0.0,0,0,0,0,0,0,1,1,1,1,0,0,False,0.08044433,0.06750213,0.20521432,0.020720348,0.047787264,5.639209291530278e-07,0.38659006,0.23005214,-0.06543214,0.05587332,3.4,1.177978515625,8.9
21,0.10935450345277786,0.0,0.14246457815170288,0.0,0,0,1,0,0,0,1,1,1,1,0,0,False,0.22028875,0.13035251,0.4083115,0.08042305,0.16690418,5.075288413536328e-07,0.3840394,0.23114598,-0.08124682,0.04497783,3.3,1.177978515625,8.9
22,0.12972430884838104,0.0,0.14245600998401642,0.0,0,0,1,0,0,0,1,1,1,1,0,0,False,0.22696947,0.17054854,0.5539343,0.051658582,0.18181184,4.5677596745008485e-07,0.38783234,0.22843532,-0.026091946,0.018361894,3.3,1.177978515625,8.9
23,0.12414535880088806,0.0,0.14244844019412994,0.0,0,0,0,0,0,0,1,1,1,1,0,0,False,0.15493788,0.07441573,0.26143706,0.07116197,0.12741205,4.110983809368918e-07,0.38362455,0.22977352,0.027581157,0.040506043,3.4,1.177978515625,8.9
24,0.1430448442697525,0.0,0.14244244992733002,0.0,0,0,1,0,0,0,1,1,1,1,0,0,False,0.10318288,0.08365121,0.22516058,0.0072481823,0.09051308,3.6998853261138723e-07,0.38681734,0.23006776,0.013895472,0.11667507,3.3,1.177978515625,8.9
25,0.15371882915496826,0.0,0.14243590831756592,0.0,0,0,1,0,0,0,1,1,1,1,0,0,False,0.12856425,0.06703931,0.22530137,0.051499758,0.10221728,3.3298967423434077e-07,0.38738126,0.22902171,0.044127718,0.038859066,3.3,1.177978515625,8.9
26,0.13904066383838654,0.0,0.1424313187599182,0.0,0,0,1,0,0,0,1,1,1,1,0,0,False,0.09795789,0.078678966,0.22985917,0.009761913,0.07227388,2.9969071704272213e-07,0.3865866,0.22990458,-0.1895762,0.19434802,3.5,1.177978515625,8.9
27,0.1390557587146759,0.0,0.142425075173378,0.0,0,0,0,0,0,0,1,1,1,1,0,0,False,0.0801065,0.061615724,0.15792839,0.00799055,0.074212655,2.6972165301231144e-07,0.38664973,0.23025878,-0.1190969,0.12127209,3.3,1.177978515625,8.9
28,0.12066535651683807,0.0,0.14242024719715118,0.0,0,0,1,0,0,0,1,1,1,1,0,0,False,0.16334282,0.110099286,0.35932848,0.06143768,0.11638215,2.427494877110803e-07,0.3868509,0.22960475,0.07323703,0.07799652,3.4,1.177978515625,8.9
29,0.12913374602794647,0.0,0.14241598546504974,0.0,0,0,0,0,0,0,1,1,1,1,0,0,False,0.13607818,0.08086012,0.28925008,0.056427523,0.10126283,2.1847453126611072e-07,0.38542208,0.23042071,0.16597104,0.12741934,3.3,1.177978515625,8.9
30,0.1549096256494522,0.0,0.14241278171539307,0.0,0,0,1,0,0,0,1,1,1,1,0,0,False,0.25986367,0.09585522,0.4463873,0.1630311,0.24151424,1.9662707302359196e-07,0.38586807,0.22968474,-0.17613596,0.17131786,3.3,1.177978515625,8.9
31,0.1414065808057785,0.0,0.14240974187850952,0.0,0,0,1,0,0,0,1,1,1,1,0,0,False,0.25973108,0.14074253,0.54830194,0.11281698,0.21659799,1.769643631632789e-07,0.38596275,0.23055658,-0.0027189788,0.038301874,3.3,1.177978515625,8.9
32,0.13052529096603394,0.0,0.14240662753582,0.0,0,0,1,0,0,0,1,1,1,1,0,0,False,0.15880865,0.13921036,0.36330935,0.0009871196,0.12414402,1.5926792684695101e-07,0.38821164,0.22817424,-0.16876404,0.17905158,3.3,1.177978515625,8.9
33,0.17271648347377777,0.0,0.14240436255931854,0.0,0,0,1,0,0,0,1,1,1,1,0,0,False,0.27548707,0.1413454,0.56671125,0.11780729,0.24561849,1.433411341622559e-07,0.3868679,0.22957377,-0.12396494,0.12669046,2.5,1.177978515625,8.9
34,0.15510067343711853,0.0,0.14240150153636932,0.0,0,0,1,0,0,0,1,1,1,1,0,0,False,0.26948416,0.09108505,0.4285492,0.16024885,0.2620258,1.2900702586193802e-07,0.3882116,0.22801137,0.050718,0.037996218,1.8,1.177978515625,8.9
35,0.16568830609321594,0.0,0.1423995941877365,0.0,0,0,1,0,0,0,1,1,1,1,0,0,False,0.29290807,0.15078466,0.6035987,0.12738365,0.25502184,1.1610631815983652e-07,0.38713503,0.22978672,-0.033580545,0.043394785,1.8,1.177978515625,8.9
36,0.13570493459701538,0.0,0.14239776134490967,0.0,0,0,1,0,0,0,1,1,1,1,0,0,False,0.1590418,0.12674017,0.34863245,0.02515059,0.10486268,1.0449568890180672e-07,0.3861191,0.22986689,-0.16044267,0.16718806,1.8,1.177978515625,8.9
37,0.12691685557365417,0.0,0.14239579439163208,0.0,0,0,0,0,0,0,1,1,1,1,0,0,False,0.0809126,0.05843791,0.19529858,0.030984394,0.051242337,9.404612129060297e-08,0.3839378,0.23181717,-0.043953955,0.046399474,1.8,1.177978515625,8.9
38,0.14557793736457825,0.0,0.14239433407783508,0.0,0,0,1,0,0,0,1,1,1,1,0,0,False,0.1605524,0.07446094,0.31353498,0.0836367,0.1358629,8.464150980103113e-08,0.38670325,0.229822,-0.09569197,0.052570418,1.8,1.177978515625,8.9
39,0.08785568177700043,0.0,0.14239253103733063,0.0,0,0,1,0,0,0,1,1,1,1,0,0,False,0.29873484,0.1634632,0.5359375,0.1124823,0.22659937,7.617736201837033e-08,0.38746205,0.22928524,-0.052716658,0.031830862,1.8,1.177978515625,8.9
40,0.1065068244934082,0.0,0.14239154756069183,0.0,0,0,1,0,0,0,1,1,1,1,0,0,False,0.27986738,0.15614422,0.50026166,0.11133215,0.21281728,6.855962837448715e-08,0.38763562,0.22863808,0.11553008,0.10872394,1.8,1.177978515625,8.9
41,0.1478767842054367,0.0,0.14239029586315155,0.0,0,0,1,0,0,0,1,1,1,1,0,0,False,0.14887162,0.09633182,0.3281235,0.06266926,0.10588955,6.17036661765269e-08,0.38668448,0.22973008,0.055757556,0.055872757,1.8,1.177978515625,8.9
42,0.1257609874010086,0.0,0.14238934218883514,0.0,0,0,1,0,0,0,1,1,1,1,0,0,False,0.23291397,0.15460196,0.51052195,0.067362756,0.16768527,5.553329955887421e-08,0.38624105,0.23015754,-0.12332523,0.12455609,1.8,1.177978515625,8.9
43,0.13537460565567017,0.0,0.142388254404068,0.0,0,0,0,0,0,0,1,1,1,1,0,0,False,0.097903065,0.088422745,0.25987348,0.013512926,0.053908095,4.997996896349832e-08,0.386909,0.23000209,-0.007980936,0.056586232,1.8,1.177978515625,8.9
44,0.12220076471567154,0.0,0.14238743484020233,0.0,0,0,1,0,0,0,1,1,1,1,0,0,False,0.20688654,0.17367283,0.46972534,0.014298123,0.15632111,4.4981973346125416e-08,0.38778907,0.22812922,0.109877504,0.099060625,2.2,1.177978515625,8.9
45,0.1364276260137558,0.0,0.14238683879375458,0.0,0,0,1,0,0,0,1,1,1,1,0,0,False,0.091521256,0.041282114,0.17092218,0.045771524,0.07427561,4.0483776331257104e-08,0.385813,0.22993223,0.021738099,0.018612761,3.3,1.177978515625,8.9
46,0.133827343583107,0.0,0.14238594472408295,0.0,0,0,0,0,0,0,1,1,1,1,0,0,False,0.16065688,0.14146425,0.39178532,0.003537377,0.13008359,3.6435398698131394e-08,0.3868441,0.22974125,0.018204736,0.023311479,3.3,1.177978515625,8.9
47,0.11913485825061798,0.0,0.1423853635787964,0.0,0,0,1,0,0,0,1,1,1,1,0,0,False,0.2164746,0.13976122,0.4393845,0.07076512,0.15190327,3.279185882831826e-08,0.38777122,0.22897477,0.09195896,0.10838156,3.3,1.177978515625,8.9
48,0.1398245394229889,0.0,0.14238476753234863,0.0,0,0,1,0,0,0,1,1,1,1,0,0,False,0.13105279,0.09873269,0.28777263,0.028053083,0.082375035,2.9512673904719123e-08,0.38714764,0.22926791,0.042785063,0.052152086,3.3,1.177978515625,8.9
49,0.16259634494781494,0.0,0.1423843801021576,0.0,0,0,1,0,0,0,1,1,1,1,0,0,False,0.10040981,0.06834585,0.20832501,0.014173641,0.115569346,2.656140587475875e-08,0.38790473,0.22834134,0.044412468,0.060777467,3.3,1.177978515625,8.9
0,0.15074388682842255,0.0,0.142383873462677,0.0,0,0,1,0,0,0,1,1,1,1,0,0,False,0.22689591,0.13675259,0.46568823,0.084809214,0.16492468,2.3905264967538643e-08,0.38661808,0.23012583,0.052835178,0.073922046,1.7,1.177978515625,8.9
1,0.12317986786365509,0.0,0.14238356053829193,0.0,0,0,1,0,0,0,1,1,1,1,0,0,False,0.3420801,0.21109647,0.6347909,0.11447681,0.245116,2.151473879052901e-08,0.38699633,0.22902103,0.06596767,0.064687185,5.5,1.177978515625,8.9
2,0.11756686866283417,0.0,0.14238321781158447,0.0,0,0,0,0,0,0,1,1,1,1,0,0,False,0.10770824,0.061906375,0.22944771,0.058916055,0.076914765,1.9363264591731878e-08,0.38752535,0.22958276,0.017865768,0.036519144,5.9,1.177978515625,8.9
3,0.11681748181581497,0.0,0.1423829048871994,0.0,0,0,0,0,0,0,1,1,1,1,0,0,False,0.3029748,0.16150485,0.5602254,0.14074144,0.24722649,1.7426938292430804e-08,0.38674268,0.22957781,0.0038656394,0.057582904,3.7,1.177978515625,8.9
4,0.13541489839553833,0.0,0.1423826664686203,0.0,0,0,1,0,0,0,1,1,1,1,0,0,False,0.14780717,0.117647916,0.32152814,0.027229398,0.103986405,1.5684244303315608e-08,0.38827288,0.22794744,-0.020177506,0.09171084,3.3,1.177978515625,8.9
5,0.13757966458797455,0.0,0.14238248765468597,0.0,0,0,0,0,0,0,1,1,1,1,0,0,False,0.06440093,0.07651174,0.22349736,0.005339329,0.029133763,1.411582051247251e-08,0.38305685,0.22990875,0.11884848,0.08983379,3.4,1.177978515625,8.9
6,0.13731896877288818,0.0,0.14238227903842926,0.0,0,0,0,0,0,0,1,1,1,1,0,0,False,0.26350126,0.19777568,0.61965233,0.042403903,0.2152019,1.270423846122526e-08,0.3868398,0.22938223,0.098394245,0.09087468,3.1,1.177978515625,8.9
7,0.14346075057983398,0.0,0.14238214492797852,0.0,0,0,0,0,0,0,1,1,1,1,0,0,False,0.34682,0.2531326,0.8509982,0.08199899,0.30430225,1.1433814695038791e-08,0.38710457,0.2292345,-0.0012758096,0.027701681,1.8,1.177978515625,8.9
8,0.13542719185352325,0.0,0.14238199591636658,0.0,0,0,0,0,0,0,1,1,1,1,0,0,False,0.11687362,0.0632727,0.23908456,0.04750656,0.101456255,1.029043330547097e-08,0.38581094,0.23032641,-0.020609414,0.033940475,1.8,1.177978515625,8.9
9,0.1218922883272171,0.0,0.14238189160823822,0.0,0,0,1,0,0,0,1,1,1,1,0,0,False,0.08726866,0.040232755,0.15402576,0.037821144,0.077080324,9.261390054859931e-09,0.38658503,0.23022577,0.10919716,0.08382467,1.8,1.177978515625,8.9
10,0.11416637152433395,0.0,0.14238181710243225,0.0,0,0,0,0,0,0,1,1,1,1,0,0,False,0.15102775,0.13098338,0.342657,0.0018169427,0.11738436,8.335250889501823e-09,0.3839192,0.23220487,-0.03523778,0.05773893,1.8,1.177978515625,8.9
11,0.1353762000799179,0.0,0.1423817276954651,0.0,0,0,1,0,0,0,1,1,1,1,0,0,False,0.18653388,0.07839631,0.34321237,0.10586658,0.16355821,7.501725640679525e-09,0.3829809,0.2295115,-0.00076176476,0.059984207,1.8,1.177978515625,8.9
12,0.13503247499465942,0.0,0.1423816829919815,0.0,0,0,0,0,0,0,1,1,1,1,0,0,False,0.25727138,0.13649333,0.53396,0.121848375,0.21490243,6.751552916739456e-09,0.3869412,0.22993103,0.020940447,0.037501786,1.8,1.177978515625,8.9
13,0.10999239981174469,0.0,0.14238162338733673,0.0,0,0,1,0,0,0,1,1,1,1,0,0,False,0.18202269,0.12907702,0.37892687,0.038671087,0.1329342,6.076397784937626e-09,0.38583055,0.230419,0.041728184,0.03301512,1.8,1.177978515625,8.9
14,0.13667617738246918,0.0,0.14238160848617554,0.0,0,0,1,0,0,0,1,1,1,1,0,0,False,0.096086524,0.059909523,0.1805023,0.040803574,0.06231706,5.468757846571748e-09,0.3851649,0.23226278,-0.15407683,0.17191899,1.8,1.177978515625,8.9
15,0.11689339578151703,0.0,0.14238160848617554,0.0,0,0,1,0,0,0,1,1,1,1,0,0,False,0.15595824,0.113923706,0.34489462,0.039610516,0.09888959,4.9218821018826025e-09,0.38761488,0.22860162,-0.072147675,0.042432982,1.8,1.177978515625,8.9
16,0.11804607510566711,0.0,0.14238157868385315,0.0,0,0,0,0,0,0,1,1,1,1,0,0,False,0.3791287,0.19614714,0.67211723,0.17727411,0.3067806,4.4296938117582845e-09,0.38822457,0.22800307,0.051460505,0.066819906,1.8,1.177978515625,8.9
17,0.13530853390693665,0.0,0.14238157868385315,0.0,0,0,1,0,0,0,1,1,1,1,0,0,False,0.19202948,0.08866883,0.3288855,0.095075294,0.16058375,3.986724550486542e-09,0.3871915,0.22867894,0.09277321,0.10922534,1.8,1.177978515625,8.9
18,0.08671192079782486,0.0,0.14238157868385315,0.0,0,0,1,0,0,0,1,1,1,1,0,0,False,0.21574683,0.14260079,0.42401057,0.045035724,0.17619818,3.5880522553100038e-09,0.38697344,0.22905943,0.00080253865,0.054137576,3.1,1.177978515625,8.9
19,0.16349367797374725,0.0,0.14238156378269196,0.0,0,0,1,0,0,0,1,1,1,1,0,0,False,0.2543746,0.10631971,0.4706899,0.14210024,0.22864112,3.2292470697470322e-09,0.3859233,0.22941057,0.07023858,0.10887974,3.4,1.177978515625,8.9
20,0.133345827460289,0.0,0.14238156378269196,0.0,0,0,1,0,0,0,1,1,1,1,0,0,False,0.13467744,0.054231033,0.2291013,0.070757,0.12186533,2.9063223827563434e-09,0.3868926,0.23001218,-0.14969866,0.17128152,3.3,1.177978515625,8.9
21,0.14323590695858002,0.0,0.14238154888153076,0.0,0,0,0,0,0,0,1,1,1,1,0,0,False,0.09123204,0.07551856,0.19262032,0.0004911369,0.07543826,2.6156900645446514e-09,0.38494584,0.23210171,-0.0059375614,0.02088645,3.4,1.177978515625,8.9
22,0.15768437087535858,0.0,0.14238154888153076,0.0,0,0,1,0,0,0,1,1,1,1,0,0,False,0.2240556,0.119596295,0.4691683,0.09352323,0.19408578,2.354121098058215e-09,0.38754046,0.22837119,-0.025712937,0.16420509,3.3,1.177978515625,8.9
23,0.13734717667102814,0.0,0.14238154888153076,0.0,0,0,1,0,0,0,1,1,1,1,0,0,False,0.14502099,0.055019546,0.24771361,0.08933566,0.13105883,2.118709008236408e-09,0.38785988,0.22831559,0.050255593,0.07993112,3.3,1.177978515625,8.9
24,0.14710868895053864,0.0,0.14238154888153076,0.0,0,0,0,0,0,0,1,1,1,1,0,0,False,0.17316534,0.052367575,0.26080662,0.1091681,0.17134017,1.906838087428753e-09,0.38651088,0.23015961,0.10472485,0.08799828,3.3,1.177978515625,8.9
25,0.12158135324716568,0.0,0.14238154888153076,0.0,0,0,1,0,0,0,1,1,1,1,0,0,False,0.17256469,0.1027902,0.36438632,0.06245922,0.14007007,1.7161542187338341e-09,0.38514522,0.229382,0.018912477,0.057899773,3.3,1.177978515625,8.9
26,0.14047372341156006,0.0,0.14238154888153076,0.0,0,0,1,0,0,0,1,1,1,1,0,0,False,0.16238894,0.11205481,0.37466645,0.04711329,0.1270259,1.5445387968604508e-09,0.3879602,0.228461,-0.034811925,0.022760898,3.3,1.177978515625,8.9
27,0.11985284835100174,0.0,0.14238154888153076,0.0,0,0,1,0,0,0,1,1,1,1,0,0,False,0.21992995,0.19304441,0.5321117,0.0015654133,0.18118398,1.3900849471504273e-09,0.3881949,0.22802293,0.071767814,0.07135588,3.3,1.177978515625,8.9
28,0.11342000961303711,0.0,0.14238151907920837,0.0,0,0,0,0,0,0,1,1,1,1,0,0,False,0.20888722,0.17443211,0.4799134,0.005614272,0.17773136,1.2510764424433774e-09,0.38607413,0.23041208,-0.027325712,0.05286403,3.3,1.177978515625,8.9
29,0.14619551599025726,0.0,0.14238151907920837,0.0,0,0,1,0,0,0,1,1,1,1,0,0,False,0.18202229,0.10788051,0.41002434,0.073554814,0.15973902,1.125968818183054e-09,0.3869067,0.22958598,-0.008383461,0.038844097,3.3,1.177978515625,8.9
30,0.12208591401576996,0.0,0.14238151907920837,0.0,0,0,1,0,0,0,1,1,1,1,0,0,False,0.18473132,0.13728021,0.39024276,0.03040737,0.1384165,1.0133719863247848e-09,0.38708448,0.22960293,-0.062991284,0.19682707,3.3,1.177978515625,8.9
31,0.16720494627952576,0.0,0.14238151907920837,0.0,0,0,1,0,0,0,1,1,1,1,0,0,False,0.25763246,0.10106602,0.46695107,0.15012681,0.23430982,9.120347477242774e-10,0.38632315,0.22915332,0.00041595288,0.02459315,3.3,1.177978515625,8.9
32,0.12152021378278732,0.0,0.14238154888153076,0.0,0,0,1,0,0,0,1,1,1,1,0,0,False,0.117755145,0.089325264,0.26417753,0.030365253,0.07739243,8.208312529678353e-10,0.38473272,0.23071834,-0.09644967,0.071258366,3.4,1.177978515625,8.9
33,0.1249229833483696,0.0,0.14238151907920837,0.0,0,0,0,0,0,0,1,1,1,1,0,0,False,0.20511569,0.13409746,0.40353614,0.056418862,0.14541066,7.387481126830409e-10,0.38822418,0.22807348,0.08621485,0.06674935,3.3,1.177978515625,8.9
34,0.1612873524427414,0.0,0.14238154888153076,0.0,0,0,1,0,0,0,1,1,1,1,0,0,False,0.120917626,0.09556853,0.28523356,0.0029928063,0.12956363,6.648733064107404e-10,0.3874464,0.22953784,-0.1031166,0.17008023,3.3,1.177978515625,8.9
35,0.1481647938489914,0.0,0.14238154888153076,0.0,0,0,1,0,0,0,1,1,1,1,0,0,False,0.19826023,0.16464323,0.4848439,0.0076271356,0.17590517,5.983859907576772e-10,0.3865335,0.22986479,0.060357258,0.04239857,3.3,1.177978515625,8.9
36,0.14125719666481018,0.0,0.14238154888153076,0.0,0,0,0,0,0,0,1,1,1,1,0,0,False,0.1674213,0.09680999,0.34589633,0.06783871,0.12354471,5.385474066699203e-10,0.38611794,0.23052545,-0.12982447,0.17734885,3.3,1.177978515625,8.9
37,0.1262420415878296,0.0,0.14238154888153076,0.0,0,0,1,0,0,0,1,1,1,1,0,0,False,0.12928824,0.08824064,0.28633448,0.040468626,0.09311177,4.846926859869428e-10,0.38797957,0.22858031,-0.08949124,0.06737336,3.4,1.177978515625,8.9
38,0.16828325390815735,0.0,0.14238154888153076,0.0,0,0,1,0,0,0,1,1,1,1,0,0,False,0.15676485,0.12687826,0.36697933,0.01138324,0.14424251,4.362234073962412e-10,0.38715494,0.22932765,-0.09406913,0.13843934,3.3,1.177978515625,8.9
39,0.13487930595874786,0.0,0.14238154888153076,0.0,0,0,1,0,0,0,1,1,1,1,0,0,False,0.16477928,0.12490338,0.37493786,0.036896575,0.11831279,3.926010766486243e-10,0.385927,0.22989126,0.043646306,0.06353114,3.3,1.177978515625,8.9
40,0.1436004787683487,0.0,0.14238154888153076,0.0,0,0,0,0,0,0,1,1,1,1,0,0,False,0.14742714,0.12099006,0.33910373,0.017331244,0.117478296,3.5334095649375285e-10,0.38693532,0.23009463,-0.025801808,0.018145904,3.4,1.177978515625,8.9
41,0.1465417891740799,0.0,0.14238154888153076,0.0,0,0,0,0,0,0,1,1,1,1,0,0,False,0.22436142,0.09638635,0.4155465,0.12579547,0.20796175,3.180068708363848e-10,0.38434505,0.2317797,0.09986102,0.08930895,3.3,1.177978515625,8.9
42,0.16340890526771545,0.0,0.14238154888153076,0.0,0,0,1,0,0,0,1,1,1,1,0,0,False,0.22183399,0.09533909,0.42158043,0.1180317,0.19394588,2.862061837527463e-10,0.38651466,0.23018897,-0.20322733,0.1906334,3.6,1.177978515625,8.9
43,0.1497586965560913,0.0,0.14238154888153076,0.0,0,0,1,0,0,0,1,1,1,1,0,0,False,0.38398573,0.312068,0.9775301,0.0467377,0.34990966,2.5758555288746264e-10,0.38286486,0.23219891,0.072461374,0.052077383,2.1,1.177978515625,8.9
44,0.10819827765226364,0.0,0.14238154888153076,0.0,0,0,1,0,0,0,1,1,1,1,0,0,False,0.23231985,0.16767855,0.48080906,0.03718277,0.18509203,2.3182700759072362e-10,0.38472784,0.23104222,0.044608522,0.060809594,1.8,1.177978515625,8.9
45,0.12089456617832184,0.0,0.14238154888153076,0.0,0,0,1,0,0,0,1,1,1,1,0,0,False,0.15888457,0.10607369,0.34453645,0.054288913,0.11216894,2.0864430183564764e-10,0.38701385,0.22918895,-0.010313203,0.013544981,1.9,1.177978515625,8.9
46,0.14337366819381714,0.0,0.14238154888153076,0.0,0,0,1,0,0,0,1,1,1,1,0,0,False,0.16749372,0.10471601,0.35756963,0.05784108,0.12635823,1.8777986665607927e-10,0.3852628,0.22930527,-0.082560994,0.10773452,1.8,1.177978515625,8.9
47,0.1509227156639099,0.0,0.14238154888153076,0.0,0,0,0,0,0,0,1,1,1,1,0,0,False,0.13346192,0.09324392,0.3075312,0.04825049,0.08986473,1.6900187499446773e-10,0.38743338,0.22840483,-0.0896247,0.16040722,1.8,1.177978515625,8.9
48,0.14030635356903076,0.0,0.14238154888153076,0.0,0,0,1,0,0,0,1,1,1,1,0,0,False,0.09252892,0.083013065,0.24907096,0.01954992,0.05543664,1.5210168125001646e-10,0.3856613,0.2302566,0.017827997,0.04369401,1.8,1.177978515625,8.9
49,0.12062182277441025,0.0,0.14238154888153076,0.0,0,0,1,0,0,0,1,1,1,1,0,0,False,0.11092465,0.06603704,0.22352126,0.04919695,0.077823,1.36891510627013e-10,0.38773698,0.22893596,-0.01356975,0.07205313,1.8,1.177978515625,8.9
0,0.1336260437965393,0.0,0.14238154888153076,0.0,0,0,1,0,0,0,1,1,1,1,0,0,False,0.11115944,0.072911195,0.25320923,0.030958386,0.104051836,1.232023608133126e-10,0.3870666,0.22952168,-0.16032161,0.18047412,1.2,1.177978515625,8.9
1,0.1615004539489746,0.0,0.14238154888153076,0.0,0,0,1,0,0,0,1,1,1,1,0,0,False,0.32957628,0.14554125,0.62080526,0.16654442,0.2840795,1.1088212847898405e-10,0.38795322,0.22828992,-0.28983146,0.27736774,3.3,1.177978515625,8.9
2,0.15907680988311768,0.0,0.14238154888153076,0.0,0,0,0,0,0,0,1,1,1,1,0,0,False,0.2805116,0.10664057,0.4944583,0.16287826,0.25670725,9.979391688008654e-11,0.3874156,0.22895631,0.02300254,0.05747335,3.3,1.177978515625,8.9
3,0.1350831836462021,0.0,0.14238154888153076,0.0,0,0,1,0,0,0,1,1,1,1,0,0,False,0.15560997,0.112870194,0.36366865,0.049478903,0.105645955,8.981452456757743e-11,0.38798934,0.22843699,0.13777693,0.13723643,3.3,1.177978515625,8.9
4,0.1500399112701416,0.0,0.14238154888153076,0.0,0,0,1,0,0,0,1,1,1,1,0,0,False,0.22052018,0.10152398,0.4155905,0.11589529,0.18523468,8.083307148631925e-11,0.3869852,0.2296061,0.14692682,0.11739912,3.3,1.177978515625,8.9
5,0.13370515406131744,0.0,0.14238154888153076,0.0,0,0,1,0,0,0,1,1,1,1,0,0,False,0.3125664,0.11870001,0.4936447,0.15272248,0.29870096,7.274976246418597e-11,0.3874095,0.22929816,-0.08195913,0.067807846,3.3,1.177978515625,8.9
6,0.13204160332679749,0.0,0.14238154888153076,0.0,0,0,0,0,0,0,1,1,1,1,0,0,False,0.22074927,0.15905656,0.4554329,0.048920847,0.15220004,6.547478809126872e-11,0.38603657,0.23018053,0.024918929,0.05663392,3.3,1.177978515625,8.9
7,0.12526360154151917,0.0,0.14238154888153076,0.0,0,0,0,0,0,0,1,1,1,1,0,0,False,0.06936511,0.07393498,0.21560849,0.00931555,0.035412855,5.892730678414005e-11,0.38445216,0.22924562,0.15116732,0.1207057,3.3,1.177978515625,8.9
8,0.13035672903060913,0.0,0.14238154888153076,0.0,0,0,0,0,0,0,1,1,1,1,0,0,False,0.10470139,0.08675362,0.25589883,0.018174583,0.061531674,5.303457673022649e-11,0.38470066,0.22988364,-0.0024811104,0.04927889,3.3,1.177978515625,8.9
9,0.14009132981300354,0.0,0.14238154888153076,0.0,0,0,0,0,0,0,1,1,1,1,0,0,False,0.08740827,0.029791337,0.12976414,0.045240883,0.08099748,4.773111905720384e-11,0.3860847,0.23064654,0.009336318,0.026855193,3.4,1.177978515625,8.9
10,0.11514127999544144,0.0,0.14238154888153076,0.0,0,0,1,0,0,0,1,1,1,1,0,0,False,0.25570706,0.15273799,0.4730705,0.09649771,0.1904746,4.295800590248256e-11,0.3881345,0.22787488,0.008137898,0.052233268,3.3,1.177978515625,8.9
11,0.12743449211120605,0.0,0.14238154888153076,0.0,0,0,1,0,0,0,1,1,1,1,0,0,False,0.16377085,0.10732646,0.34126392,0.056601778,0.11653806,3.866220468773385e-11,0.38495225,0.23126101,-0.08926222,0.12864922,3.3,1.177978515625,8.9
12,0.12460824102163315,0.0,0.14238154888153076,0.0,0,0,0,0,0,0,1,1,1,1,0,0,False,0.18422015,0.14044787,0.37697,0.028962819,0.13225184,3.479598484346092e-11,0.38773853,0.22905283,0.029370533,0.035666037,3.3,1.177978515625,8.9
13,0.12643496692180634,0.0,0.14238154888153076,0.0,0,0,0,0,0,0,1,1,1,1,0,0,False,0.11152636,0.10699787,0.299603,0.0049104523,0.073731095,3.1316386983615274e-11,0.38558656,0.2308261,-0.10593631,0.11023862,3.4,1.177978515625,8.9
14,0.14598064124584198,0.0,0.14238154888153076,0.0,0,0,1,0,0,0,1,1,1,1,0,0,False,0.08124406,0.046355672,0.17140502,0.034023363,0.06403038,2.818474828525375e-11,0.386269,0.22996509,0.039806787,0.037461516,3.3,1.177978515625,8.9
15,0.13550157845020294,0.0,0.14238154888153076,0.0,0,0,1,0,0,0,1,1,1,1,0,0,False,0.2219251,0.17605531,0.5295373,0.039188202,0.16797484,2.5366273144478147e-11,0.38654858,0.22981858,0.008355559,0.06199577,3.3,1.177978515625,8.9
16,0.1219157949090004,0.0,0.14238154888153076,0.0,0,0,1,0,0,0,1,1,1,1,0,0,False,0.21293463,0.15158479,0.481519,0.052638188,0.16446562,2.2829645986155445e-11,0.38413334,0.23130038,0.04436083,0.05531411,2.7,1.177978515625,8.9
17,0.1543203443288803,0.0,0.14238154888153076,0.0,0,0,1,0,0,0,1,1,1,1,0,0,False,0.10175861,0.074445285,0.21074937,0.013222167,0.0980919,2.0546681543665013e-11,0.38640076,0.23002389,0.028309777,0.05252081,1.9,1.177978515625,8.9
18,0.1262296438217163,0.0,0.14238154888153076,0.0,0,0,1,0,0,0,1,1,1,1,0,0,False,0.1556947,0.110151425,0.32122502,0.038790546,0.10242978,1.8492014169924077e-11,0.38717577,0.22974797,0.06887517,0.06702715,1.8,1.177978515625,8.9
19,0.15370766818523407,0.0,0.14238154888153076,0.0,0,0,1,0,0,0,1,1,1,1,0,0,False,0.30766404,0.11968099,0.5114058,0.15978691,0.28936744,1.6642812128431217e-11,0.38617224,0.23060858,0.020615155,0.053899806,2.0,1.177978515625,8.9
20,0.14511600136756897,0.0,0.14238154888153076,0.0,0,0,0,0,0,0,1,1,1,1,0,0,False,0.17288947,0.13180022,0.35330257,0.026783925,0.12361382,1.4978530915588097e-11,0.38408867,0.23034692,-0.16210337,0.18491392,1.8,1.177978515625,8.9
21,0.14528991281986237,0.0,0.14238154888153076,0.0,0,0,0,0,0,0,1,1,1,1,0,0,False,0.15847045,0.1386467,0.3937798,0.0057235765,0.122529835,1.348067751177906e-11,0.38777053,0.22822988,-0.15635206,0.16570176,1.8,1.177978515625,8.9
22,0.12732602655887604,0.0,0.14238154888153076,0.0,0,0,1,0,0,0,1,1,1,1,0,0,False,0.09682834,0.05195946,0.18750073,0.03283169,0.09190871,1.2132609760601155e-11,0.38509265,0.2304225,0.041271664,0.035696223,1.9,1.177978515625,8.9
23,0.13123643398284912,0.0,0.14238154888153076,0.0,0,0,0,0,0,0,1,1,1,1,0,0,False,0.121235244,0.08464847,0.28595135,0.044717263,0.0866548,1.0919349018728709e-11,0.38788405,0.22841482,0.07194125,0.051839862,1.8,1.177978515625,8.9
24,0.12373699247837067,0.0,0.14238154888153076,0.0,0,0,0,0,0,0,1,1,1,1,0,0,False,0.47981098,0.24005035,0.84876597,0.21774063,0.40318877,9.827413882668168e-12,0.38815102,0.22770509,-0.04905508,0.06691914,1.8,1.177978515625,8.9
25,0.1258639395236969,0.0,0.14238154888153076,0.0,0,0,0,0,0,0,1,1,1,1,0,0,False,0.154477,0.0730954,0.28937757,0.07693914,0.13139765,8.844672650526465e-12,0.3868358,0.22975512,0.047234084,0.08387801,1.8,1.177978515625,8.9
26,0.13091158866882324,0.0,0.14238154888153076,0.0,0,0,0,0,0,0,1,1,1,1,0,0,False,0.1072424,0.09819969,0.28847316,0.010774226,0.06471338,7.96020515128615e-12,0.3882239,0.22817734,0.017850244,0.020002572,1.8,1.177978515625,8.9
27,0.11508685350418091,0.0,0.14238154888153076,0.0,0,0,1,0,0,0,1,1,1,1,0,0,False,0.13488615,0.10509589,0.29863906,0.017770896,0.09862034,7.1641848703452025e-12,0.38700604,0.22897193,0.042228088,0.036062658,2.0,1.177978515625,8.9
28,0.11227232217788696,0.0,0.14238154888153076,0.0,0,0,0,0,0,0,1,1,1,1,0,0,False,0.15913542,0.12434404,0.33805922,0.02036366,0.118191354,6.4477665394357954e-12,0.38457444,0.23066323,0.040334005,0.033484682,3.3,1.177978515625,8.9
29,0.15893316268920898,0.0,0.14238154888153076,0.0,0,0,1,0,0,0,1,1,1,1,0,0,False,0.13991791,0.09243753,0.3224534,0.038470596,0.1364045,5.802989729367103e-12,0.38767552,0.22878237,-0.21559358,0.21461229,3.3,1.177978515625,8.9
30,0.11184219270944595,0.0,0.14238154888153076,0.0,0,0,1,0,0,0,1,1,1,1,0,0,False,0.20688324,0.11040089,0.40490454,0.08415195,0.17640746,5.2226906393365585e-12,0.38810462,0.22776642,-0.015797837,0.054043125,3.3,1.177978515625,8.9
31,0.168049618601799,0.0,0.14238154888153076,0.0,0,0,1,0,0,0,1,1,1,1,0,0,False,0.29257843,0.10676128,0.50486714,0.18087825,0.27365494,4.700421692496737e-12,0.3879369,0.22835974,-0.10011958,0.16627291,3.3,1.177978515625,8.9
32,0.1449841856956482,0.0,0.14238154888153076,0.0,0,0,1,0,0,0,1,1,1,1,0,0,False,0.2741811,0.1725596,0.62559587,0.094671175,0.23007649,4.230379328090672e-12,0.38796028,0.22841012,0.10702044,0.0754188,3.3,1.177978515625,8.9
33,0.16209587454795837,0.0,0.14238154888153076,0.0,0,0,1,0,0,0,1,1,1,1,0,0,False,0.16194595,0.108125225,0.3741941,0.04213223,0.15939687,3.807341551406718e-12,0.38341188,0.23246439,0.09873881,0.08874881,3.4,1.177978515625,8.9
34,0.15001629292964935,0.0,0.14238154888153076,0.0,0,0,1,0,0,0,1,1,1,1,0,0,False,0.20016599,0.06761486,0.32699516,0.12807317,0.192384,3.426607435297324e-12,0.38735318,0.22881587,0.032178003,0.040367834,3.3,1.177978515625,8.9
35,0.1460561603307724,0.0,0.14238154888153076,0.0,0,0,0,0,0,0,1,1,1,1,0,0,False,0.13012154,0.043798037,0.18705298,0.06422148,0.12949097,3.0839467698301484e-12,0.38663554,0.22943719,-0.04365803,0.043997493,3.3,1.177978515625,8.9
36,0.11626506596803665,0.0,0.14238154888153076,0.0,0,0,1,0,0,0,1,1,1,1,0,0,False,0.1781774,0.12163574,0.37007937,0.049296986,0.11870277,2.775552053815855e-12,0.38816196,0.227999,-0.03149761,0.029344084,3.3,1.177978515625,8.9
37,0.1480090469121933,0.0,0.14238154888153076,0.0,0,0,1,0,0,0,1,1,1,1,0,0,False,0.15255317,0.07459815,0.30974492,0.07269622,0.13446099,2.497996926496826e-12,0.38784438,0.22831598,-0.030181535,0.02865792,3.3,1.177978515625,8.9
38,0.1455751359462738,0.0,0.14238154888153076,0.0,0,0,0,0,0,0,1,1,1,1,0,0,False,0.0959607,0.058593318,0.17970607,0.028092997,0.08211139,2.248197331425339e-12,0.3881639,0.22795269,0.06137835,0.06392249,3.3,1.177978515625,8.9
39,0.14326052367687225,0.0,0.14238154888153076,0.0,0,0,0,0,0,0,1,1,1,1,0,0,False,0.18635297,0.14985813,0.44444478,0.019867653,0.14731732,2.023377559251527e-12,0.38695204,0.23020811,-0.008952889,0.05497433,3.3,1.177978515625,8.9
40,0.15338532626628876,0.0,0.14238154888153076,0.0,0,0,1,0,0,0,1,1,1,1,0,0,False,0.19189097,0.13109428,0.45711878,0.05617,0.16794926,1.8210398033263743e-12,0.38606566,0.23073697,-0.11820584,0.17277469,3.3,1.177978515625,8.9
41,0.14123284816741943,0.0,0.14238154888153076,0.0,0,0,1,0,0,0,1,1,1,1,0,0,False,0.110467054,0.0690417,0.23852962,0.030012803,0.10694062,1.638935862025015e-12,0.38766965,0.22869429,-0.09400233,0.15824917,3.3,1.177978515625,8.9
42,0.12528659403324127,0.0,0.14238154888153076,0.0,0,0,1,0,0,0,1,1,1,1,0,0,False,0.18119313,0.12242041,0.37703836,0.05522388,0.12564075,1.4750422563068744e-12,0.38504153,0.23148616,-0.09401562,0.14563172,3.3,1.177978515625,8.9
43,0.13001011312007904,0.0,0.14238154888153076,0.0,0,0,0,0,0,0,1,1,1,1,0,0,False,0.17573975,0.11663322,0.34034592,0.051027525,0.122156754,1.3275380794652846e-12,0.38631988,0.22958402,-0.026194872,0.10069386,3.3,1.177978515625,8.9
44,0.15210436284542084,0.0,0.14238154888153076,0.0,0,0,1,0,0,0,1,1,1,1,0,0,False,0.30132863,0.106495,0.47988233,0.17643672,0.2852236,1.1947843105500345e-12,0.38565558,0.23069075,0.050265517,0.054763336,3.3,1.177978515625,8.9
45,0.13903337717056274,0.0,0.14238154888153076,0.0,0,0,1,0,0,0,1,1,1,1,0,0,False,0.15140472,0.13410525,0.3560807,0.0006189954,0.11640197,1.0753058599793919e-12,0.38531578,0.23151493,-0.041206248,0.042591196,3.3,1.177978515625,8.9
46,0.15882281959056854,0.0,0.14238154888153076,0.0,0,0,1,0,0,0,1,1,1,1,0,0,False,0.26429036,0.15024815,0.57832366,0.10582035,0.23476902,9.677752739814527e-13,0.38813156,0.2276129,-0.074769534,0.16142216,3.4,1.177978515625,8.9
47,0.10467134416103363,0.0,0.14238154888153076,0.0,0,0,1,0,0,0,1,1,1,1,0,0,False,0.21056123,0.12760061,0.38919148,0.07341248,0.15719955,8.709977075520293e-13,0.3881734,0.22787209,-0.06987152,0.039509464,3.3,1.177978515625,8.9
48,0.13526800274848938,0.0,0.14238154888153076,0.0,0,0,1,0,0,0,1,1,1,1,0,0,False,0.06965208,0.06871091,0.20465994,0.018551944,0.030053893,7.838979465546459e-13,0.38792834,0.22848284,-0.0832653,0.108279325,3.3,1.177978515625,8.9
49,0.13531437516212463,0.0,0.14238154888153076,0.0,0,0,0,0,0,0,1,1,1,1,0,0,False,0.20424183,0.17785154,0.5018256,0.01023438,0.16878614,7.055081616570008e-13,0.38578498,0.23070562,-0.082352705,0.12444484,3.3,1.177978515625,8.9
0,0.14030396938323975,0.0,0.14238154888153076,0.0,0,0,0,0,0,0,1,1,1,1,0,0,False,0.10950998,0.061755605,0.22870499,0.04242493,0.08601231,6.349573210967519e-13,0.38738015,0.22895393,-0.036807526,0.16310279,0.5,1.177978515625,8.9
1,0.12679296731948853,0.0,0.14238154888153076,0.0,0,0,1,0,0,0,1,1,1,1,0,0,False,0.23944473,0.12138587,0.47407812,0.12673712,0.19842702,5.714615792292571e-13,0.3874848,0.22927622,0.008782969,0.063534446,3.1,1.177978515625,8.9
2,0.1268000304698944,0.0,0.14238154888153076,0.0,0,0,0,0,0,0,1,1,1,1,0,0,False,0.13949485,0.08602121,0.29604015,0.0503017,0.1038537,5.143154457008803e-13,0.38721794,0.22947761,-0.036137756,0.022640387,3.3,1.177978515625,8.9
3,0.11863910406827927,0.0,0.14238154888153076,0.0,0,0,0,0,0,0,1,1,1,1,0,0,False,0.14515907,0.052315198,0.21152724,0.070037,0.14727592,4.628838816151531e-13,0.38482738,0.23208542,-0.013315551,0.012081199,3.3,1.177978515625,8.9
4,0.13675647974014282,0.0,0.14238154888153076,0.0,0,0,1,0,0,0,1,1,1,1,0,0,False,0.2751494,0.1602447,0.5138155,0.11605158,0.21206492,4.1659546905908895e-13,0.3872026,0.22934973,0.0052876845,0.07374961,3.3,1.177978515625,8.9
5,0.10589493066072464,0.0,0.14238154888153076,0.0,0,0,1,0,0,0,1,1,1,1,0,0,False,0.10220667,0.08176939,0.23719953,0.01666871,0.06619373,3.7493592215318006e-13,0.38304582,0.23018023,-0.021485196,0.041465327,3.3,1.177978515625,8.9
6,0.11089107394218445,0.0,0.14238154888153076,0.0,0,0,0,0,0,0,1,1,1,1,0,0,False,0.15604368,0.12900981,0.34167984,0.01294833,0.126913,3.3744232993786204e-13,0.38687092,0.23008195,-0.047784384,0.030938849,3.3,1.177978515625,8.9
7,0.1268552988767624,0.0,0.14238154888153076,0.0,0,0,1,0,0,0,1,1,1,1,0,0,False,0.1419222,0.09179366,0.3153468,0.051172998,0.10879014,3.036981067018954e-13,0.3860472,0.23082149,0.034789395,0.054879826,3.3,1.177978515625,8.9
8,0.12922565639019012,0.0,0.14238154888153076,0.0,0,0,0,0,0,0,1,1,1,1,0,0,False,0.06711025,0.056352835,0.15251055,0.0001034832,0.05468873,2.7332828383443144e-13,0.38745067,0.22898158,-0.03266768,0.11319893,4.8,1.177978515625,8.9
9,0.10635609924793243,0.0,0.14238154888153076,0.0,0,0,1,0,0,0,1,1,1,1,0,0,False,0.19255103,0.12994282,0.37401894,0.04882531,0.13596952,2.4599546032989804e-13,0.38432366,0.22914281,-0.018008115,0.059619058,5.4,1.177978515625,8.9
10,0.13983353972434998,0.0,0.14238154888153076,0.0,0,0,1,0,0,0,1,1,1,1,0,0,False,0.1812545,0.11386565,0.40642935,0.05651087,0.161924,2.213959240547278e-13,0.38785118,0.22826867,-0.115219586,0.16318183,4.4,1.177978515625,8.9
11,0.14110694825649261,0.0,0.14238154888153076,0.0,0,0,0,0,0,0,1,1,1,1,0,0,False,0.13431932,0.08410159,0.2571735,0.039381094,0.09506725,1.9925633408870991e-13,0.3871062,0.22953351,0.0661771,0.0644281,3.3,1.177978515625,8.9
12,0.15253625810146332,0.0,0.14238154888153076,0.0,0,0,1,0,0,0,1,1,1,1,0,0,False,0.22092624,0.09740543,0.42529055,0.117821485,0.1939493,1.7933069580092915e-13,0.38707295,0.22946146,-0.28352037,0.255393,3.3,1.177978515625,8.9
13,0.15768784284591675,0.0,0.14238154888153076,0.0,0,0,0,0,0,0,1,1,1,1,0,0,False,0.25711882,0.10345097,0.4649367,0.15161353,0.23153791,1.6139762866029111e-13,0.3871625,0.22970274,0.09275198,0.10903734,3.3,1.177978515625,8.9
14,0.1121741309762001,0.0,0.14238154888153076,0.0,0,0,1,0,0,0,1,1,1,1,0,0,False,0.25294396,0.20750815,0.6139235,0.028431993,0.20993352,1.4525786579426202e-13,0.38774604,0.22904329,-0.011673423,0.019789394,3.3,1.177978515625,8.9
15,0.12936130166053772,0.0,0.14238154888153076,0.0,0,0,1,0,0,0,1,1,1,1,0,0,False,0.119650505,0.06854373,0.25081217,0.048618764,0.09285021,1.3073208287401813e-13,0.38628525,0.23022532,0.03016895,0.03373203,3.3,1.177978515625,8.9
16,0.13945938646793365,0.0,0.14238154888153076,0.0,0,0,1,0,0,0,1,1,1,1,0,0,False,0.08807093,0.065590575,0.22560541,0.030279066,0.06613898,1.1765887336688888e-13,0.38645193,0.22936758,-0.07887357,0.15890409,3.2,1.177978515625,8.9
17,0.14181946218013763,0.0,0.14238154888153076,0.0,0,0,0,0,0,0,1,1,1,1,0,0,False,0.069635555,0.057897072,0.19233963,0.027476294,0.039197557,1.0589297993156277e-13,0.3849089,0.22906789,0.023368036,0.02556154,3.3,1.177978515625,8.9
18,0.15500304102897644,0.0,0.14238154888153076,0.0,0,0,1,0,0,0,1,1,1,1,0,0,False,0.17993377,0.11015696,0.40252635,0.059168562,0.1696189,9.530368437786138e-14,0.38653788,0.23006797,0.020246059,0.03315323,3.3,1.177978515625,8.9
19,0.12193301320075989,0.0,0.14238154888153076,0.0,0,0,1,0,0,0,1,1,1,1,0,0,False,0.09033104,0.068974495,0.22751181,0.03806381,0.052790593,8.577331350062036e-14,0.38623983,0.23007202,-0.013978705,0.027222348,3.3,1.177978515625,8.9
20,0.14406238496303558,0.0,0.14238154888153076,0.0,0,0,1,0,0,0,1,1,1,1,0,0,False,0.11291206,0.060212865,0.23419847,0.046379346,0.10303978,7.719598276042205e-14,0.38752073,0.22845821,0.061281163,0.08356136,3.3,1.177978515625,8.9
21,0.1476108431816101,0.0,0.14238154888153076,0.0,0,0,0,0,0,0,1,1,1,1,0,0,False,0.18307608,0.07581025,0.3415249,0.10701776,0.16802996,6.947638265478867e-14,0.38659334,0.23008004,-0.01476087,0.041936815,3.3,1.177978515625,8.9
22,0.14516013860702515,0.0,0.14238154888153076,0.0,0,0,0,0,0,0,1,1,1,1,0,0,False,0.098989986,0.075669095,0.21778518,0.008289757,0.0985594,6.252874194985491e-14,0.3860365,0.23035018,-0.060453113,0.17218252,3.3,1.177978515625,8.9
23,0.13221000134944916,0.0,0.14238154888153076,0.0,0,0,1,0,0,0,1,1,1,1,0,0,False,0.21668996,0.15925397,0.47642758,0.046402387,0.15099205,5.6275870194324316e-14,0.3864964,0.22975287,-0.10849154,0.13880296,3.3,1.177978515625,8.9
24,0.12096980959177017,0.0,0.14238154888153076,0.0,0,0,1,0,0,0,1,1,1,1,0,0,False,0.14457913,0.10263077,0.31907836,0.0380999,0.09563887,5.064828256502816e-14,0.38614625,0.23019414,0.05344375,0.044409852,3.2,1.177978515625,8.9
25,0.1634838879108429,0.0,0.14238154888153076,0.0,0,0,1,0,0,0,1,1,1,1,0,0,False,0.3052237,0.1498502,0.612348,0.13703407,0.2648008,4.5583452783866037e-14,0.38642576,0.23073311,-0.18201916,0.19268407,3.4,1.177978515625,8.9
26,0.12907469272613525,0.0,0.14238154888153076,0.0,0,0,1,0,0,0,1,1,1,1,0,0,False,0.08915824,0.07559165,0.21149513,0.0037998343,0.066704966,4.102510872520688e-14,0.38608223,0.23042352,0.027746791,0.05301644,2.4,1.177978515625,8.9
27,0.12516041100025177,0.0,0.14238154888153076,0.0,0,0,0,0,0,0,1,1,1,1,0,0,False,0.065256946,0.051353384,0.17457622,0.021339726,0.048468955,3.692259815761805e-14,0.38739777,0.22935614,-5.6324217e-05,0.052464813,1.8,1.177978515625,8.9
28,0.148601233959198,0.0,0.14238154888153076,0.0,0,0,1,0,0,0,1,1,1,1,0,0,False,0.12004536,0.051159818,0.22506495,0.059410285,0.11429486,3.3230339866515555e-14,0.38795072,0.22850339,-0.10395598,0.07038856,1.8,1.177978515625,8.9
29,0.1078789010643959,0.0,0.14238154888153076,0.0,0,0,1,0,0,0,1,1,1,1,0,0,False,0.2054382,0.15452792,0.42703396,0.026129728,0.16351789,2.9907305270000274e-14,0.38812345,0.22789395,0.05242501,0.06795004,1.8,1.177978515625,8.9
30,0.16016647219657898,0.0,0.14238154888153076,0.0,0,0,1,0,0,0,1,1,1,1,0,0,False,0.13325407,0.05076087,0.22736831,0.07015694,0.11467153,2.6916573218340942e-14,0.387216,0.22969314,0.1010837,0.0940229,1.9,1.177978515625,8.9
31,0.1417396515607834,0.0,0.14238154888153076,0.0,0,0,1,0,0,0,1,1,1,1,0,0,False,0.09767903,0.08230273,0.22016068,0.003592279,0.073950045,2.4224915286643126e-14,0.3873382,0.22876254,-0.15950014,0.1749609,1.8,1.177978515625,8.9
32,0.12346310913562775,0.0,0.14238154888153076,0.0,0,0,1,0,0,0,1,1,1,1,0,0,False,0.13779409,0.1073574,0.32166627,0.025751181,0.09050171,2.1802423757978814e-14,0.38539454,0.23118147,0.09690803,0.08498456,1.8,1.177978515625,8.9
33,0.1202496737241745,0.0,0.14238154888153076,0.0,0,0,0,0,0,0,1,1,1,1,0,0,False,0.12037897,0.08211577,0.23543683,0.04304058,0.07567419,1.962218077231721e-14,0.38703424,0.22952959,-0.100886665,0.16725133,1.8,1.177978515625,8.9
34,0.12505826354026794,0.0,0.14238154888153076,0.0,0,0,0,0,0,0,1,1,1,1,0,0,False,0.22611077,0.1989126,0.5651385,0.007109578,0.18853098,1.765996254261956e-14,0.38687328,0.22970271,0.061959755,0.054411124,1.9,1.177978515625,8.9
35,0.123873271048069,0.0,0.14238154888153076,0.0,0,0,0,0,0,0,1,1,1,1,0,0,False,0.23506065,0.13072355,0.4582743,0.09769554,0.19107917,1.5893966440823534e-14,0.3858958,0.23093565,-0.0074497447,0.056756746,1.8,1.177978515625,8.9
36,0.129543274641037,0.0,0.14238154888153076,0.0,0,0,0,0,0,0,1,1,1,1,0,0,False,0.0669158,0.0518727,0.14430024,0.015219348,0.04677102,1.4304570101673042e-14,0.38596505,0.23027098,0.059635043,0.042510662,1.9,1.177978515625,8.9
37,0.12937770783901215,0.0,0.14238154888153076,0.0,0,0,0,0,0,0,1,1,1,1,0,0,False,0.14388162,0.057820488,0.26095557,0.088856906,0.12799221,1.2874113396437598e-14,0.38711876,0.2293951,-0.09545345,0.1600169,2.3,1.177978515625,8.9
38,0.12162646651268005,0.0,0.14238154888153076,0.0,0,0,0,0,0,0,1,1,1,1,0,0,False,0.28950927,0.16190173,0.5454937,0.12281115,0.22577716,1.1586701751861977e-14,0.3875412,0.22868392,-0.0030736476,0.05017753,3.3,1.177978515625,8.9
39,0.11771631985902786,0.0,0.14238154888153076,0.0,0,0,0,0,0,0,1,1,1,1,0,0,False,0.0916673,0.0803162,0.25256494,0.01951796,0.055571496,1.042803157667578e-14,0.38692752,0.22977798,-0.04065192,0.03988718,3.4,1.177978515625,8.9
40,0.13355372846126556,0.0,0.14238154888153076,0.0,0,0,1,0,0,0,1,1,1,1,0,0,False,0.14971735,0.08694484,0.27647918,0.04908591,0.10914567,9.385228647707098e-15,0.38614717,0.23119529,-0.0061401227,0.022360437,3.3,1.177978515625,8.9
41,0.13869798183441162,0.0,0.14238154888153076,0.0,0,0,0,0,0,0,1,1,1,1,0,0,False,0.12257103,0.05940385,0.2197568,0.06376145,0.09586321,8.446705554237492e-15,0.38631836,0.23034997,0.05171767,0.040885717,3.3,1.177978515625,8.9
42,0.1350364238023758,0.0,0.14238154888153076,0.0,0,0,0,0,0,0,1,1,1,1,0,0,False,0.085435696,0.052203715,0.17493305,0.030050201,0.065867946,7.602035151279673e-15,0.38367194,0.22899938,0.086357445,0.06375393,3.3,1.177978515625,8.9
43,0.139974445104599,0.0,0.14238154888153076,0.0,0,0,0,0,0,0,1,1,1,1,0,0,False,0.16188417,0.060756523,0.2655543,0.08248327,0.15536535,6.841831636151706e-15,0.3853619,0.2316114,0.03664754,0.058710393,3.3,1.177978515625,8.9
44,0.15315504372119904,0.0,0.14238154888153076,0.0,0,0,1,0,0,0,1,1,1,1,0,0,False,0.15525898,0.10370152,0.34704798,0.030042544,0.1409934,6.15764839630357e-15,0.38731724,0.22897997,-0.02051129,0.01902671,3.3,1.177978515625,8.9
45,0.14169125258922577,0.0,0.14238154888153076,0.0,0,0,1,0,0,0,1,1,1,1,0,0,False,0.0823218,0.08973467,0.26552558,0.015060255,0.037781883,5.541883480440248e-15,0.38629118,0.23033595,-0.008813021,0.056148063,3.3,1.177978515625,8.9
46,0.11180870234966278,0.0,0.14238154888153076,0.0,0,0,1,0,0,0,1,1,1,1,0,0,False,0.20976637,0.1343484,0.3990079,0.07833124,0.1483337,4.9876949799302926e-15,0.38719746,0.22960827,0.03663068,0.08305817,3.3,1.177978515625,8.9
47,0.12709765136241913,0.0,0.14238154888153076,0.0,0,0,1,0,0,0,1,1,1,1,0,0,False,0.14014713,0.12544169,0.32307804,0.0091091255,0.100116074,4.488925558170229e-15,0.38810453,0.22787502,0.053315204,0.046025764,3.2,1.177978515625,8.9
48,0.1444551646709442,0.0,0.14238154888153076,0.0,0,0,1,0,0,0,1,1,1,1,0,0,False,0.21413565,0.121168226,0.4617875,0.09050321,0.17178628,4.040033078586171e-15,0.38740286,0.2291288,-0.14342466,0.1501702,3.3,1.177978515625,8.9
49,0.14135591685771942,0.0,0.14238154888153076,0.0,0,0,0,0,0,0,1,1,1,1,0,0,False,0.11974973,0.105824895,0.2725008,0.008790774,0.08710562,3.636029618261624e-15,0.38509887,0.23195295,-0.015709896,0.032789018,3.3,1.177978515625,8.9
0,0.16551971435546875,0.0,0.14238154888153076,0.0,0,0,1,0,0,0,1,1,1,1,0,0,False,0.33184102,0.15174608,0.64685595,0.17006534,0.2917422,3.2724265802024955e-15,0.3879682,0.22735493,-0.04223152,0.054343354,1.5,1.177978515625,8.9
1,0.14147283136844635,0.0,0.14238154888153076,0.0,0,0,1,0,0,0,1,1,1,1,0,0,False,0.08900562,0.087041184,0.26775718,0.026776584,0.04148614,2.9451839984152115e-15,0.3863612,0.23027852,0.052874446,0.049417544,1.8,1.177978515625,8.9
2,0.1381751298904419,0.0,0.14238154888153076,0.0,0,0,0,0,0,0,1,1,1,1,0,0,False,0.29465505,0.17274785,0.5788287,0.12257531,0.22788486,2.6506655604572078e-15,0.3872654,0.22892952,0.10693144,0.075915925,1.9,1.177978515625,8.9
3,0.1479954868555069,0.0,0.14238154888153076,0.0,0,0,0,0,0,0,1,1,1,1,0,0,False,0.33232015,0.12458753,0.5647272,0.2053464,0.30838174,2.385598966295004e-15,0.38477975,0.23031454,-0.029111644,0.019706145,1.8,1.177978515625,8.9
4,0.13335536420345306,0.0,0.14238154888153076,0.0,0,0,1,0,0,0,1,1,1,1,0,0,False,0.11534127,0.07861215,0.24578723,0.034320068,0.07074815,2.1470391458984692e-15,0.38681787,0.22975938,0.050134007,0.07968633,1.8,1.177978515625,8.9
5,0.15083391964435577,0.0,0.14238154888153076,0.0,0,0,1,0,0,0,1,1,1,1,0,0,False,0.13009475,0.056930866,0.24183963,0.064055845,0.11115913,1.932335288483346e-15,0.38684893,0.22942123,0.011301669,0.11755387,1.8,1.177978515625,8.9
6,0.14111612737178802,0.0,0.14238154888153076,0.0,0,0,0,0,0,0,1,1,1,1,0,0,False,0.112797044,0.050219484,0.20189361,0.059850417,0.091078,1.7391016834020462e-15,0.3860908,0.22998038,-0.082625814,0.14465207,1.8,1.177978515625,8.9
7,0.12481141090393066,0.0,0.14238154888153076,0.0,0,0,1,0,0,0,1,1,1,1,0,0,False,0.21915825,0.1742069,0.50121415,0.024527015,0.16956593,1.5651915150618416e-15,0.38699237,0.22999606,0.044098344,0.04730993,1.9,1.177978515625,8.9
8,0.14505332708358765,0.0,0.14238154888153076,0.0,0,0,1,0,0,0,1,1,1,1,0,0,False,0.09291915,0.06822032,0.22416364,0.035314284,0.054323193,1.408672373084778e-15,0.38596588,0.23159187,0.06648016,0.07481918,1.8,1.177978515625,8.9
9,0.12331009656190872,0.0,0.14238154888153076,0.0,0,0,1,0,0,0,1,1,1,1,0,0,False,0.17515959,0.11619253,0.37111625,0.05609053,0.12423283,1.2678050976598176e-15,0.3842206,0.2280192,-0.01225545,0.016290527,1.8,1.177978515625,8.9
10,0.12983432412147522,0.0,0.14238154888153076,0.0,0,0,0,0,0,0,1,1,1,1,0,0,False,0.13925241,0.08382664,0.29625687,0.0670772,0.10142706,1.1410246260103185e-15,0.38386765,0.22916773,0.081916206,0.065265365,2.1,1.177978515625,8.9
11,0.10785961151123047,0.0,0.14238154888153076,0.0,0,0,1,0,0,0,1,1,1,1,0,0,False,0.19942124,0.10647447,0.38635045,0.08558494,0.16805652,1.0269221729384074e-15,0.38605577,0.23045154,-0.01515608,0.039929945,3.4,1.177978515625,8.9
12,0.14042222499847412,0.0,0.14238154888153076,0.0,0,0,1,0,0,0,1,1,1,1,0,0,False,0.19438519,0.07778966,0.33823824,0.10773821,0.17844744,9.242299842319286e-16,0.38539678,0.23144674,-0.023552278,0.05582313,3.3,1.177978515625,8.9
13,0.13097886741161346,0.0,0.14238154888153076,0.0,0,0,0,0,0,0,1,1,1,1,0,0,False,0.12338823,0.050646085,0.18398893,0.050753627,0.12200237,8.318069476922531e-16,0.386908,0.2299346,0.060094316,0.06469665,3.5,1.177978515625,8.9
14,0.12833116948604584,0.0,0.14238154888153076,0.0,0,0,0,0,0,0,1,1,1,1,0,0,False,0.12459282,0.08908709,0.24913427,0.033395123,0.08754812,7.486262529230277e-16,0.38795385,0.22863546,0.060342956,0.067724735,3.3,1.177978515625,8.9
15,0.12388178706169128,0.0,0.14238154888153076,0.0,0,0,0,0,0,0,1,1,1,1,0,0,False,0.10392919,0.045260657,0.16889608,0.047283504,0.09141378,6.737636228661646e-16,0.385629,0.2301966,-0.12036154,0.16377886,3.3,1.177978515625,8.9
16,0.10486439615488052,0.0,0.14238154888153076,0.0,0,0,1,0,0,0,1,1,1,1,0,0,False,0.22660406,0.14756428,0.4402509,0.05720665,0.17077866,6.063872605795482e-16,0.38747293,0.22929779,0.017840544,0.028843008,3.5,1.177978515625,8.9
17,0.12800846993923187,0.0,0.14238154888153076,0.0,0,0,1,0,0,0,1,1,1,1,0,0,False,0.25305486,0.14318974,0.48066115,0.108959734,0.19725397,5.45748558344395e-16,0.38583118,0.23026112,0.06026994,0.0420893,3.3,1.177978515625,8.9
18,0.12281434237957001,0.0,0.14238154888153076,0.0,0,0,0,0,0,0,1,1,1,1,0,0,False,0.17363961,0.10881022,0.376158,0.06822985,0.13380122,4.911737120390761e-16,0.38710898,0.22956522,0.07081098,0.07966488,3.3,1.177978515625,8.9
19,0.1297510862350464,0.0,0.14238154888153076,0.0,0,0,0,0,0,0,1,1,1,1,0,0,False,0.13840254,0.09704151,0.3259715,0.04903792,0.10096757,4.4205633607060825e-16,0.3867001,0.2304029,-0.07537354,0.10280636,3.3,1.177978515625,8.9
20,0.1376909613609314,0.0,0.14238154888153076,0.0,0,0,0,0,0,0,1,1,1,1,0,0,False,0.1819811,0.14356108,0.40903687,0.021219702,0.13753828,3.978506976989871e-16,0.3839803,0.22865483,-0.03211821,0.029251164,3.3,1.177978515625,8.9
21,0.11337623745203018,0.0,0.14238154888153076,0.0,0,0,1,0,0,0,1,1,1,1,0,0,False,0.20253412,0.09440357,0.3739512,0.10186417,0.17403913,3.580656183999677e-16,0.38773644,0.22914532,0.07193685,0.091161676,3.3,1.177978515625,8.9
22,0.13497678935527802,0.0,0.14238154888153076,0.0,0,0,1,0,0,0,1,1,1,1,0,0,False,0.12886198,0.120687865,0.31194136,0.002600894,0.08610232,3.222590660890916e-16,0.38601914,0.23062286,-0.06828104,0.11446159,3.3,1.177978515625,8.9
23,0.11869040131568909,0.0,0.14238154888153076,0.0,0,0,1,0,0,0,1,1,1,1,0,0,False,0.11979464,0.09408214,0.27420738,0.022509895,0.0756266,2.9003315233334197e-16,0.38740182,0.22920075,0.15438397,0.13140748,3.3,1.177978515625,8.9
24,0.11992453783750534,0.0,0.14238154888153076,0.0,0,0,0,0,0,0,1,1,1,1,0,0,False,0.22148569,0.16862856,0.5233763,0.045545988,0.16883554,2.6102984424684827e-16,0.38642985,0.23078828,-0.017002933,0.052708413,3.3,1.177978515625,8.9
25,0.16319601237773895,0.0,0.14238154888153076,0.0,0,0,1,0,0,0,1,1,1,1,0,0,False,0.19259067,0.093243495,0.37409943,0.08336558,0.1665306,2.349268669690039e-16,0.3870185,0.22891167,-0.14958256,0.17567779,3.3,1.177978515625,8.9
26,0.13706639409065247,0.0,0.14238154888153076,0.0,0,0,1,0,0,0,1,1,1,1,0,0,False,0.072613336,0.07524743,0.23156828,0.008527718,0.039699078,2.1143417788982336e-16,0.38680542,0.22976351,0.03236398,0.035516087,3.3,1.177978515625,8.9
27,0.11997926980257034,0.0,0.14238154888153076,0.0,0,0,1,0,0,0,1,1,1,1,0,0,False,0.2084196,0.11559602,0.4207202,0.07787267,0.17681545,1.9029076248312118e-16,0.38788003,0.22813413,0.056261104,0.08388332,3.3,1.177978515625,8.9
28,0.1478232890367508,0.0,0.14238154888153076,0.0,0,0,1,0,0,0,1,1,1,1,0,0,False,0.2566222,0.13217591,0.5237062,0.113625295,0.21104993,1.7126169219050947e-16,0.3877059,0.22906213,-0.10164035,0.15572934,3.3,1.177978515625,8.9
29,0.12159743160009384,0.0,0.14238154888153076,0.0,0,0,1,0,0,0,1,1,1,1,0,0,False,0.13100462,0.09617982,0.27656898,0.03444345,0.082723945,1.5413552773601887e-16,0.38674435,0.22972846,-0.00747372,0.16710813,3.3,1.177978515625,8.9
30,0.12230426073074341,0.0,0.14238154888153076,0.0,0,0,0,0,0,0,1,1,1,1,0,0,False,0.25925624,0.15154807,0.4892072,0.10578844,0.1991283,1.387219725801368e-16,0.38819876,0.22786884,0.038953647,0.1783018,3.3,1.177978515625,8.9
31,0.1326698362827301,0.0,0.14238154888153076,0.0,0,0,1,0,0,0,1,1,1,1,0,0,False,0.10874775,0.10494324,0.29068196,0.0028548408,0.0660841,1.248497765132632e-16,0.38774103,0.22878031,0.008894599,0.0637944,3.3,1.177978515625,8.9
32,0.12029734253883362,0.0,0.14238154888153076,0.0,0,0,1,0,0,0,1,1,1,1,0,0,False,0.26968846,0.14534928,0.509592,0.120340966,0.21946159,1.1236479409737657e-16,0.38696402,0.23021594,-0.013233124,0.014192097,3.3,1.177978515625,8.9
33,0.13244269788265228,0.0,0.14238154888153076,0.0,0,0,1,0,0,0,1,1,1,1,0,0,False,0.0921041,0.052928522,0.19496658,0.032969926,0.08422149,1.0112831706991907e-16,0.38742417,0.22838762,0.045216933,0.048398208,3.4,1.177978515625,8.9
34,0.13160280883312225,0.0,0.14238154888153076,0.0,0,0,0,0,0,0,1,1,1,1,0,0,False,0.11117003,0.08117709,0.23636222,0.01716601,0.085352115,9.101548417178707e-17,0.38423163,0.22899139,8.4087565e-05,0.015864275,3.3,1.177978515625,8.9
35,0.12112827599048615,0.0,0.14238154888153076,0.0,0,0,1,0,0,0,1,1,1,1,0,0,False,0.12748177,0.048835795,0.20279872,0.064655825,0.12142484,8.191393515903833e-17,0.3863813,0.23055509,-0.21616714,0.19444358,3.2,1.177978515625,8.9
36,0.14730104804039001,0.0,0.14238154888153076,0.0,0,0,1,0,0,0,1,1,1,1,0,0,False,0.12290251,0.10300651,0.3322261,0.03898453,0.07819216,7.372254223870453e-17,0.38580742,0.23087385,0.044009406,0.08683193,1.8,1.177978515625,8.9
37,0.13100911676883698,0.0,0.14238154888153076,0.0,0,0,1,0,0,0,1,1,1,1,0,0,False,0.1601894,0.06302284,0.25256065,0.072519146,0.15105444,6.635029039711425e-17,0.38261336,0.23328562,0.14264335,0.11394533,1.8,1.177978515625,8.9
38,0.14207448065280914,0.0,0.14238154888153076,0.0,0,0,1,0,0,0,1,1,1,1,0,0,False,0.1279952,0.06824902,0.23752117,0.056982093,0.09304476,5.971525897512266e-17,0.38615376,0.2306772,0.010780069,0.040833287,1.8,1.177978515625,8.9
39,0.11099647730588913,0.0,0.14238154888153076,0.0,0,0,1,0,0,0,1,1,1,1,0,0,False,0.072645016,0.047095038,0.15784396,0.019686656,0.06605363,5.3743734268750474e-17,0.3874804,0.22934341,-0.058360577,0.053743333,1.8,1.177978515625,8.9
40,0.14982105791568756,0.0,0.14238154888153076,0.0,0,0,1,0,0,0,1,1,1,1,0,0,False,0.16526648,0.06937193,0.31212392,0.089042865,0.1468975,4.836936084187543e-17,0.38504964,0.2311043,0.06498293,0.07486457,1.8,1.177978515625,8.9
41,0.1294061839580536,0.0,0.14238154888153076,0.0,0,0,1,0,0,0,1,1,1,1,0,0,False,0.08550412,0.08648262,0.2443337,0.011357457,0.044080675,4.3532423864332825e-17,0.38689348,0.22982101,-0.015844343,0.033048134,1.8,1.177978515625,8.9
42,0.12265519797801971,0.0,0.14238154888153076,0.0,0,0,0,0,0,0,1,1,1,1,0,0,False,0.23241158,0.16823576,0.49508289,0.04449828,0.17358887,3.9179182073469585e-17,0.38726285,0.22886702,-0.11950528,0.13560043,1.9,1.177978515625,8.9
43,0.12052617222070694,0.0,0.14238154888153076,0.0,0,0,0,0,0,0,1,1,1,1,0,0,False,0.19493467,0.14936839,0.41545802,0.031492136,0.15330954,3.5261263270552583e-17,0.38628688,0.23056003,0.105042994,0.1270456,1.8,1.177978515625,8.9
44,0.14692677557468414,0.0,0.14238154888153076,0.0,0,0,1,0,0,0,1,1,1,1,0,0,False,0.084055185,0.038489904,0.15594728,0.047831386,0.06449177,3.173513724128235e-17,0.3870035,0.23027933,-0.13400221,0.17005391,1.8,1.177978515625,8.9
45,0.11989858746528625,0.0,0.14238154888153076,0.0,0,0,1,0,0,0,1,1,1,1,0,0,False,0.1403879,0.11511199,0.3004801,0.013464009,0.10072007,2.8561624410509174e-17,0.38796297,0.22856133,-0.02281815,0.014307316,1.8,1.177978515625,8.9
46,0.16578054428100586,0.0,0.14238154888153076,0.0,0,0,1,0,0,0,1,1,1,1,0,0,False,0.12449702,0.0908424,0.2597096,0.015628582,0.12107601,2.5705461076103194e-17,0.38702756,0.2301294,-0.061940532,0.097085424,1.8,1.177978515625,8.9
47,0.14813880622386932,0.0,0.14238154888153076,0.0,0,0,1,0,0,0,1,1,1,1,0,0,False,0.1714796,0.08498478,0.34574857,0.08612966,0.14508979,2.3134915266277896e-17,0.38771623,0.22897013,-0.06458592,0.05607592,3.2,1.177978515625,8.9
48,0.1337311714887619,0.0,0.14238154888153076,0.0,0,0,1,0,0,0,1,1,1,1,0,0,False,0.18181892,0.069653384,0.26607656,0.08646764,0.17068791,2.0821423441865086e-17,0.3877556,0.22899969,0.123759456,0.11676696,3.3,1.177978515625,8.9
49,0.11068804562091827,0.0,0.14238154888153076,0.0,0,0,1,0,0,0,1,1,1,1,0,0,False,0.21469627,0.112238,0.4093479,0.0877822,0.18316168,1.8739280799893557e-17,0.38687724,0.22970948,0.021046674,0.052274328,3.3,1.177978515625,8.9
0,0.11105020344257355,0.0,0.14238154888153076,0.0,0,0,0,0,0,0,1,1,1,1,0,0,False,0.14239703,0.09832023,0.28990468,0.040419165,0.095774956,1.686535242211918e-17,0.38622758,0.2306343,-0.03703705,0.033483215,1.7,1.177978515625,8.9
1,0.15611058473587036,0.0,0.14238154888153076,0.0,0,0,1,0,0,0,1,1,1,1,0,0,False,0.39396504,0.16643693,0.71798563,0.21658066,0.34769428,1.517881717990726e-17,0.38749567,0.22858138,-0.09425204,0.12457243,3.4,1.177978515625,8.9
2,0.12093117088079453,0.0,0.14238154888153076,0.0,0,0,1,0,0,0,1,1,1,1,0,0,False,0.2906476,0.23297751,0.7233562,0.049160883,0.22930771,1.3660935461916535e-17,0.3858968,0.23097304,0.041413482,0.034739327,3.3,1.177978515625,8.9
3,0.12960070371627808,0.0,0.14238154888153076,0.0,0,0,0,0,0,0,1,1,1,1,0,0,False,0.19175477,0.16244246,0.45456597,0.011129923,0.14901853,1.2294842213509903e-17,0.386609,0.23009105,-0.16186307,0.18023609,3.3,1.177978515625,8.9
4,0.12261394411325455,0.0,0.14238154888153076,0.0,0,0,0,0,0,0,1,1,1,1,0,0,False,0.2647377,0.18562344,0.57785237,0.060439248,0.19716065,1.1065357843266402e-17,0.38789612,0.22841899,0.052807122,0.06525198,3.3,1.177978515625,8.9
5,0.10831110179424286,0.0,0.14238154888153076,0.0,0,0,1,0,0,0,1,1,1,1,0,0,False,0.26084676,0.15892959,0.48616746,0.07937604,0.19172749,9.958822207832272e-18,0.38722467,0.22946756,0.022647625,0.0573401,3.3,1.177978515625,8.9
6,0.14529165625572205,0.0,0.14238154888153076,0.0,0,0,1,0,0,0,1,1,1,1,0,0,False,0.22759175,0.17923652,0.532182,0.02091238,0.19280949,8.96293976371028e-18,0.3869299,0.22999926,-0.09432585,0.14308964,3.3,1.177978515625,8.9
7,0.15838727355003357,0.0,0.14238154888153076,0.0,0,0,1,0,0,0,1,1,1,1,0,0,False,0.10570663,0.08124688,0.2563251,0.019269481,0.07289237,8.066645564000486e-18,0.38547596,0.2301046,0.12109006,0.09297951,3.3,1.177978515625,8.9
8,0.13441921770572662,0.0,0.14238154888153076,0.0,0,0,1,0,0,0,1,1,1,1,0,0,False,0.19926935,0.12980485,0.42786258,0.075594515,0.14458212,7.259980933154182e-18,0.3873292,0.2289623,0.045836285,0.07156858,3.5,1.177978515625,8.9
9,0.12664833664894104,0.0,0.14238154888153076,0.0,0,0,0,0,0,0,1,1,1,1,0,0,False,0.14739925,0.12907615,0.34355077,0.00431694,0.10971522,6.5339825420537436e-18,0.3871191,0.2293402,0.017523041,0.043547958,1.9,1.177978515625,8.9
10,0.12939126789569855,0.0,0.14238154888153076,0.0,0,0,0,0,0,0,1,1,1,1,0,0,False,0.10963053,0.05987491,0.21501754,0.04871315,0.08356305,5.880584138955859e-18,0.3879667,0.22836879,-0.012297881,0.041349057,1.8,1.177978515625,8.9
11,0.1194373071193695,0.0,0.14238154888153076,0.0,0,0,0,0,0,0,1,1,1,1,0,0,False,0.11112627,0.07529556,0.2553442,0.04074504,0.08295104,5.292525725060273e-18,0.38798133,0.22867897,0.14742903,0.11775074,1.8,1.177978515625,8.9
12,0.12791340053081512,0.0,0.14238154888153076,0.0,0,0,0,0,0,0,1,1,1,1,0,0,False,0.14900945,0.12566635,0.33101854,0.0051323893,0.117439345,4.763273152554246e-18,0.3851364,0.22938943,-0.071029074,0.038762707,1.8,1.177978515625,8.9
13,0.13178765773773193,0.0,0.14238154888153076,0.0,0,0,0,0,0,0,1,1,1,1,0,0,False,0.22131239,0.17098142,0.5397245,0.034537252,0.19681191,4.286945911745077e-18,0.38487497,0.22900017,-0.11918423,0.17120622,1.8,1.177978515625,8.9
14,0.14408019185066223,0.0,0.14238154888153076,0.0,0,0,1,0,0,0,1,1,1,1,0,0,False,0.09539959,0.041603208,0.15475385,0.052130662,0.07280548,3.858251246124313e-18,0.387402,0.22907941,0.022807665,0.057749275,1.9,1.177978515625,8.9
15,0.11920274049043655,0.0,0.14238154888153076,0.0,0,0,1,0,0,0,1,1,1,1,0,0,False,0.16518423,0.14356372,0.41143987,0.009599721,0.1373015,3.4724260842887544e-18,0.38643497,0.23053017,0.068670526,0.12011498,4.0,1.177978515625,8.9
16,0.13202209770679474,0.0,0.14238154888153076,0.0,0,0,1,0,0,0,1,1,1,1,0,0,False,0.15067269,0.11301407,0.36364287,0.031228604,0.12729119,3.1251834386367517e-18,0.38809848,0.22767839,-0.0010704033,0.0147456415,4.2,1.177978515625,8.9
17,0.119178906083107,0.0,0.14238154888153076,0.0,0,0,1,0,0,0,1,1,1,1,0,0,False,0.11969132,0.061584003,0.22130369,0.042652484,0.11238189,2.812665131996204e-18,0.38628703,0.22987731,-0.08210807,0.068105556,2.1,1.177978515625,8.9
18,0.14309000968933105,0.0,0.14238154888153076,0.0,0,0,1,0,0,0,1,1,1,1,0,0,False,0.21317424,0.1633428,0.51958936,0.040881526,0.17756253,2.5313986187965835e-18,0.38806263,0.2276353,0.007091193,0.03351071,1.8,1.177978515625,8.9
19,0.1519782692193985,0.0,0.14238154888153076,0.0,0,0,0,0,0,0,1,1,1,1,0,0,False,0.18977012,0.13327774,0.42406312,0.044183116,0.15579018,2.2782588313631806e-18,0.38680914,0.22933514,-0.010824223,0.05683658,1.9,1.177978515625,8.9
20,0.1032077968120575,0.0,0.14238154888153076,0.0,0,0,1,0,0,0,1,1,1,1,0,0,False,0.13813359,0.1158809,0.29445025,0.003765416,0.11646043,2.0504330040615536e-18,0.38812268,0.22783883,0.050586045,0.05078916,2.6,1.177978515625,8.9
21,0.1352025270462036,0.0,0.14238154888153076,0.0,0,0,1,0,0,0,1,1,1,1,0,0,False,0.16410984,0.07201915,0.2724687,0.07617617,0.14283961,1.8453897781016535e-18,0.38695017,0.22937775,-0.16180302,0.17557764,3.4,1.177978515625,8.9
22,0.11452045291662216,0.0,0.14238154888153076,0.0,0,0,1,0,0,0,1,1,1,1,0,0,False,0.19205844,0.11948547,0.36724296,0.067300014,0.1387803,1.6608507258452329e-18,0.38660482,0.2301772,0.09615629,0.12832406,3.3,1.177978515625,8.9
23,0.1371380239725113,0.0,0.14238154888153076,0.0,0,0,1,0,0,0,1,1,1,1,0,0,False,0.19495249,0.12121705,0.3921568,0.078755595,0.14408939,1.4947656904838373e-18,0.3863358,0.23053066,0.13098954,0.13533793,3.3,1.177978515625,8.9
24,0.13709881901741028,0.0,0.14238154888153076,0.0,0,0,0,0,0,0,1,1,1,1,0,0,False,0.12007614,0.06989731,0.23339973,0.04405322,0.093274176,1.3452891493527992e-18,0.38528404,0.23083591,0.1506604,0.11278889,3.4,1.177978515625,8.9
25,0.1412331461906433,0.0,0.14238154888153076,0.0,0,0,0,0,0,0,1,1,1,1,0,0,False,0.24673319,0.08885234,0.39973965,0.1392026,0.23484387,1.2107602065001737e-18,0.38457277,0.23203531,-0.16829698,0.17585969,3.3,1.177978515625,8.9
26,0.16114889085292816,0.0,0.14238154888153076,0.0,0,0,1,0,0,0,1,1,1,1,0,0,False,0.281018,0.20936248,0.6646314,0.05396495,0.23659685,1.0896841672385924e-18,0.38628167,0.23017399,-0.07029926,0.16731645,3.3,1.177978515625,8.9
27,0.10344468057155609,0.0,0.14238154888153076,0.0,0,0,1,0,0,0,1,1,1,1,0,0,False,0.14588676,0.10941488,0.3109234,0.022056859,0.11059648,9.807157877378607e-19,0.38702065,0.22922888,-0.104135714,0.07066027,3.4,1.177978515625,8.9
28,0.12327852845191956,0.0,0.14238154888153076,0.0,0,0,1,0,0,0,1,1,1,1,0,0,False,0.20271112,0.09687783,0.4010419,0.10647924,0.17081352,8.826441996582928e-19,0.38762122,0.2287313,0.07950275,0.10018618,3.3,1.177978515625,8.9
29,0.13689236342906952,0.0,0.14238154888153076,0.0,0,0,1,0,0,0,1,1,1,1,0,0,False,0.09707651,0.0851633,0.26576936,0.023016144,0.057625197,7.943797889982454e-19,0.38813853,0.22795069,0.10282851,0.11498483,3.3,1.177978515625,8.9
30,0.14025534689426422,0.0,0.14238154888153076,0.0,0,0,0,0,0,0,1,1,1,1,0,0,False,0.17975579,0.089772806,0.36503062,0.0914498,0.15309551,7.1494181940420275e-19,0.38823238,0.22804244,0.012966748,0.01905624,3.5,1.177978515625,8.9
31,0.15439315140247345,0.0,0.14238154888153076,0.0,0,0,1,0,0,0,1,1,1,1,0,0,False,0.18332511,0.09822978,0.39019945,0.08011283,0.16347286,6.434476374637825e-19,0.38317323,0.23092046,0.094961286,0.09157842,3.3,1.177978515625,8.9
32,0.14720085263252258,0.0,0.14238154888153076,0.0,0,0,0,0,0,0,1,1,1,1,0,0,False,0.099282406,0.05630877,0.18682376,0.03538279,0.08108393,5.791028551058405e-19,0.3873542,0.22923326,0.0641767,0.061347384,3.3,1.177978515625,8.9
33,0.13484428822994232,0.0,0.14238154888153076,0.0,0,0,1,0,0,0,1,1,1,1,0,0,False,0.13624714,0.10571585,0.31138116,0.028109025,0.08479848,5.211925556365836e-19,0.38724107,0.22979431,-0.14483376,0.17147344,3.5,1.177978515625,8.9
34,0.15747180581092834,0.0,0.14238154888153076,0.0,0,0,1,0,0,0,1,1,1,1,0,0,False,0.24006587,0.09760426,0.44401106,0.1294826,0.21610594,4.690732907671433e-19,0.38750365,0.22847188,-0.1297363,0.14911793,3.3,1.177978515625,8.9
35,0.15806443989276886,0.0,0.14238154888153076,0.0,0,0,0,0,0,0,1,1,1,1,0,0,False,0.41250637,0.18633786,0.7788594,0.21230282,0.360285,4.2216596169042897e-19,0.38729295,0.22869067,-0.12216071,0.16492409,3.3,1.177978515625,8.9
36,0.16129063069820404,0.0,0.14238154888153076,0.0,0,0,0,0,0,0,1,1,1,1,0,0,False,0.17885064,0.08007297,0.34766427,0.093276575,0.15933388,3.79949374827168e-19,0.387195,0.22964045,0.12253302,0.094484456,3.3,1.177978515625,8.9
37,0.12819069623947144,0.0,0.14238154888153076,0.0,0,0,1,0,0,0,1,1,1,1,0,0,False,0.13586195,0.09013109,0.2773095,0.027755916,0.10906163,3.4195444897667854e-19,0.3871214,0.22915164,-0.16575773,0.17354274,3.3,1.177978515625,8.9
38,0.11427067965269089,0.0,0.14238154888153076,0.0,0,0,1,0,0,0,1,1,1,1,0,0,False,0.35295367,0.17372909,0.6472717,0.15395354,0.30730903,3.077590040790107e-19,0.38559064,0.22958425,0.0043075196,0.06956998,3.3,1.177978515625,8.9
39,0.14943921566009521,0.0,0.14238154888153076,0.0,0,0,1,0,0,0,1,1,1,1,0,0,False,0.23398255,0.19243267,0.60148174,0.030591998,0.2092896,2.7698310832400057e-19,0.38731843,0.22900555,0.03588517,0.062057808,3.3,1.177978515625,8.9
40,0.1552165299654007,0.0,0.14238154888153076,0.0,0,0,0,0,0,0,1,1,1,1,0,0,False,0.13157818,0.05958813,0.22167744,0.070227444,0.10393488,2.492847974916005e-19,0.38825276,0.2279332,0.08010629,0.07545104,3.3,1.177978515625,8.9
41,0.16876941919326782,0.0,0.14238154888153076,0.0,0,0,1,0,0,0,1,1,1,1,0,0,False,0.29912224,0.12676728,0.56244427,0.15815724,0.26337302,2.243563061102131e-19,0.387499,0.22940174,-0.1578288,0.17682512,3.3,1.177978515625,8.9
42,0.11631804704666138,0.0,0.14238154888153076,0.0,0,0,1,0,0,0,1,1,1,1,0,0,False,0.21330334,0.17758347,0.5247095,0.023482483,0.17378464,2.0192067084630085e-19,0.38792372,0.22840293,-0.09034703,0.070370875,3.3,1.177978515625,8.9
43,0.1233547180891037,0.0,0.14238154888153076,0.0,0,0,0,0,0,0,1,1,1,1,0,0,False,0.25594962,0.17616999,0.5510073,0.06785217,0.17918915,1.8172860143522528e-19,0.38645262,0.23049466,0.070004955,0.091540106,3.3,1.177978515625,8.9
44,0.14967802166938782,0.0,0.14238154888153076,0.0,0,0,1,0,0,0,1,1,1,1,0,0,False,0.33705986,0.16944528,0.68072784,0.16457866,0.28099576,1.6355574710781644e-19,0.38753653,0.22856402,-0.05006717,0.028058851,3.3,1.177978515625,8.9
45,0.1356671154499054,0.0,0.14238154888153076,0.0,0,0,1,0,0,0,1,1,1,1,0,0,False,0.08847401,0.048194572,0.17856185,0.03600207,0.07169153,1.472001723970348e-19,0.38685977,0.22979018,-0.14577883,0.17488699,2.7,1.177978515625,8.9
46,0.14248481392860413,0.0,0.14238154888153076,0.0,0,0,0,0,0,0,1,1,1,1,0,0,False,0.119211726,0.08187066,0.27362064,0.026092723,0.11973891,1.3248015864699953e-19,0.38721707,0.22984171,0.059782535,0.048943967,1.8,1.177978515625,8.9
47,0.15195509791374207,0.0,0.14238154888153076,0.0,0,0,0,0,0,0,1,1,1,1,0,0,False,0.12722425,0.06024818,0.23342714,0.06846285,0.10273128,1.1923214510874505e-19,0.387693,0.22862773,-0.075788625,0.15861757,1.8,1.177978515625,8.9
48,0.12208481132984161,0.0,0.14238154888153076,0.0,0,0,1,0,0,0,1,1,1,1,0,0,False,0.17029263,0.122603826,0.34206522,0.03563529,0.11952826,1.0730892594497959e-19,0.38719067,0.22981772,-0.088459045,0.064261675,1.8,1.177978515625,8.9
49,0.1216682493686676,0.0,0.14238154888153076,0.0,0,0,0,0,0,0,1,1,1,1,0,0,False,0.10293153,0.067180894,0.22187299,0.0458374,0.068040535,9.657803335048164e-20,0.38707462,0.22942314,-0.0807573,0.06198146,1.8,1.177978515625,8.9
0,0.1406145989894867,0.0,0.14238154888153076,0.0,0,0,1,0,0,0,1,1,1,1,0,0,False,0.104138106,0.047711197,0.1809608,0.058225077,0.08330947,8.692023117865621e-20,0.38690418,0.22929306,0.07027703,0.12104947,1.0,1.177978515625,8.9
1,0.14316973090171814,0.0,0.14238154888153076,0.0,0,0,0,0,0,0,1,1,1,1,0,0,False,0.10850415,0.046501763,0.20225559,0.053319942,0.09914337,7.822820631595648e-20,0.38690144,0.2297697,-0.0037596326,0.029593542,3.4,1.177978515625,8.9
2,0.14094632863998413,0.0,0.14238154888153076,0.0,0,0,0,0,0,0,1,1,1,1,0,0,False,0.10492002,0.050510984,0.18636596,0.058169518,0.079230756,7.04053880108063e-20,0.38415495,0.22898512,-0.10574636,0.1863813,3.3,1.177978515625,8.9
3,0.13130997121334076,0.0,0.14238154888153076,0.0,0,0,0,0,0,0,1,1,1,1,0,0,False,0.19299817,0.14382952,0.411452,0.03378677,0.13813376,6.336484862811431e-20,0.38687053,0.23001823,-0.015648006,0.041788217,3.3,1.177978515625,8.9
4,0.1382616013288498,0.0,0.14238154888153076,0.0,0,0,0,0,0,0,1,1,1,1,0,0,False,0.174573,0.115398146,0.3371264,0.053038124,0.11949363,5.70283614388574e-20,0.38783598,0.22825515,0.042455766,0.05993326,3.4,1.177978515625,8.9
5,0.12965062260627747,0.0,0.14238154888153076,0.0,0,0,0,0,0,0,1,1,1,1,0,0,False,0.07360628,0.06609104,0.21461204,0.016543277,0.04358428,5.1325528203028503e-20,0.3864092,0.22964671,0.0348395,0.04147441,3.3,1.177978515625,8.9
6,0.14167620241641998,0.0,0.14238154888153076,0.0,0,0,1,0,0,0,1,1,1,1,0,0,False,0.19598353,0.06965712,0.27671725,0.091119334,0.20647572,4.619297654594839e-20,0.38398737,0.2306432,0.07378895,0.05979147,3.3,1.177978515625,8.9
7,0.12194238603115082,0.0,0.14238154888153076,0.0,0,0,1,0,0,0,1,1,1,1,0,0,False,0.14598228,0.10993103,0.3021712,0.03374011,0.10128893,4.157367947296492e-20,0.38615912,0.2307848,-0.09960999,0.06719114,3.5,1.177978515625,8.9
8,0.12450513243675232,0.0,0.14238154888153076,0.0,0,0,0,0,0,0,1,1,1,1,0,0,False,0.2788786,0.15485999,0.58563286,0.12195573,0.22177187,3.7416312688891165e-20,0.3882357,0.22815189,-0.029199103,0.06691366,3.3,1.177978515625,8.9
9,0.13463826477527618,0.0,0.14238154888153076,0.0,0,0,1,0,0,0,1,1,1,1,0,0,False,0.13492547,0.11954318,0.3205251,0.0020264864,0.101915434,3.3674681710807735e-20,0.3879569,0.22835803,0.1878313,0.14971383,3.4,1.177978515625,8.9
10,0.1529860943555832,0.0,0.14238154888153076,0.0,0,0,1,0,0,0,1,1,1,1,0,0,False,0.14142911,0.10752642,0.3168341,0.015231302,0.13434434,3.030721295811559e-20,0.38807967,0.22779839,-0.008788439,0.011717583,3.4,1.177978515625,8.9
11,0.13234397768974304,0.0,0.14238154888153076,0.0,0,0,1,0,0,0,1,1,1,1,0,0,False,0.13738258,0.10056788,0.30648568,0.040190887,0.08940828,2.727649137149835e-20,0.38658053,0.23014486,0.13054673,0.10365041,3.3,1.177978515625,8.9
12,0.10374005138874054,0.0,0.14238154888153076,0.0,0,0,1,0,0,0,1,1,1,1,0,0,False,0.14337425,0.098359264,0.28269127,0.033522762,0.11409281,2.4548841652737144e-20,0.38675156,0.22985017,-0.09623959,0.06665791,3.3,1.177978515625,8.9
13,0.12069490551948547,0.0,0.14238154888153076,0.0,0,0,1,0,0,0,1,1,1,1,0,0,False,0.17117167,0.10661511,0.3328035,0.05656161,0.12735343,2.209395748746343e-20,0.38817567,0.22803295,0.017143553,0.03343838,3.3,1.177978515625,8.9
14,0.12752117216587067,0.0,0.14238154888153076,0.0,0,0,0,0,0,0,1,1,1,1,0,0,False,0.09583988,0.05929188,0.21686304,0.04068858,0.07911192,1.9884561302508562e-20,0.387592,0.2284172,0.020620937,0.03779402,3.3,1.177978515625,8.9
15,0.11268071085214615,0.0,0.14238154888153076,0.0,0,0,1,0,0,0,1,1,1,1,0,0,False,0.17516904,0.11688382,0.38178712,0.050076198,0.13475627,1.789610473604918e-20,0.38515586,0.2301238,0.07788782,0.11020431,3.3,1.177978515625,8.9
16,0.13892005383968353,0.0,0.14238154888153076,0.0,0,0,1,0,0,0,1,1,1,1,0,0,False,0.15751363,0.1106524,0.36788496,0.041911382,0.12701878,1.6106493826235736e-20,0.3879163,0.22808082,0.09383005,0.08802405,3.3,1.177978515625,8.9
17,0.13442902266979218,0.0,0.14238154888153076,0.0,0,0,0,0,0,0,1,1,1,1,0,0,False,0.09490868,0.03998649,0.16674185,0.05540125,0.078168035,1.4495844734417846e-20,0.38629356,0.23017278,-0.045112494,0.031244604,3.3,1.177978515625,8.9
18,0.12554876506328583,0.0,0.14238154888153076,0.0,0,0,0,0,0,0,1,1,1,1,0,0,False,0.09238857,0.035722643,0.14146645,0.052007694,0.08058801,1.3046259824767535e-20,0.3813315,0.22954074,0.07959371,0.08579747,3.1,1.177978515625,8.9
19,0.14882321655750275,0.0,0.14238154888153076,0.0,0,0,1,0,0,0,1,1,1,1,0,0,False,0.17282872,0.10263083,0.38298282,0.064483434,0.15193546,1.1741633551485098e-20,0.38657483,0.22990756,-0.16195902,0.18018329,1.8,1.177978515625,8.9
20,0.14511334896087646,0.0,0.14238154888153076,0.0,0,0,0,0,0,0,1,1,1,1,0,0,False,0.19152963,0.0958667,0.38881007,0.09993751,0.1620215,1.0567469978232325e-20,0.38561863,0.23122284,0.053187072,0.0663935,1.8,1.177978515625,8.9
21,0.1322498470544815,0.0,0.14238154888153076,0.0,0,0,1,0,0,0,1,1,1,1,0,0,False,0.23697193,0.13888478,0.4853071,0.09302583,0.18931976,9.51072283500625e-21,0.38686284,0.2294982,0.0035478696,0.05704565,1.8,1.177978515625,8.9
22,0.14133259654045105,0.0,0.14238154888153076,0.0,0,0,0,0,0,0,1,1,1,1,0,0,False,0.1471929,0.0828882,0.31559262,0.07775327,0.12348545,8.559650842311309e-21,0.387683,0.22893357,0.033919934,0.04577129,1.8,1.177978515625,8.9
23,0.13011524081230164,0.0,0.14238154888153076,0.0,0,0,1,0,0,0,1,1,1,1,0,0,False,0.07810169,0.043145955,0.16477439,0.037284546,0.066681355,7.703685394573073e-21,0.3856783,0.2315425,0.006230805,0.022358363,1.8,1.177978515625,8.9
24,0.14919255673885345,0.0,0.14238154888153076,0.0,0,0,1,0,0,0,1,1,1,1,0,0,False,0.06458948,0.05670421,0.17396025,0.0069593815,0.057118725,6.93331714592145e-21,0.38643694,0.22917382,0.04598571,0.05043818,1.8,1.177978515625,8.9
25,0.1074177473783493,0.0,0.14238154888153076,0.0,0,0,1,0,0,0,1,1,1,1,0,0,False,0.16496259,0.09376861,0.3267944,0.0710767,0.13092856,6.239985504030726e-21,0.38639697,0.22958274,0.119054265,0.089238614,1.8,1.177978515625,8.9
26,0.12648604810237885,0.0,0.14238154888153076,0.0,0,0,1,0,0,0,1,1,1,1,0,0,False,0.15242566,0.104382,0.33016887,0.05301583,0.10671708,5.615987026329074e-21,0.38566008,0.23064037,0.06385083,0.0752765,1.8,1.177978515625,8.9
27,0.14359448850154877,0.0,0.14238154888153076,0.0,0,0,1,0,0,0,1,1,1,1,0,0,False,0.15377201,0.1284472,0.37581035,0.013665538,0.13109004,5.054388178293325e-21,0.38714707,0.22938088,0.10830418,0.105055034,1.8,1.177978515625,8.9
28,0.13692717254161835,0.0,0.14238154888153076,0.0,0,0,0,0,0,0,1,1,1,1,0,0,False,0.15948336,0.103320286,0.31120974,0.051706724,0.10913354,4.548949360463992e-21,0.38732967,0.22886176,-0.009251607,0.012349184,1.8,1.177978515625,8.9
29,0.1355368196964264,0.0,0.14238154888153076,0.0,0,0,0,0,0,0,1,1,1,1,0,0,False,0.2644317,0.13247582,0.5366482,0.12480444,0.21744862,4.094054388066883e-21,0.38675433,0.2295218,0.024053955,0.023243867,1.8,1.177978515625,8.9
30,0.1571701318025589,0.0,0.14238154888153076,0.0,0,0,1,0,0,0,1,1,1,1,0,0,False,0.1360504,0.105520815,0.3266637,0.0066815997,0.14847769,3.684649058312326e-21,0.38699493,0.22972831,0.0033730443,0.1734847,3.2,1.177978515625,8.9
31,0.14016960561275482,0.0,0.14238154888153076,0.0,0,0,1,0,0,0,1,1,1,1,0,0,False,0.13277234,0.08893407,0.31539539,0.05881607,0.09865284,3.3161840797796724e-21,0.38603082,0.23043394,-0.0056400388,0.053389657,3.3,1.177978515625,8.9
32,0.13849805295467377,0.0,0.14238154888153076,0.0,0,0,0,0,0,0,1,1,1,1,0,0,False,0.115560316,0.08045055,0.23437062,0.031573206,0.07145293,2.9845656354509947e-21,0.38717017,0.22945122,-0.16016783,0.17160004,3.3,1.177978515625,8.9
33,0.13768941164016724,0.0,0.14238154888153076,0.0,0,0,0,0,0,0,1,1,1,1,0,0,False,0.08314624,0.080071494,0.2358015,0.0047320365,0.049673453,2.6861090355551847e-21,0.38724047,0.22879508,-0.12971437,0.16877715,3.3,1.177978515625,8.9
34,0.14148026704788208,0.0,0.14238154888153076,0.0,0,0,0,0,0,0,1,1,1,1,0,0,False,0.2496559,0.19169359,0.6018897,0.04877682,0.19804585,2.417498186525732e-21,0.38532597,0.23124604,-0.024282798,0.06889802,3.3,1.177978515625,8.9
35,0.1304299384355545,0.0,0.14238154888153076,0.0,0,0,1,0,0,0,1,1,1,1,0,0,False,0.249677,0.09549672,0.3481241,0.101273686,0.26928875,2.175748331522448e-21,0.38659304,0.23029712,-0.009916856,0.04023748,3.4,1.177978515625,8.9
36,0.13953319191932678,0.0,0.14238154888153076,0.0,0,0,0,0,0,0,1,1,1,1,0,0,False,0.20631711,0.17890604,0.5014084,0.016041242,0.16021162,1.9581735165455585e-21,0.386886,0.22955458,-0.21604614,0.1885734,3.4,1.177978515625,8.9
37,0.1278388649225235,0.0,0.14238154888153076,0.0,0,0,1,0,0,0,1,1,1,1,0,0,False,0.17258789,0.13021538,0.3958269,0.04283087,0.11827364,1.7623562375924238e-21,0.38758796,0.22890684,0.041931827,0.06797678,3.3,1.177978515625,8.9
38,0.1484868824481964,0.0,0.14238154888153076,0.0,0,0,1,0,0,0,1,1,1,1,0,0,False,0.118291914,0.08700551,0.2498847,0.013618133,0.097555146,1.5861205411317603e-21,0.38761413,0.22856517,0.102774255,0.114675336,3.3,1.177978515625,8.9
39,0.1505884975194931,0.0,0.14238154888153076,0.0,0,0,0,0,0,0,1,1,1,1,0,0,False,0.07767096,0.05956342,0.1947125,0.011735263,0.06488337,1.4275084870185844e-21,0.38456795,0.22942856,0.039052267,0.048935857,3.3,1.177978515625,8.9
40,0.12020138651132584,0.0,0.14238154888153076,0.0,0,0,1,0,0,0,1,1,1,1,0,0,False,0.20343785,0.16984808,0.49601364,0.019550275,0.1687074,1.284757611053693e-21,0.3855042,0.2306346,0.06390626,0.08613633,3.3,1.177978515625,8.9
41,0.13790646195411682,0.0,0.14238154888153076,0.0,0,0,1,0,0,0,1,1,1,1,0,0,False,0.24261416,0.18542981,0.57071304,0.04480022,0.19462617,1.1562818408606462e-21,0.38777772,0.22917116,0.14990503,0.13076688,3.4,1.177978515625,8.9
42,0.14327789843082428,0.0,0.14238154888153076,0.0,0,0,0,0,0,0,1,1,1,1,0,0,False,0.12038726,0.042279877,0.18202306,0.06027838,0.12003786,1.0406536840376144e-21,0.38402694,0.22940342,0.005301397,0.05661792,3.3,1.177978515625,8.9
43,0.1491347700357437,0.0,0.14238154888153076,0.0,0,0,0,0,0,0,1,1,1,1,0,0,False,0.19162674,0.16422491,0.4934913,0.005102129,0.17749614,9.365883247215305e-22,0.38715807,0.22934249,0.106718324,0.10814654,3.3,1.177978515625,8.9
44,0.1475333720445633,0.0,0.14238154888153076,0.0,0,0,0,0,0,0,1,1,1,1,0,0,False,0.19826208,0.124531806,0.4346565,0.06444499,0.16079493,8.429295376877656e-22,0.38785672,0.22808497,-0.075908236,0.05879676,3.4,1.177978515625,8.9
45,0.12555928528308868,0.0,0.14238154888153076,0.0,0,0,1,0,0,0,1,1,1,1,0,0,False,0.12501164,0.07673875,0.25078738,0.044994034,0.09100273,7.586366020943443e-22,0.38450658,0.2314088,-0.014266198,0.0327286,3.3,1.177978515625,8.9
46,0.15750807523727417,0.0,0.14238154888153076,0.0,0,0,1,0,0,0,1,1,1,1,0,0,False,0.17514867,0.096726395,0.3108064,0.06609744,0.122902006,6.827729418849099e-22,0.38722634,0.22972104,0.0655441,0.07126593,3.3,1.177978515625,8.9
47,0.12619954347610474,0.0,0.14238154888153076,0.0,0,0,1,0,0,0,1,1,1,1,0,0,False,0.083607525,0.048473854,0.16115877,0.040758763,0.056153692,6.144956295210637e-22,0.3869716,0.23002978,-0.018364869,0.041046727,3.5,1.177978515625,8.9
48,0.13575512170791626,0.0,0.14238154888153076,0.0,0,0,0,0,0,0,1,1,1,1,0,0,False,0.10939359,0.037886225,0.18136613,0.0673291,0.09928179,5.530460711127961e-22,0.3871608,0.22872277,0.059085954,0.07223693,3.3,1.177978515625,8.9
49,0.09937208145856857,0.0,0.14238154888153076,0.0,0,0,1,0,0,0,1,1,1,1,0,0,False,0.28790954,0.16069375,0.5160879,0.10596692,0.2192608,4.977414640015165e-22,0.38640666,0.22979763,0.023010725,0.042161692,3.3,1.177978515625,8.9
0,0.12034764140844345,0.0,0.14238154888153076,0.0,0,0,1,0,0,0,1,1,1,1,0,0,False,0.07203287,0.05883937,0.19579618,0.02519335,0.043824665,4.479672994260096e-22,0.38535723,0.22951475,0.084477246,0.08020297,0.7,1.177978515625,8.9
1,0.1211792379617691,0.0,0.14238154888153076,0.0,0,0,0,0,0,0,1,1,1,1,0,0,False,0.23833008,0.21385083,0.6069594,0.0021097183,0.19664359,4.0317054676421456e-22,0.38418213,0.22812228,-0.20101611,0.186283,1.8,1.177978515625,8.9
2,0.12512028217315674,0.0,0.14238154888153076,0.0,0,0,0,0,0,0,1,1,1,1,0,0,False,0.08053062,0.04918662,0.16609459,0.031392146,0.057339482,3.628534966316319e-22,0.38575104,0.23036018,0.005973661,0.011730754,1.8,1.177978515625,8.9
3,0.15445344150066376,0.0,0.14238154888153076,0.0,0,0,1,0,0,0,1,1,1,1,0,0,False,0.14872672,0.07295073,0.2791657,0.062473938,0.119560465,3.2656814924038815e-22,0.38745242,0.22846802,-0.044629354,0.04484051,2.6,1.177978515625,8.9
4,0.12418832629919052,0.0,0.14238154888153076,0.0,0,0,1,0,0,0,1,1,1,1,0,0,False,0.065586306,0.06987684,0.20412481,0.013175463,0.027662124,2.939113297725105e-22,0.38634628,0.22968598,0.05328229,0.039416287,3.3,1.177978515625,8.9
5,0.13649019598960876,0.0,0.14238154888153076,0.0,0,0,1,0,0,0,1,1,1,1,0,0,False,0.18976717,0.06677466,0.31009397,0.11411491,0.18014953,2.6452018997950124e-22,0.3881581,0.2280256,-0.12632805,0.14601494,3.3,1.177978515625,8.9
6,0.1756572127342224,0.0,0.14238154888153076,0.0,0,0,1,0,0,0,1,1,1,1,0,0,False,0.393872,0.16547468,0.7286127,0.20663594,0.34844843,2.3806816416579287e-22,0.38666502,0.22911727,-0.18289371,0.17879826,3.3,1.177978515625,8.9
7,0.14424295723438263,0.0,0.14238154888153076,0.0,0,0,1,0,0,0,1,1,1,1,0,0,False,0.17564423,0.07040508,0.3193373,0.10230232,0.16123605,2.1426135683689124e-22,0.38629335,0.22999999,0.09599611,0.0681149,3.3,1.177978515625,8.9
8,0.13550174236297607,0.0,0.14238154888153076,0.0,0,0,0,0,0,0,1,1,1,1,0,0,False,0.13033469,0.08251602,0.26662493,0.04365945,0.09730202,1.928352256970409e-22,0.38662434,0.23030838,-0.16042104,0.17783932,3.3,1.177978515625,8.9
9,0.11262664943933487,0.0,0.14238154888153076,0.0,0,0,1,0,0,0,1,1,1,1,0,0,False,0.14028281,0.08556988,0.28742096,0.057479408,0.10686889,1.7355170767117564e-22,0.38734853,0.22925958,0.13692549,0.15706171,3.3,1.177978515625,8.9
10,0.1377311646938324,0.0,0.14238154888153076,0.0,0,0,1,0,0,0,1,1,1,1,0,0,False,0.16676445,0.1288656,0.40494615,0.023198534,0.1575034,1.561965380400178e-22,0.3870278,0.22955897,0.008500763,0.022252597,3.3,1.177978515625,8.9
11,0.1635095477104187,0.0,0.14238154888153076,0.0,0,0,1,0,0,0,1,1,1,1,0,0,False,0.29881015,0.14190081,0.5912262,0.14629914,0.2566839,1.405768876438951e-22,0.3853146,0.23062012,0.09384904,0.06279248,3.3,1.177978515625,8.9
12,0.1388525813817978,0.0,0.14238154888153076,0.0,0,0,1,0,0,0,1,1,1,1,0,0,False,0.1545716,0.096283406,0.3018231,0.039201416,0.12151186,1.265191931997071e-22,0.38686755,0.22977936,0.053820312,0.0473358,3.3,1.177978515625,8.9
13,0.13114148378372192,0.0,0.14238154888153076,0.0,0,0,0,0,0,0,1,1,1,1,0,0,False,0.14460662,0.09201499,0.3277488,0.055345584,0.11432825,1.1386727160781698e-22,0.3849911,0.23094013,-0.05856079,0.197975,3.4,1.177978515625,8.9
14,0.13027314841747284,0.0,0.14238154888153076,0.0,0,0,0,0,0,0,1,1,1,1,0,0,False,0.11997354,0.101785935,0.30846044,0.023284664,0.06974042,1.0248054785491438e-22,0.3883075,0.22830692,0.101751685,0.08529695,3.3,1.177978515625,8.9
15,0.15125177800655365,0.0,0.14238154888153076,0.0,0,0,1,0,0,0,1,1,1,1,0,0,False,0.41730008,0.20600706,0.804844,0.21555978,0.3552664,9.223249306942294e-23,0.38749242,0.22945812,-0.10081609,0.16950692,3.3,1.177978515625,8.9
16,0.12977665662765503,0.0,0.14238154888153076,0.0,0,0,1,0,0,0,1,1,1,1,0,0,False,0.11180952,0.05328176,0.183237,0.039406266,0.10970909,8.30092443304605e-23,0.38674515,0.23048875,0.059948523,0.049430918,3.3,1.177978515625,8.9
17,0.13161031901836395,0.0,0.14238154888153076,0.0,0,0,0,0,0,0,1,1,1,1,0,0,False,0.11833609,0.089978896,0.2701792,0.028866222,0.07453148,7.470832103337415e-23,0.3858874,0.23136029,0.014077172,0.11880669,3.3,1.177978515625,8.9
18,0.12379849702119827,0.0,0.14238154888153076,0.0,0,0,0,0,0,0,1,1,1,1,0,0,False,0.15851526,0.06334414,0.22805466,0.061904643,0.1696403,6.723748893003674e-23,0.38755506,0.22804503,-0.025956623,0.03366178,3.4,1.177978515625,8.9
19,0.11677508056163788,0.0,0.14238154888153076,0.0,0,0,0,0,0,0,1,1,1,1,0,0,False,0.26818296,0.15713404,0.48739618,0.10020501,0.20471933,6.051373776511366e-23,0.38693243,0.22981815,0.14099889,0.110747874,3.3,1.177978515625,8.9
20,0.1337905079126358,0.0,0.14238154888153076,0.0,0,0,1,0,0,0,1,1,1,1,0,0,False,0.118012674,0.09485403,0.2833841,0.0059279823,0.10617359,5.446236114870303e-23,0.38238707,0.23019533,0.050115522,0.037970755,3.3,1.177978515625,8.9
21,0.14580050110816956,0.0,0.14238154888153076,0.0,0,0,1,0,0,0,1,1,1,1,0,0,False,0.31396487,0.16414,0.6471475,0.14538491,0.25484842,4.901612730575214e-23,0.3862525,0.22998205,-0.09723878,0.14869702,3.4,1.177978515625,8.9
22,0.15661922097206116,0.0,0.14238154888153076,0.0,0,0,1,0,0,0,1,1,1,1,0,0,False,0.108675726,0.07503129,0.25856698,0.03689679,0.07451162,4.4114515143156775e-23,0.3869965,0.22983901,0.01228756,0.07416896,4.9,1.177978515625,8.9
23,0.12322062253952026,0.0,0.14238154888153076,0.0,0,0,1,0,0,0,1,1,1,1,0,0,False,0.12103063,0.09366917,0.25640044,0.017396413,0.08573994,3.9703063912831026e-23,0.38774243,0.22871935,0.0795678,0.09682834,5.7,1.177978515625,8.9
24,0.13027600944042206,0.0,0.14238154888153076,0.0,0,0,0,0,0,0,1,1,1,1,0,0,False,0.14092235,0.11939411,0.33279613,0.005962132,0.12154955,3.573275695356807e-23,0.38588786,0.22976837,-0.009070356,0.011452154,4.4,1.177978515625,8.9
25,0.12015843391418457,0.0,0.14238154888153076,0.0,0,0,1,0,0,0,1,1,1,1,0,0,False,0.16205004,0.09546592,0.3437827,0.058932785,0.13407971,3.215948211018104e-23,0.3877322,0.22879405,0.1110028,0.08707076,3.3,1.177978515625,8.9
26,0.13285109400749207,0.0,0.14238154888153076,0.0,0,0,1,0,0,0,1,1,1,1,0,0,False,0.1245094,0.10648122,0.27965385,0.0053741955,0.10093299,2.8943534751132715e-23,0.38356757,0.23169485,0.11097934,0.1241078,3.4,1.177978515625,8.9
27,0.12064546346664429,0.0,0.14238154888153076,0.0,0,0,1,0,0,0,1,1,1,1,0,0,False,0.108711384,0.05560069,0.1942472,0.044322312,0.09342727,2.6049180424049664e-23,0.3854396,0.2297488,-0.052562,0.09543852,3.3,1.177978515625,8.9
28,0.1162954643368721,0.0,0.14238154888153076,0.0,0,0,0,0,0,0,1,1,1,1,0,0,False,0.28701895,0.15652911,0.5201775,0.12878583,0.22654073,2.344426294962455e-23,0.38651788,0.23000152,0.04966067,0.06918255,2.6,1.177978515625,8.9
29,0.13726632297039032,0.0,0.14238154888153076,0.0,0,0,1,0,0,0,1,1,1,1,0,0,False,0.14254484,0.094048515,0.30438426,0.054425135,0.10147296,2.1099836654662096e-23,0.38671863,0.22974548,0.04876952,0.05701205,1.9,1.177978515625,8.9
30,0.17393018305301666,0.0,0.14238154888153076,0.0,0,0,1,0,0,0,1,1,1,1,0,0,False,0.20592338,0.057747114,0.30747193,0.14070947,0.20331955,1.8989852563210996e-23,0.38725653,0.2288136,-0.026639512,0.052792743,1.8,1.177978515625,8.9
31,0.1168137863278389,0.0,0.14238154888153076,0.0,0,0,1,0,0,0,1,1,1,1,0,0,False,0.06777133,0.056571368,0.1505302,0.0070997025,0.053146403,1.7090867306889896e-23,0.3865352,0.22971538,0.035764996,0.049189832,1.8,1.177978515625,8.9
32,0.11217312514781952,0.0,0.14238154888153076,0.0,0,0,0,0,0,0,1,1,1,1,0,0,False,0.16650066,0.12127724,0.35652623,0.03547436,0.11416945,1.5381780434205943e-23,0.38736042,0.22907373,-0.13045333,0.17294514,1.8,1.177978515625,8.9
33,0.15112939476966858,0.0,0.14238154888153076,0.0,0,0,1,0,0,0,1,1,1,1,0,0,False,0.13827701,0.07984756,0.29750764,0.051266156,0.1203171,1.3843602958765203e-23,0.38620052,0.23088059,-0.18207248,0.17685618,1.8,1.177978515625,8.9
34,0.1324726939201355,0.0,0.14238154888153076,0.0,0,0,1,0,0,0,1,1,1,1,0,0,False,0.20222081,0.15973587,0.4358827,0.024979923,0.14965448,1.2459242946878608e-23,0.38710463,0.22940175,0.0009959415,0.060418826,1.8,1.177978515625,8.9
35,0.1418091058731079,0.0,0.14238154888153076,0.0,0,0,0,0,0,0,1,1,1,1,0,0,False,0.07233818,0.055706743,0.17406833,0.014405302,0.061652448,1.121331879418571e-23,0.38746956,0.22942741,-0.09492084,0.06406123,1.8,1.177978515625,8.9
36,0.11875669658184052,0.0,0.14238154888153076,0.0,0,0,1,0,0,0,1,1,1,1,0,0,False,0.29474106,0.18585597,0.57292217,0.09664552,0.2082709,1.0091986701774694e-23,0.38767022,0.22884488,0.026696531,0.04818639,1.8,1.177978515625,8.9
37,0.14259514212608337,0.0,0.14238154888153076,0.0,0,0,1,0,0,0,1,1,1,1,0,0,False,0.12918954,0.08277231,0.28821313,0.04086567,0.10755142,9.082788031597225e-24,0.38816708,0.22803609,0.14053054,0.11111152,1.8,1.177978515625,8.9
38,0.12403488159179688,0.0,0.14238154888153076,0.0,0,0,1,0,0,0,1,1,1,1,0,0,False,0.24125136,0.17454308,0.55431676,0.04501097,0.1964179,8.174509441429947e-24,0.386698,0.22996497,-0.063116856,0.16930763,1.8,1.177978515625,8.9
39,0.14641731977462769,0.0,0.14238154888153076,0.0,0,0,1,0,0,0,1,1,1,1,0,0,False,0.17231984,0.11947881,0.3885193,0.04337672,0.1408626,7.357058639281915e-24,0.38640335,0.2308548,0.053150237,0.067371525,2.0,1.177978515625,8.9
40,0.15861088037490845,0.0,0.14238154888153076,0.0,0,0,1,0,0,0,1,1,1,1,0,0,False,0.31911945,0.14094271,0.60896575,0.1695543,0.27949864,6.621352917348686e-24,0.38646224,0.23058577,0.000104402505,0.060819197,3.3,1.177978515625,8.9
41,0.13711200654506683,0.0,0.14238154888153076,0.0,0,0,1,0,0,0,1,1,1,1,0,0,False,0.18018843,0.09875021,0.33968303,0.08496874,0.13780054,5.9592176256138175e-24,0.38614887,0.23092027,-0.17094813,0.18209015,3.3,1.177978515625,8.9
42,0.15573009848594666,0.0,0.14238154888153076,0.0,0,0,1,0,0,0,1,1,1,1,0,0,False,0.22778255,0.07145016,0.344738,0.13623111,0.22605422,5.363296005047399e-24,0.38709515,0.22937353,-0.17592382,0.17193513,3.3,1.177978515625,8.9
43,0.11439807713031769,0.0,0.14238154888153076,0.0,0,0,1,0,0,0,1,1,1,1,0,0,False,0.18386263,0.11426863,0.39655176,0.071087144,0.13340126,4.8269664755401406e-24,0.38766783,0.22873172,0.07674103,0.086369924,3.3,1.177978515625,8.9
44,0.11935699731111526,0.0,0.14238154888153076,0.0,0,0,0,0,0,0,1,1,1,1,0,0,False,0.30249995,0.16594046,0.5656021,0.136397,0.24046722,4.344269863484867e-24,0.3879293,0.22848351,0.06577975,0.049186077,3.4,1.177978515625,8.9
45,0.13306385278701782,0.0,0.14238154888153076,0.0,0,0,1,0,0,0,1,1,1,1,0,0,False,0.11577115,0.063134596,0.23758508,0.049532793,0.09125124,3.909843019131344e-24,0.38810578,0.22791174,0.028569454,0.04652652,3.3,1.177978515625,8.9
46,0.12241601198911667,0.0,0.14238154888153076,0.0,0,0,1,0,0,0,1,1,1,1,0,0,False,0.27358156,0.1561077,0.49140057,0.1172751,0.21106254,3.518858823714431e-24,0.38692075,0.22950244,0.09745297,0.08469575,3.3,1.177978515625,8.9
47,0.15677395462989807,0.0,0.14238154888153076,0.0,0,0,1,0,0,0,1,1,1,1,0,0,False,0.10333246,0.07445058,0.2106603,0.0040567755,0.10592483,3.166972941342988e-24,0.38741732,0.22945864,0.021120427,0.022300407,3.3,1.177978515625,8.9
48,0.12206652760505676,0.0,0.14238154888153076,0.0,0,0,1,0,0,0,1,1,1,1,0,0,False,0.10766169,0.08568286,0.25151008,0.020541549,0.06535081,2.850275718206171e-24,0.38773987,0.22907062,-0.05249545,0.033242624,3.3,1.177978515625,8.9
49,0.11344228684902191,0.0,0.14238154888153076,0.0,0,0,0,0,0,0,1,1,1,1,0,0,False,0.074143276,0.073321044,0.2204753,0.012884762,0.042694412,2.565248164134924e-24,0.3861474,0.22920449,-0.07643008,0.09606414,3.3,1.177978515625,8.9
0,0.14021727442741394,0.0,0.14238154888153076,0.0,0,0,1,0,0,0,1,1,1,1,0,0,False,0.27355614,0.10101407,0.4626785,0.17087734,0.25468975,2.3087234364682834e-24,0.38792005,0.2284787,-0.08067274,0.046551872,1.7,1.177978515625,8.9
1,0.12846969068050385,0.0,0.14238154888153076,0.0,0,0,1,0,0,0,1,1,1,1,0,0,False,0.10880359,0.07646843,0.24142683,0.027909083,0.07125577,2.0778511638189365e-24,0.38493586,0.23067372,0.067874484,0.0546125,3.8,1.177978515625,8.9
2,0.11797142773866653,0.0,0.14238154888153076,0.0,0,0,1,0,0,0,1,1,1,1,0,0,False,0.22023892,0.12899765,0.43680412,0.0956835,0.1702393,1.8700660296876727e-24,0.38689917,0.22944765,0.022111295,0.037503228,1.8,1.177978515625,8.9
3,0.1267571896314621,0.0,0.14238154888153076,0.0,0,0,0,0,0,0,1,1,1,1,0,0,False,0.23057117,0.17149349,0.51944476,0.047477584,0.16355407,1.6830593734707943e-24,0.38713917,0.22960992,0.108026244,0.10516424,1.8,1.177978515625,8.9
4,0.13675324618816376,0.0,0.14238154888153076,0.0,0,0,0,0,0,0,1,1,1,1,0,0,False,0.15142013,0.11544236,0.31561878,0.026109004,0.1039716,1.5147534538730852e-24,0.38819483,0.22797215,0.04897276,0.035160527,1.9,1.177978515625,8.9
5,0.12956459820270538,0.0,0.14238154888153076,0.0,0,0,0,0,0,0,1,1,1,1,0,0,False,0.20763357,0.1604168,0.515379,0.03645763,0.18657468,1.3632781084857766e-24,0.3851482,0.23018081,0.038754925,0.06856165,1.8,1.177978515625,8.9
6,0.14677748084068298,0.0,0.14238154888153076,0.0,0,0,1,0,0,0,1,1,1,1,0,0,False,0.1355819,0.07770309,0.2874048,0.06820823,0.10590256,1.2269502532637731e-24,0.38552126,0.22921129,-0.18946402,0.20521246,1.8,1.177978515625,8.9
7,0.15005481243133545,0.0,0.14238154888153076,0.0,0,0,0,0,0,0,1,1,1,1,0,0,False,0.20239119,0.10880706,0.42106488,0.08722659,0.16318476,1.104255245686766e-24,0.3881306,0.22781889,0.14096488,0.12673615,1.8,1.177978515625,8.9
8,0.15570655465126038,0.0,0.14238154888153076,0.0,0,0,0,0,0,0,1,1,1,1,0,0,False,0.31273782,0.10311889,0.4800313,0.18334122,0.3060913,9.938297566168302e-25,0.38736492,0.22934017,0.1411121,0.12003759,1.8,1.177978515625,8.9
9,0.1593630164861679,0.0,0.14238154888153076,0.0,0,0,0,0,0,0,1,1,1,1,0,0,False,0.2682608,0.095972575,0.45578325,0.16940182,0.25244367,8.94446772080462e-25,0.38689834,0.2301383,-0.033014804,0.023045218,1.8,1.177978515625,8.9
10,0.171372190117836,0.0,0.14238154888153076,0.0,0,0,1,0,0,0,1,1,1,1,0,0,False,0.65962654,0.2799198,1.171981,0.3728016,0.5967389,8.05002103747101e-25,0.38416487,0.22955923,-0.010866321,0.009401117,1.8,1.177978515625,8.9
11,0.14584870636463165,0.0,0.14238154888153076,0.0,0,0,1,0,0,0,1,1,1,1,0,0,False,0.14949052,0.060123328,0.2764397,0.083149575,0.13274005,7.245018756230206e-25,0.3870023,0.22893652,0.11706825,0.08488238,1.8,1.177978515625,8.9
12,0.13357296586036682,0.0,0.14238154888153076,0.0,0,0,1,0,0,0,1,1,1,1,0,0,False,0.29829183,0.1727648,0.5658161,0.12047321,0.22614096,6.520516969354037e-25,0.38542765,0.23053281,0.058014125,0.066895105,1.8,1.177978515625,8.9
13,0.12442198395729065,0.0,0.14238154888153076,0.0,0,0,0,0,0,0,1,1,1,1,0,0,False,0.14674865,0.050334,0.21634331,0.07582311,0.14775467,5.868465449912337e-25,0.3853844,0.23137662,-0.044539694,0.044039216,3.1,1.177978515625,8.9
14,0.11806689947843552,0.0,0.14238154888153076,0.0,0,0,0,0,0,0,1,1,1,1,0,0,False,0.15289779,0.13066708,0.3597045,0.012098079,0.10723841,5.281618904921103e-25,0.38579145,0.23065145,0.16309918,0.14876282,4.1,1.177978515625,8.9
15,0.12801583111286163,0.0,0.14238154888153076,0.0,0,0,0,0,0,0,1,1,1,1,0,0,False,0.13823172,0.12049322,0.30851614,0.0036804508,0.1084294,4.753457103175845e-25,0.38738745,0.22907308,0.04588431,0.05912818,3.8,1.177978515625,8.9
16,0.15317359566688538,0.0,0.14238154888153076,0.0,0,0,1,0,0,0,1,1,1,1,0,0,False,0.13739681,0.10968908,0.29925162,0.011821644,0.105021104,4.278111215364557e-25,0.38763028,0.22871554,0.10482684,0.09401036,3.4,1.177978515625,8.9
17,0.1466342806816101,0.0,0.14238154888153076,0.0,0,0,0,0,0,0,1,1,1,1,0,0,False,0.07487006,0.055076953,0.17857757,0.0193732,0.060612053,3.850299916334397e-25,0.38603008,0.230339,-0.041426644,0.040703285,3.3,1.177978515625,8.9
18,0.11316756159067154,0.0,0.14238154888153076,0.0,0,0,1,0,0,0,1,1,1,1,0,0,False,0.18565696,0.10465771,0.3731867,0.07870164,0.15172437,3.4652699247009576e-25,0.3880853,0.22772317,0.10038483,0.1144155,3.3,1.177978515625,8.9
19,0.13055023550987244,0.0,0.14238154888153076,0.0,0,0,1,0,0,0,1,1,1,1,0,0,False,0.0935516,0.06177302,0.19673358,0.040232297,0.061278466,3.1187429766042876e-25,0.38732433,0.22894974,0.04295497,0.061687205,3.3,1.177978515625,8.9
20,0.15031318366527557,0.0,0.14238154888153076,0.0,0,0,1,0,0,0,1,1,1,1,0,0,False,0.11324937,0.09524996,0.25236994,0.009062018,0.0781241,2.806868568010294e-25,0.385478,0.23132348,-0.07288306,0.1400839,3.3,1.177978515625,8.9
21,0.12189297378063202,0.0,0.14238154888153076,0.0,0,0,1,0,0,0,1,1,1,1,0,0,False,0.12961352,0.11346569,0.3212704,0.00972785,0.10224981,2.5261817999561167e-25,0.38820237,0.22810857,0.07509795,0.07012987,3.3,1.177978515625,8.9
22,0.14101625978946686,0.0,0.14238154888153076,0.0,0,0,1,0,0,0,1,1,1,1,0,0,False,0.107607454,0.04640645,0.20286067,0.054559726,0.09523341,2.273563664333931e-25,0.38596612,0.2302463,0.117248155,0.08633274,3.3,1.177978515625,8.9
23,0.14280903339385986,0.0,0.14238154888153076,0.0,0,0,0,0,0,0,1,1,1,1,0,0,False,0.1653329,0.103580214,0.32130504,0.05889085,0.116505444,2.0462073200872506e-25,0.38669533,0.23064312,-0.20385535,0.19084418,3.3,1.177978515625,8.9
24,0.13656440377235413,0.0,0.14238154888153076,0.0,0,0,0,0,0,0,1,1,1,1,0,0,False,0.16478391,0.11544601,0.40085444,0.050107013,0.13812755,1.8415865880785256e-25,0.38705984,0.22956967,0.07448716,0.06746263,3.3,1.177978515625,8.9
25,0.11851531267166138,0.0,0.14238154888153076,0.0,0,0,1,0,0,0,1,1,1,1,0,0,False,0.14597706,0.09591096,0.3145826,0.049460698,0.10506508,1.657427884897247e-25,0.38613278,0.23067363,-0.024213135,0.033596415,3.3,1.177978515625,8.9
26,0.11934817582368851,0.0,0.14238154888153076,0.0,0,0,0,0,0,0,1,1,1,1,0,0,False,0.21764506,0.13007465,0.43412867,0.085787565,0.1639641,1.49168504094074e-25,0.38653535,0.22954711,-0.0037256551,0.04230432,3.3,1.177978515625,8.9
27,0.11735881119966507,0.0,0.14238154888153076,0.0,0,0,0,0,0,0,1,1,1,1,0,0,False,0.20687819,0.1718851,0.52087337,0.02746462,0.16654521,1.342516559033379e-25,0.3864069,0.23079214,-0.016546438,0.0470575,3.3,1.177978515625,8.9
28,0.13459964096546173,0.0,0.14238154888153076,0.0,0,0,1,0,0,0,1,1,1,1,0,0,False,0.15842792,0.12872225,0.36555806,0.018699452,0.11267263,1.2082648698499718e-25,0.38744622,0.22912817,-0.0012009566,0.030131737,3.3,1.177978515625,8.9
29,0.13109751045703888,0.0,0.14238154888153076,0.0,0,0,0,0,0,0,1,1,1,1,0,0,False,0.24872209,0.22286342,0.6322054,0.008246019,0.20148355,1.0874383606782615e-25,0.38479573,0.23054317,0.047867242,0.039989084,3.3,1.177978515625,8.9
30,0.1368829905986786,0.0,0.14238154888153076,0.0,0,0,0,0,0,0,1,1,1,1,0,0,False,0.12041778,0.09237461,0.27982467,0.03025319,0.07489139,9.786945135170789e-26,0.3871549,0.22965674,-0.031838186,0.0462926,3.5,1.177978515625,8.9
31,0.13215211033821106,0.0,0.14238154888153076,0.0,0,0,0,0,0,0,1,1,1,1,0,0,False,0.08095113,0.0703094,0.2327849,0.024741953,0.051039204,8.80825039978658e-26,0.38418984,0.22985041,-0.017790183,0.057221998,3.4,1.177978515625,8.9
32,0.1404264271259308,0.0,0.14238154888153076,0.0,0,0,0,0,0,0,1,1,1,1,0,0,False,0.1796674,0.09038856,0.3663921,0.086767256,0.15109158,7.927425137940793e-26,0.3864713,0.23033786,0.17970793,0.14462385,3.3,1.177978515625,8.9
33,0.14115475118160248,0.0,0.14238154888153076,0.0,0,0,0,0,0,0,1,1,1,1,0,0,False,0.1497299,0.08701717,0.31685048,0.0692987,0.118477166,7.134682790547061e-26,0.38636103,0.23027489,0.03604963,0.0330494,3.3,1.177978515625,8.9
34,0.12665565311908722,0.0,0.14238154888153076,0.0,0,0,1,0,0,0,1,1,1,1,0,0,False,0.2934663,0.15011033,0.5529541,0.111203484,0.25720665,6.421214677892702e-26,0.3876478,0.22876403,0.0885477,0.06668719,3.3,1.177978515625,8.9
35,0.14450374245643616,0.0,0.14238154888153076,0.0,0,0,1,0,0,0,1,1,1,1,0,0,False,0.10492235,0.09977288,0.28335366,0.0067922734,0.060455464,5.77909293276952e-26,0.38677126,0.23073725,0.0062371907,0.024029672,3.4,1.177978515625,8.9
36,0.1608976125717163,0.0,0.14238154888153076,0.0,0,0,1,0,0,0,1,1,1,1,0,0,False,0.21470547,0.14673683,0.48863176,0.054362524,0.18170846,5.201183417625438e-26,0.38697672,0.230023,-0.070678495,0.03936408,3.3,1.177978515625,8.9
37,0.16286401450634003,0.0,0.14238154888153076,0.0,0,0,0,0,0,0,1,1,1,1,0,0,False,0.13456562,0.10592374,0.2930474,0.0031301654,0.12222748,4.681065297730024e-26,0.38580757,0.2302125,-0.1350441,0.17263533,3.3,1.177978515625,9.0
38,0.12177419662475586,0.0,0.14238154888153076,0.0,0,0,1,0,0,0,1,1,1,1,0,0,False,0.21601956,0.12124726,0.39276564,0.09408686,0.17082772,4.2129586570234566e-26,0.3860256,0.23006602,0.065059125,0.071314745,3.4,1.177978515625,8.9
39,0.1170613169670105,0.0,0.14238154888153076,0.0,0,0,0,0,0,0,1,1,1,1,0,0,False,0.17739032,0.122587435,0.3736722,0.046069555,0.119725585,3.791662652654155e-26,0.3871215,0.22943938,0.12818584,0.09938028,3.3,1.177978515625,8.9
40,0.1385025829076767,0.0,0.14238154888153076,0.0,0,0,1,0,0,0,1,1,1,1,0,0,False,0.19317918,0.1606033,0.45408943,0.019076534,0.14156982,3.412496442855522e-26,0.38749278,0.22867033,0.03420405,0.057595756,3.5,1.177978515625,9.0
41,0.1477910578250885,0.0,0.14238154888153076,0.0,0,0,0,0,0,0,1,1,1,1,0,0,False,0.19116457,0.091369145,0.38013056,0.09114999,0.16330095,3.0712467708365783e-26,0.38814077,0.2279295,-0.036598418,0.023140443,2.0,1.177978515625,9.0
42,0.14551858603954315,0.0,0.14238154888153076,0.0,0,0,0,0,0,0,1,1,1,1,0,0,False,0.1045826,0.070849955,0.22315726,0.011914048,0.11195971,2.7641222046864855e-26,0.38772503,0.2290171,0.025936725,0.030652983,1.8,1.177978515625,9.0
43,0.1555900275707245,0.0,0.14238154888153076,0.0,0,0,1,0,0,0,1,1,1,1,0,0,False,0.1337086,0.101144716,0.30709797,0.011999508,0.14336798,2.4877098732842722e-26,0.38667876,0.2297438,0.070280366,0.07502392,1.9,1.177978515625,9.0
44,0.11764059215784073,0.0,0.14238154888153076,0.0,0,0,1,0,0,0,1,1,1,1,0,0,False,0.16234823,0.11696583,0.33906966,0.038530294,0.10743901,2.2389388582224537e-26,0.38689503,0.22984958,-0.033387434,0.028813882,1.8,1.177978515625,9.0
45,0.14732253551483154,0.0,0.14238154888153076,0.0,0,0,1,0,0,0,1,1,1,1,0,0,False,0.17180724,0.06646153,0.30383867,0.103682846,0.15894994,2.0150449724002082e-26,0.38773817,0.2290006,-0.13402437,0.16981085,1.8,1.177978515625,9.0
46,0.14026860892772675,0.0,0.14238154888153076,0.0,0,0,0,0,0,0,1,1,1,1,0,0,False,0.2011161,0.0645511,0.31284615,0.12289445,0.19792947,1.81354053062697e-26,0.38666606,0.22955796,-0.1561595,0.2107218,1.8,1.177978515625,9.0
47,0.16104137897491455,0.0,0.14238154888153076,0.0,0,0,1,0,0,0,1,1,1,1,0,0,False,0.21895067,0.09896935,0.42760748,0.115914844,0.19328508,1.632186477564273e-26,0.38814145,0.22796276,0.07988379,0.10655139,1.8,1.177978515625,9.0
48,0.12950554490089417,0.0,0.14238154888153076,0.0,0,0,1,0,0,0,1,1,1,1,0,0,False,0.27148253,0.1466388,0.51413083,0.11110319,0.22459862,1.4689678436745413e-26,0.38816106,0.22803283,-0.029654255,0.03397624,1.8,1.177978515625,9.0
49,0.13123254477977753,0.0,0.14238154888153076,0.0,0,0,0,0,0,0,1,1,1,1,0,0,False,0.24355082,0.17497124,0.5325072,0.046572294,0.18792395,1.3220710038403047e-26,0.38775393,0.22816508,0.10220552,0.13072531,1.8,1.177978515625,9.0
0,0.13858245313167572,0.0,0.14238154888153076,0.0,0,0,0,0,0,0,1,1,1,1,0,0,False,0.115612775,0.09176964,0.3001889,0.039048545,0.07484899,1.1898638479894919e-26,0.38611296,0.2309418,-0.14112692,0.15160845,1.5,1.177978515625,8.9
1,0.14305910468101501,0.0,0.14238154888153076,0.0,0,0,0,0,0,0,1,1,1,1,0,0,False,0.12911946,0.09221975,0.3201701,0.05301105,0.093881875,1.0708774770572383e-26,0.38569838,0.23053673,0.048585042,0.054470986,3.3,1.177978515625,8.9
2,0.13572093844413757,0.0,0.14238154888153076,0.0,0,0,0,0,0,0,1,1,1,1,0,0,False,0.29043373,0.2634472,0.75678504,0.00071044924,0.24119881,9.637897016181232e-27,0.38645488,0.22979884,0.073515974,0.07119569,3.3,1.177978515625,8.9
3,0.14697760343551636,0.0,0.14238154888153076,0.0,0,0,1,0,0,0,1,1,1,1,0,0,False,0.13365646,0.11694756,0.31310087,0.002341366,0.1018876,8.674107591897021e-27,0.38714376,0.2291703,0.06437021,0.09131279,3.3,1.177978515625,8.9
4,0.15924791991710663,0.0,0.14238154888153076,0.0,0,0,1,0,0,0,1,1,1,1,0,0,False,0.23157716,0.104343005,0.44977117,0.113115646,0.21146183,7.806696555373407e-27,0.3870668,0.22918725,-0.27844778,0.25197485,3.3,1.177978515625,8.9
5,0.13172657787799835,0.0,0.14238154888153076,0.0,0,0,1,0,0,0,1,1,1,1,0,0,False,0.12793173,0.08380739,0.27692753,0.05071645,0.07938785,7.026027246503457e-27,0.3877275,0.22912133,-0.0075629265,0.05678031,3.3,1.177978515625,8.9
6,0.11615714430809021,0.0,0.14238154888153076,0.0,0,0,1,0,0,0,1,1,1,1,0,0,False,0.16090073,0.09996511,0.3481613,0.06007936,0.12676376,6.3234246605200665e-27,0.38596874,0.23116323,0.031920522,0.027762212,3.3,1.177978515625,8.9
7,0.14281028509140015,0.0,0.14238154888153076,0.0,0,0,1,0,0,0,1,1,1,1,0,0,False,0.13960116,0.061519198,0.2350497,0.053346585,0.1365313,5.69108219446806e-27,0.3866445,0.23003368,-0.14112526,0.14859824,3.5,1.177978515625,8.9
8,0.12731312215328217,0.0,0.14238154888153076,0.0,0,0,1,0,0,0,1,1,1,1,0,0,False,0.21167828,0.18094297,0.53880244,0.021856708,0.1720083,5.121973940354515e-27,0.38807118,0.22772661,0.102613665,0.078822985,3.4,1.177978515625,8.9
9,0.13548284769058228,0.0,0.14238154888153076,0.0,0,0,0,0,0,0,1,1,1,1,0,0,False,0.12830393,0.047762945,0.21374194,0.07313812,0.118922435,4.609776684986019e-27,0.3882475,0.2282764,-0.15402262,0.146862,3.3,1.177978515625,8.9
10,0.1300763636827469,0.0,0.14238154888153076,0.0,0,0,0,0,0,0,1,1,1,1,0,0,False,0.21089305,0.098573886,0.3916897,0.10938637,0.18142226,4.148798843153722e-27,0.3849371,0.22911617,-0.05611281,0.03517313,3.3,1.177978515625,8.9
11,0.12066802382469177,0.0,0.14238154888153076,0.0,0,0,0,0,0,0,1,1,1,1,0,0,False,0.13385202,0.11229124,0.29925662,0.009285424,0.098548494,3.7339190975053066e-27,0.3879302,0.2284131,0.11571901,0.09244434,3.3,1.177978515625,8.9
12,0.12575623393058777,0.0,0.14238154888153076,0.0,0,0,0,0,0,0,1,1,1,1,0,0,False,0.28371653,0.15322813,0.53010046,0.11342742,0.23257595,3.360527118421298e-27,0.38536248,0.23128438,0.088115156,0.06925758,3.4,1.177978515625,8.9
13,0.13588391244411469,0.0,0.14238154888153076,0.0,0,0,1,0,0,0,1,1,1,1,0,0,False,0.110999905,0.08068523,0.22958387,0.02504449,0.0707652,3.0244743372456897e-27,0.38632473,0.23033977,-0.01639671,0.050267544,2.8,1.177978515625,8.9
14,0.1311805099248886,0.0,0.14238154888153076,0.0,0,0,0,0,0,0,1,1,1,1,0,0,False,0.133144,0.09175586,0.27543193,0.04531666,0.08324316,2.7220269728545988e-27,0.3878974,0.22841088,0.035776358,0.059028506,1.8,1.177978515625,8.9
15,0.14788806438446045,0.0,0.14238154888153076,0.0,0,0,1,0,0,0,1,1,1,1,0,0,False,0.21319444,0.08797028,0.3930972,0.12114531,0.19197074,2.4498242582357696e-27,0.38723654,0.22958377,-0.016143512,0.03920274,1.9,1.177978515625,8.9
16,0.11635926365852356,0.0,0.14238154888153076,0.0,0,0,1,0,0,0,1,1,1,1,0,0,False,0.1604264,0.1240413,0.34849912,0.02461627,0.11312823,2.2048418670789315e-27,0.38662338,0.22976029,-0.010182229,0.05676418,1.8,1.177978515625,8.9
17,0.14847241342067719,0.0,0.14238154888153076,0.0,0,0,1,0,0,0,1,1,1,1,0,0,False,0.26719412,0.110632226,0.49454272,0.14274746,0.23728913,1.9843577670378858e-27,0.3869331,0.22960584,-0.09258318,0.19522429,2.0,1.177978515625,8.9
18,0.15171031653881073,0.0,0.14238154888153076,0.0,0,0,0,0,0,0,1,1,1,1,0,0,False,0.1719517,0.07836692,0.33061546,0.08524387,0.14273617,1.7859220596675753e-27,0.3866118,0.23000693,-0.22699565,0.23014684,1.8,1.177978515625,8.9
19,0.14012913405895233,0.0,0.14238154888153076,0.0,0,0,1,0,0,0,1,1,1,1,0,0,False,0.22377288,0.07798152,0.3723017,0.14423582,0.21297036,1.6073299403676653e-27,0.38766825,0.22789013,-0.1346139,0.17433225,1.8,1.177978515625,8.9
20,0.13552971184253693,0.0,0.14238154888153076,0.0,0,0,0,0,0,0,1,1,1,1,0,0,False,0.15498075,0.08232497,0.3139789,0.07087521,0.124362744,1.4465969116641598e-27,0.38468307,0.22969718,0.013735739,0.05336086,1.9,1.177978515625,8.9
21,0.11672407388687134,0.0,0.14238154888153076,0.0,0,0,1,0,0,0,1,1,1,1,0,0,False,0.1923665,0.14272512,0.4106232,0.036797825,0.13625859,1.3019372031643743e-27,0.38674292,0.229528,-0.035028573,0.021819115,1.8,1.177978515625,8.9
22,0.14047154784202576,0.0,0.14238154888153076,0.0,0,0,1,0,0,0,1,1,1,1,0,0,False,0.24872488,0.17272772,0.5944599,0.07004995,0.20963669,1.1717434915146215e-27,0.38813648,0.22773945,0.03243516,0.05221619,1.8,1.177978515625,8.9
23,0.13660532236099243,0.0,0.14238154888153076,0.0,0,0,0,0,0,0,1,1,1,1,0,0,False,0.14833806,0.08373184,0.29006743,0.069553964,0.11055704,1.0545691336964747e-27,0.38798434,0.22846642,0.006211449,0.018470837,1.8,1.177978515625,8.9
24,0.14449986815452576,0.0,0.14238154888153076,0.0,0,0,0,0,0,0,1,1,1,1,0,0,False,0.13147935,0.087261036,0.29151303,0.044360776,0.089813165,9.491122203268273e-28,0.38749987,0.2284489,0.021600584,0.05587106,2.0,1.177978515625,8.9
25,0.14149881899356842,0.0,0.14238154888153076,0.0,0,0,0,0,0,0,1,1,1,1,0,0,False,0.13093422,0.04851191,0.1893717,0.061474916,0.12714587,8.54201015627514e-28,0.38615093,0.23031501,-0.053579558,0.031417336,3.3,1.177978515625,8.9
26,0.1337163895368576,0.0,0.14238154888153076,0.0,0,0,0,0,0,0,1,1,1,1,0,0,False,0.10419165,0.08260508,0.23525505,0.016494324,0.08100553,7.687808707313388e-28,0.38484114,0.23097607,-0.0109871775,0.08836883,3.3,1.177978515625,8.9
27,0.15175949037075043,0.0,0.14238154888153076,0.0,0,0,1,0,0,0,1,1,1,1,0,0,False,0.18324816,0.0661758,0.30139452,0.1121508,0.16843393,6.919027836582049e-28,0.38616198,0.23086806,0.13875656,0.10553638,3.3,1.177978515625,8.9
28,0.13264115154743195,0.0,0.14238154888153076,0.0,0,0,1,0,0,0,1,1,1,1,0,0,False,0.1393373,0.09162795,0.29626244,0.05407688,0.09815022,6.227125226257539e-28,0.38705662,0.22940275,0.09265774,0.090194225,3.3,1.177978515625,8.9
29,0.1274871975183487,0.0,0.14238154888153076,0.0,0,0,0,0,0,0,1,1,1,1,0,0,False,0.14950913,0.08592381,0.30204365,0.06649743,0.11218935,5.604412660298362e-28,0.38505927,0.22897539,-0.10089687,0.16880387,4.8,1.177978515625,8.9
30,0.11901378631591797,0.0,0.14238154888153076,0.0,0,0,0,0,0,0,1,1,1,1,0,0,False,0.10541725,0.09474935,0.26308998,0.005716677,0.069936015,5.043971524268797e-28,0.38793248,0.22839281,-0.20519638,0.18514396,5.7,1.177978515625,8.9
31,0.12361276894807816,0.0,0.14238154888153076,0.0,0,0,0,0,0,0,1,1,1,1,0,0,False,0.10743686,0.075972214,0.25747052,0.04510293,0.06352166,4.539574371841917e-28,0.38706374,0.22947648,-0.0023871996,0.045324117,4.3,1.177978515625,8.9
32,0.13682179152965546,0.0,0.14238154888153076,0.0,0,0,1,0,0,0,1,1,1,1,0,0,False,0.14970425,0.07403758,0.25901884,0.069624715,0.12012394,4.085616891324302e-28,0.38692057,0.23009977,0.023862185,0.04872358,3.3,1.177978515625,8.9
33,0.14133307337760925,0.0,0.14238154888153076,0.0,0,0,0,0,0,0,1,1,1,1,0,0,False,0.15893729,0.1394622,0.41449624,0.010182271,0.13858472,3.6770550721916006e-28,0.3836451,0.22818096,-0.026890019,0.03346089,3.4,1.177978515625,8.9
34,0.12882278859615326,0.0,0.14238154888153076,0.0,0,0,1,0,0,0,1,1,1,1,0,0,False,0.17225127,0.122985885,0.39017138,0.044076018,0.13082355,3.3093495216390164e-28,0.3863315,0.22988173,-0.08407062,0.07079198,3.3,1.177978515625,8.9
35,0.12015905231237411,0.0,0.14238154888153076,0.0,0,0,0,0,0,0,1,1,1,1,0,0,False,0.14087667,0.097475186,0.29395828,0.04444749,0.09314737,2.978414547808403e-28,0.38692126,0.22977276,0.07510907,0.07035976,3.3,1.177978515625,8.9
36,0.10488098114728928,0.0,0.14238154888153076,0.0,0,0,1,0,0,0,1,1,1,1,0,0,False,0.19652496,0.11195607,0.3836516,0.08372358,0.15357324,2.6805730930275627e-28,0.3872189,0.2297728,0.044809055,0.062565975,3.4,1.177978515625,8.9
37,0.11574071645736694,0.0,0.14238154888153076,0.0,0,0,1,0,0,0,1,1,1,1,0,0,False,0.16941904,0.08669196,0.3270339,0.08489821,0.13846923,2.4125157837248064e-28,0.38555664,0.23040013,0.03897346,0.05189411,3.3,1.177978515625,8.9
38,0.11932197213172913,0.0,0.14238154888153076,0.0,0,0,0,0,0,0,1,1,1,1,0,0,False,0.1680962,0.1135213,0.33477202,0.047540892,0.1102722,2.1712640970187667e-28,0.38517004,0.23137367,0.048578378,0.06160501,3.3,1.177978515625,8.9
39,0.13697847723960876,0.0,0.14238154888153076,0.0,0,0,1,0,0,0,1,1,1,1,0,0,False,0.114352636,0.05455895,0.21459773,0.059639912,0.088550255,1.954137643983466e-28,0.38636476,0.23013385,-0.02194751,0.09829395,3.3,1.177978515625,8.9
40,0.12013456970453262,0.0,0.14238154888153076,0.0,0,0,1,0,0,0,1,1,1,1,0,0,False,0.2315243,0.12803343,0.4553799,0.08775084,0.1921578,1.7587238362516957e-28,0.38657814,0.23010595,0.002883217,0.069285594,3.3,1.177978515625,8.9
41,0.13362038135528564,0.0,0.14238154888153076,0.0,0,0,1,0,0,0,1,1,1,1,0,0,False,0.18192719,0.11229935,0.3766795,0.07710151,0.1355559,1.5828514526265261e-28,0.3873965,0.22900823,0.11468197,0.116868585,3.3,1.177978515625,8.9
42,0.1326587200164795,0.0,0.14238154888153076,0.0,0,0,0,0,0,0,1,1,1,1,0,0,False,0.14383136,0.12722851,0.3253095,0.006294036,0.09968993,1.4245662640304497e-28,0.38760135,0.22840628,-0.038220458,0.021237873,3.4,1.177978515625,8.9
43,0.12023330479860306,0.0,0.14238154888153076,0.0,0,0,1,0,0,0,1,1,1,1,0,0,False,0.26745823,0.15904191,0.49767065,0.09285378,0.19430342,1.2821096917941844e-28,0.38336393,0.23023817,0.09502836,0.09146556,3.2,1.177978515625,8.9
44,0.13117903470993042,0.0,0.14238154888153076,0.0,0,0,1,0,0,0,1,1,1,1,0,0,False,0.07854079,0.043886513,0.16375194,0.030532336,0.07351635,1.1538987659481898e-28,0.38508087,0.23185039,0.09372276,0.08582368,3.4,1.177978515625,8.9
45,0.10689762234687805,0.0,0.14238154888153076,0.0,0,0,1,0,0,0,1,1,1,1,0,0,False,0.31775075,0.16130272,0.5716552,0.1544035,0.26311612,1.0385089001867268e-28,0.38821247,0.22800162,0.13420121,0.12718715,3.3,1.177978515625,8.9
46,0.15422309935092926,0.0,0.14238154888153076,0.0,0,0,1,0,0,0,1,1,1,1,0,0,False,0.29871133,0.12607762,0.551946,0.17357178,0.26673213,9.346579668346304e-29,0.38766018,0.22888735,-0.07008648,0.03889597,3.3,1.177978515625,8.9
47,0.1294417530298233,0.0,0.14238154888153076,0.0,0,0,1,0,0,0,1,1,1,1,0,0,False,0.08565063,0.04482151,0.1671629,0.032886975,0.08095643,8.411921593178113e-29,0.3858652,0.2309365,-0.043107074,0.045845702,3.5,1.177978515625,8.9
48,0.14926929771900177,0.0,0.14238154888153076,0.0,0,0,1,0,0,0,1,1,1,1,0,0,False,0.1140522,0.043739468,0.20362781,0.061778363,0.10286016,7.570729379693523e-29,0.38534984,0.23075347,-0.014953386,0.031960044,3.3,1.177978515625,8.9
49,0.13626240193843842,0.0,0.14238154888153076,0.0,0,0,1,0,0,0,1,1,1,1,0,0,False,0.071323566,0.06764961,0.19525483,0.009486525,0.043325547,6.81365655005773e-29,0.3850688,0.23103543,0.022739599,0.04545923,3.3,1.177978515625,8.9
0,0.13297177851200104,0.0,0.14238154888153076,0.0,0,0,0,0,0,0,1,1,1,1,0,0,False,0.17989229,0.062048122,0.2977491,0.11561057,0.17164224,6.132291003385516e-29,0.38716888,0.22967279,0.12101861,0.09296348,0.5,1.177978515625,8.9
1,0.1372959464788437,0.0,0.14238154888153076,0.0,0,0,0,0,0,0,1,1,1,1,0,0,False,0.26410463,0.1343272,0.5165697,0.13534087,0.21861112,5.519061848880185e-29,0.38546067,0.23075502,-0.021049485,0.015497144,3.3,1.177978515625,8.9
2,0.14263829588890076,0.0,0.14238154888153076,0.0,0,0,0,0,0,0,1,1,1,1,0,0,False,0.3070053,0.25617483,0.7621152,0.026914313,0.24875134,4.9671554473250477e-29,0.38663158,0.2296944,-0.1424645,0.14862752,3.4,1.177978515625,8.9
3,0.1416461169719696,0.0,0.14238154888153076,0.0,0,0,0,0,0,0,1,1,1,1,0,0,False,0.10704691,0.0609441,0.21828213,0.043018993,0.08471033,4.470439848425763e-29,0.38628703,0.23049164,0.09206575,0.08481052,3.3,1.177978515625,8.9
4,0.1226322278380394,0.0,0.14238154888153076,0.0,0,0,1,0,0,0,1,1,1,1,0,0,False,0.11238272,0.08811425,0.26038218,0.02736197,0.07322171,4.0233957281662373e-29,0.3869833,0.22920671,0.025192773,0.03505842,3.3,1.177978515625,8.9
5,0.11775503307580948,0.0,0.14238154888153076,0.0,0,0,0,0,0,0,1,1,1,1,0,0,False,0.17800547,0.10865115,0.3733556,0.06768508,0.1280863,3.621056263683173e-29,0.38466558,0.23075724,-0.006943774,0.026341366,3.3,1.177978515625,8.9
6,0.12043057382106781,0.0,0.14238154888153076,0.0,0,0,0,0,0,0,1,1,1,1,0,0,False,0.14901748,0.104778476,0.32644272,0.04215348,0.10597746,3.258950528981297e-29,0.38664287,0.22946338,-0.10441035,0.11820411,3.3,1.177978515625,8.9
7,0.1262134611606598,0.0,0.14238154888153076,0.0,0,0,0,0,0,0,1,1,1,1,0,0,False,0.271317,0.16089237,0.5075017,0.099504925,0.20563425,2.9330555573333364e-29,0.38666528,0.23053753,0.13360283,0.12202846,3.3,1.177978515625,8.9
8,0.1544989049434662,0.0,0.14238154888153076,0.0,0,0,1,0,0,0,1,1,1,1,0,0,False,0.24925017,0.17579782,0.5866402,0.062300492,0.2082294,2.6397500286833924e-29,0.38821778,0.22778098,0.12355966,0.09774718,3.3,1.177978515625,8.9
9,0.12429305911064148,0.0,0.14238154888153076,0.0,0,0,1,0,0,0,1,1,1,1,0,0,False,0.07686234,0.07159429,0.20732485,0.009075689,0.051582452,2.3757749987316636e-29,0.38830775,0.22829513,-0.09664712,0.053428233,3.3,1.177978515625,8.9
10,0.1484474539756775,0.0,0.14238154888153076,0.0,0,0,1,0,0,0,1,1,1,1,0,0,False,0.16556948,0.06380321,0.29761085,0.09908888,0.148826,2.1381974717751074e-29,0.38705927,0.22915883,-0.109124325,0.13917573,3.3,1.177978515625,8.9
11,0.13904179632663727,0.0,0.14238154888153076,0.0,0,0,0,0,0,0,1,1,1,1,0,0,False,0.3521388,0.19442278,0.63291705,0.15658103,0.28042662,1.9243777652226813e-29,0.38766587,0.22879627,0.05711021,0.065929376,3.3,1.177978515625,8.9
12,0.13292723894119263,0.0,0.14238154888153076,0.0,0,0,0,0,0,0,1,1,1,1,0,0,False,0.1745311,0.12663929,0.42357793,0.047275532,0.13664985,1.731939988700413e-29,0.38675615,0.22927117,-0.11690781,0.16631341,3.3,1.177978515625,8.9
13,0.12531675398349762,0.0,0.14238154888153076,0.0,0,0,0,0,0,0,1,1,1,1,0,0,False,0.076900475,0.04887874,0.16436628,0.029099738,0.053988412,1.5587460439971516e-29,0.3870674,0.22915033,-0.21972193,0.22201313,3.3,1.177978515625,8.9
14,0.14008502662181854,0.0,0.14238154888153076,0.0,0,0,1,0,0,0,1,1,1,1,0,0,False,0.22155343,0.1886607,0.57543933,0.02177504,0.19425353,1.4028713854306566e-29,0.38498276,0.23198418,0.056502163,0.04605767,3.3,1.177978515625,8.9
15,0.1453322023153305,0.0,0.14238154888153076,0.0,0,0,0,0,0,0,1,1,1,1,0,0,False,0.17267984,0.10141415,0.37150133,0.0590081,0.15240559,1.2625843010543707e-29,0.38547665,0.23072045,0.042461384,0.03570098,3.4,1.177978515625,8.9
16,0.12932464480400085,0.0,0.14238154888153076,0.0,0,0,1,0,0,0,1,1,1,1,0,0,False,0.13761789,0.095236704,0.28473318,0.03224076,0.09589943,1.1363258709489336e-29,0.38800934,0.2277529,0.050461788,0.0546456,3.3,1.177978515625,8.9
17,0.146937757730484,0.0,0.14238154888153076,0.0,0,0,1,0,0,0,1,1,1,1,0,0,False,0.15116452,0.106403954,0.3540542,0.039847326,0.12377249,1.0226933109374302e-29,0.386569,0.2293576,0.055620406,0.06388006,3.3,1.177978515625,8.9
18,0.14041194319725037,0.0,0.14238154888153076,0.0,0,0,0,0,0,0,1,1,1,1,0,0,False,0.15290464,0.08683591,0.32581156,0.059223775,0.12833637,9.20423993385382e-30,0.38782054,0.2281297,0.015237157,0.04135191,3.3,1.177978515625,8.9
19,0.15451450645923615,0.0,0.14238154888153076,0.0,0,0,1,0,0,0,1,1,1,1,0,0,False,0.19586696,0.09316091,0.38835606,0.1056682,0.16401848,8.28381566963454e-30,0.38623667,0.2304815,-0.031203851,0.031975668,3.3,1.177978515625,8.9
20,0.13819290697574615,0.0,0.14238154888153076,0.0,0,0,1,0,0,0,1,1,1,1,0,0,False,0.1913858,0.14405692,0.42620632,0.026380675,0.1524105,7.45543430579651e-30,0.38618115,0.23077536,0.046128426,0.0453497,3.3,1.177978515625,8.9
21,0.1456594467163086,0.0,0.14238154888153076,0.0,0,0,0,0,0,0,1,1,1,1,0,0,False,0.17785119,0.106232874,0.35522664,0.06877733,0.12954497,6.709890875216859e-30,0.38638455,0.23052816,0.016936233,0.016904553,3.3,1.177978515625,8.9
22,0.1154472827911377,0.0,0.14238154888153076,0.0,0,0,1,0,0,0,1,1,1,1,0,0,False,0.12870151,0.115003385,0.2925189,0.004208032,0.095036544,6.038901923112122e-30,0.3872142,0.22947136,0.050016355,0.035800014,3.4,1.177978515625,8.9
23,0.11890993267297745,0.0,0.14238154888153076,0.0,0,0,0,0,0,0,1,1,1,1,0,0,False,0.2488029,0.21235998,0.63229567,0.021951456,0.21105339,5.43501173080091e-30,0.38558617,0.2306108,-0.016804783,0.029124444,2.2,1.177978515625,8.9
24,0.13431018590927124,0.0,0.14238154888153076,0.0,0,0,1,0,0,0,1,1,1,1,0,0,False,0.12523787,0.10759207,0.3034412,0.005820155,0.09579484,4.891510726992005e-30,0.3881879,0.22804987,0.05672486,0.039213967,1.9,1.177978515625,8.9
25,0.1624571979045868,0.0,0.14238154888153076,0.0,0,0,1,0,0,0,1,1,1,1,0,0,False,0.25816515,0.088984944,0.42945468,0.16767916,0.24876165,4.402359654292805e-30,0.38580424,0.22984402,-0.0780524,0.064927846,1.8,1.177978515625,8.9
26,0.1262684017419815,0.0,0.14238154888153076,0.0,0,0,1,0,0,0,1,1,1,1,0,0,False,0.094896205,0.05652426,0.18502696,0.043806233,0.065961376,3.962123553446575e-30,0.38827428,0.22817019,-0.016881963,0.03164792,1.8,1.177978515625,8.9
27,0.1313941329717636,0.0,0.14238154888153076,0.0,0,0,0,0,0,0,1,1,1,1,0,0,False,0.21241201,0.17957589,0.5169811,0.013488336,0.18223268,3.5659111642476804e-30,0.38490716,0.23145047,0.07186736,0.080437884,1.8,1.177978515625,8.9
28,0.13934198021888733,0.0,0.14238154888153076,0.0,0,0,0,0,0,0,1,1,1,1,0,0,False,0.1037532,0.08368773,0.23676561,0.003695172,0.088776976,3.20932008167715e-30,0.38749024,0.22952357,0.1206282,0.090763904,1.9,1.177978515625,8.9
29,0.1496760994195938,0.0,0.14238154888153076,0.0,0,0,1,0,0,0,1,1,1,1,0,0,False,0.12818326,0.051521845,0.21425323,0.06688335,0.10359067,2.88838800580096e-30,0.3855995,0.23130555,-0.16422798,0.16762353,1.8,1.177978515625,8.9
30,0.15973922610282898,0.0,0.14238154888153076,0.0,0,0,1,0,0,0,1,1,1,1,0,0,False,0.20799805,0.17949338,0.5411623,0.012417054,0.1943702,2.5995492390751013e-30,0.38692442,0.22989349,-0.047002584,0.1302758,1.8,1.177978515625,8.9
31,0.12705732882022858,0.0,0.14238154888153076,0.0,0,0,1,0,0,0,1,1,1,1,0,0,False,0.09738646,0.05563972,0.18928258,0.04699597,0.0705546,2.339594230531998e-30,0.38736483,0.22845273,-0.015902521,0.04689515,1.8,1.177978515625,8.9
32,0.12330953776836395,0.0,0.14238154888153076,0.0,0,0,0,0,0,0,1,1,1,1,0,0,False,0.16652022,0.07906072,0.31885695,0.08756989,0.13738374,2.105634875187273e-30,0.3866883,0.2304351,-0.043227326,0.043378036,1.9,1.177978515625,8.9
33,0.11417534202337265,0.0,0.14238154888153076,0.0,0,0,0,0,0,0,1,1,1,1,0,0,False,0.17749363,0.15419985,0.41376007,0.00055811164,0.1454126,1.8950713368871895e-30,0.3871703,0.22945356,0.037892874,0.0854485,1.8,1.177978515625,8.9
34,0.09707552939653397,0.0,0.14238154888153076,0.0,0,0,1,0,0,0,1,1,1,1,0,0,False,0.44062552,0.2069181,0.73891944,0.21979399,0.37769043,1.705564287834064e-30,0.3874832,0.22964457,0.012242046,0.052494366,2.6,1.177978515625,8.9
35,0.11437572538852692,0.0,0.14238154888153076,0.0,0,0,1,0,0,0,1,1,1,1,0,0,False,0.15437111,0.12829275,0.33954558,0.0111324545,0.12658706,1.5350078251964201e-30,0.38593346,0.22974107,-0.0033072953,0.048698395,3.3,1.177978515625,8.9
36,0.12296304106712341,0.0,0.14238154888153076,0.0,0,0,0,0,0,0,1,1,1,1,0,0,False,0.16138782,0.108955145,0.33921713,0.05135065,0.11280561,1.3815070426767782e-30,0.3863758,0.23009495,0.007234136,0.07249498,3.3,1.177978515625,8.9
37,0.1197529211640358,0.0,0.14238154888153076,0.0,0,0,0,0,0,0,1,1,1,1,0,0,False,0.12291964,0.09807787,0.25768566,0.016988793,0.08363983,1.2433563637997784e-30,0.38470846,0.22891882,0.0024795,0.045330692,3.4,1.177978515625,8.9
38,0.11849813163280487,0.0,0.14238154888153076,0.0,0,0,0,0,0,0,1,1,1,1,0,0,False,0.1594149,0.09081414,0.33522728,0.056665026,0.13888451,1.1190207528104785e-30,0.38619518,0.22925241,0.051720385,0.07159212,3.3,1.177978515625,8.9
39,0.13613419234752655,0.0,0.14238154888153076,0.0,0,0,1,0,0,0,1,1,1,1,0,0,False,0.1418175,0.07736829,0.30342236,0.059640694,0.12820925,1.0071187029201086e-30,0.3856106,0.2309835,-0.053214613,0.045620352,3.3,1.177978515625,8.9
40,0.15917688608169556,0.0,0.14238154888153076,0.0,0,0,1,0,0,0,1,1,1,1,0,0,False,0.43189064,0.24561778,0.92736024,0.17433597,0.34648782,9.064068326280978e-31,0.38649708,0.23059754,-0.14561777,0.17463803,3.4,1.177978515625,8.9
41,0.11231064051389694,0.0,0.14238154888153076,0.0,0,0,1,0,0,0,1,1,1,1,0,0,False,0.18613179,0.15780552,0.4701684,0.018422635,0.15436795,8.15766174755966e-31,0.38586694,0.23105343,0.030060632,0.04561532,3.3,1.177978515625,8.9
42,0.1566525250673294,0.0,0.14238154888153076,0.0,0,0,1,0,0,0,1,1,1,1,0,0,False,0.25208,0.18065779,0.56968457,0.051025353,0.19636066,7.341895657439287e-31,0.38540098,0.23025909,0.07759937,0.0878974,3.3,1.177978515625,8.9
43,0.12922707200050354,0.0,0.14238154888153076,0.0,0,0,1,0,0,0,1,1,1,1,0,0,False,0.10299412,0.081088096,0.269245,0.03721028,0.06931554,6.6077060070597645e-31,0.38658935,0.22988574,-0.002705543,0.049002673,3.3,1.177978515625,8.9
44,0.1325557678937912,0.0,0.14238154888153076,0.0,0,0,0,0,0,0,1,1,1,1,0,0,False,0.20295346,0.09905462,0.3816771,0.098751806,0.17466617,5.946935194764805e-31,0.38792247,0.22849973,-0.00915348,0.055041894,3.3,1.177978515625,8.9
45,0.11722400784492493,0.0,0.14238154888153076,0.0,0,0,1,0,0,0,1,1,1,1,0,0,False,0.1296182,0.09156258,0.26670215,0.03278812,0.085788384,5.352241506017138e-31,0.3879469,0.22854528,-0.06278651,0.1646844,3.3,1.177978515625,8.9
46,0.1339055448770523,0.0,0.14238154888153076,0.0,0,0,1,0,0,0,1,1,1,1,0,0,False,0.18625432,0.1574933,0.43378976,0.00959938,0.1455178,4.817017440051017e-31,0.3878847,0.22828004,0.008821044,0.058808636,3.3,1.177978515625,8.9
47,0.13907292485237122,0.0,0.14238154888153076,0.0,0,0,0,0,0,0,1,1,1,1,0,0,False,0.18997948,0.16624936,0.47494686,0.010784378,0.15448734,4.3353156537281196e-31,0.38631797,0.23070057,0.14944687,0.12759003,3.3,1.177978515625,8.9
48,0.16589680314064026,0.0,0.14238154888153076,0.0,0,0,1,0,0,0,1,1,1,1,0,0,False,0.1510319,0.08985723,0.329495,0.05470912,0.13409866,3.901784215308697e-31,0.38817757,0.22797386,-0.020506034,0.060819805,3.3,1.177978515625,8.9
49,0.14205460250377655,0.0,0.14238154888153076,0.0,0,0,1,0,0,0,1,1,1,1,0,0,False,0.15071374,0.075568534,0.29074496,0.078986034,0.12018189,3.5116058784134206e-31,0.38668475,0.22958593,0.012857676,0.026264595,3.3,1.177978515625,8.9
0,0.11637308448553085,0.0,0.14238154888153076,0.0,0,0,1,0,0,0,1,1,1,1,0,0,False,0.19058208,0.15688251,0.43475232,0.0149033405,0.14693704,3.16044539636657e-31,0.38603958,0.2306879,-0.05312303,0.03198881,1.2,1.177978515625,8.9
1,0.11013440042734146,0.0,0.14238154888153076,0.0,0,0,0,0,0,0,1,1,1,1,0,0,False,0.13275425,0.09492858,0.28763825,0.03452642,0.08696763,2.8444008567299133e-31,0.38667718,0.22899365,0.04633775,0.041993324,1.9,1.177978515625,8.9
2,0.13862551748752594,0.0,0.14238154888153076,0.0,0,0,1,0,0,0,1,1,1,1,0,0,False,0.13900831,0.09649124,0.28720188,0.032180227,0.09788069,2.5599607287391254e-31,0.38671637,0.23027368,0.03740468,0.06340314,1.8,1.177978515625,8.9
3,0.11969848722219467,0.0,0.14238154888153076,0.0,0,0,1,0,0,0,1,1,1,1,0,0,False,0.0980458,0.08094473,0.23348221,0.011595118,0.06613031,2.3039647193419075e-31,0.3869822,0.22922345,-0.07803441,0.14940266,1.8,1.177978515625,8.9
4,0.14183811843395233,0.0,0.14238154888153076,0.0,0,0,1,0,0,0,1,1,1,1,0,0,False,0.3473034,0.20259331,0.63925916,0.14101343,0.26192394,2.0735682262488187e-31,0.38719016,0.22973931,-0.02660434,0.07217324,1.8,1.177978515625,8.9
5,0.14180973172187805,0.0,0.14238154888153076,0.0,0,0,0,0,0,0,1,1,1,1,0,0,False,0.06544403,0.06389714,0.19541973,0.0029129076,0.054379605,1.8662114459417334e-31,0.3874504,0.22905822,0.08123582,0.10777307,1.9,1.177978515625,8.9
6,0.14149560034275055,0.0,0.14238154888153076,0.0,0,0,0,0,0,0,1,1,1,1,0,0,False,0.119255155,0.049773738,0.19003257,0.0659919,0.09856966,1.6795902801886617e-31,0.3876226,0.22866361,0.03654504,0.06372263,1.8,1.177978515625,8.9
7,0.148453027009964,0.0,0.14238154888153076,0.0,0,0,0,0,0,0,1,1,1,1,0,0,False,0.16996758,0.11224149,0.35971713,0.043268546,0.14160916,1.5116312627492446e-31,0.38718778,0.2288421,0.06071952,0.05022494,1.9,1.177978515625,8.9
8,0.12605175375938416,0.0,0.14238154888153076,0.0,0,0,1,0,0,0,1,1,1,1,0,0,False,0.19017304,0.1352343,0.38827747,0.03716627,0.14109756,1.3604681787921169e-31,0.38661584,0.23004207,-0.03038156,0.15720402,3.3,1.177978515625,8.9
9,0.11390352249145508,0.0,0.14238154888153076,0.0,0,0,1,0,0,0,1,1,1,1,0,0,False,0.10915408,0.048624687,0.17571783,0.050887737,0.09404567,1.2244213291745578e-31,0.38511437,0.23123057,0.019714303,0.015074272,3.4,1.177978515625,8.9
10,0.12274248898029327,0.0,0.14238154888153076,0.0,0,0,0,0,0,0,1,1,1,1,0,0,False,0.06340752,0.05345628,0.16903271,0.011707855,0.038278297,1.1019792279954494e-31,0.384885,0.23092175,0.038829364,0.06767216,3.3,1.177978515625,8.9
11,0.1452181339263916,0.0,0.14238154888153076,0.0,0,0,1,0,0,0,1,1,1,1,0,0,False,0.18201798,0.098405294,0.3872873,0.0779587,0.16032106,9.917812522986587e-32,0.38715416,0.22967947,0.05475859,0.06393039,3.5,1.177978515625,8.9
12,0.10929358750581741,0.0,0.14238154888153076,0.0,0,0,1,0,0,0,1,1,1,1,0,0,False,0.25310704,0.15596502,0.4672364,0.083244346,0.18215895,8.926031482276911e-32,0.38720742,0.22948806,0.10891927,0.09594712,3.3,1.177978515625,8.9
13,0.12342245131731033,0.0,0.14238154888153076,0.0,0,0,1,0,0,0,1,1,1,1,0,0,False,0.07685291,0.07808842,0.22370043,0.008751333,0.042518787,8.033428545638203e-32,0.38536853,0.23174271,0.013366555,0.019545125,3.3,1.177978515625,8.9
14,0.1331491321325302,0.0,0.14238154888153076,0.0,0,0,0,0,0,0,1,1,1,1,0,0,False,0.1953106,0.06895386,0.26753634,0.09013978,0.20535836,7.230085479485399e-32,0.3864681,0.23079762,0.0014876719,0.054175477,3.4,1.177978515625,8.9
15,0.12552191317081451,0.0,0.14238154888153076,0.0,0,0,0,0,0,0,1,1,1,1,0,0,False,0.23470853,0.16933632,0.5132694,0.05130304,0.16808736,6.50707693153686e-32,0.387925,0.22828896,-0.07912082,0.15324092,3.3,1.177978515625,8.9
16,0.14745309948921204,0.0,0.14238154888153076,0.0,0,0,1,0,0,0,1,1,1,1,0,0,False,0.17765205,0.07139015,0.29327947,0.08966673,0.16156094,5.856369397074912e-32,0.3856692,0.23005822,0.08045302,0.09198605,3.3,1.177978515625,8.9
17,0.12732774019241333,0.0,0.14238154888153076,0.0,0,0,1,0,0,0,1,1,1,1,0,0,False,0.12390831,0.10658262,0.27734905,0.008684128,0.08449552,5.270732351572928e-32,0.3876655,0.2288011,0.08268612,0.062345933,3.4,1.177978515625,8.9
18,0.116058349609375,0.0,0.14238154888153076,0.0,0,0,1,0,0,0,1,1,1,1,0,0,False,0.25513405,0.13317545,0.47130764,0.10485802,0.21420637,4.7436589048266525e-32,0.3841563,0.23108923,-0.0020916427,0.013081316,3.3,1.177978515625,8.9
19,0.15154993534088135,0.0,0.14238154888153076,0.0,0,0,1,0,0,0,1,1,1,1,0,0,False,0.2400387,0.14052822,0.522229,0.08380511,0.21568522,4.269293067241233e-32,0.38707998,0.22920728,-0.091342725,0.13860531,3.3,1.177978515625,8.9
20,0.12223517149686813,0.0,0.14238154888153076,0.0,0,0,1,0,0,0,1,1,1,1,0,0,False,0.18756537,0.11653266,0.36529708,0.0661592,0.13871747,3.842363892760224e-32,0.38803327,0.22753683,-0.08601421,0.050431717,3.3,1.177978515625,8.9
21,0.12628057599067688,0.0,0.14238154888153076,0.0,0,0,0,0,0,0,1,1,1,1,0,0,False,0.1380073,0.09963461,0.32819122,0.047692638,0.097154275,3.4581275563814476e-32,0.38516325,0.2305891,0.14491998,0.12780674,3.3,1.177978515625,8.9
22,0.1284426599740982,0.0,0.14238154888153076,0.0,0,0,0,0,0,0,1,1,1,1,0,0,False,0.06727023,0.06792704,0.2043861,0.016664656,0.031074088,3.1123147213974343e-32,0.386339,0.23061168,-0.071028896,0.041113835,3.3,1.177978515625,8.9
23,0.11066398024559021,0.0,0.14238154888153076,0.0,0,0,1,0,0,0,1,1,1,1,0,0,False,0.09927482,0.04101008,0.15519615,0.04592216,0.091582835,2.801083196360445e-32,0.38662916,0.23024233,-0.036903057,0.047759753,3.3,1.177978515625,8.9
24,0.1540396362543106,0.0,0.14238154888153076,0.0,0,0,1,0,0,0,1,1,1,1,0,0,False,0.14546888,0.07973333,0.2863534,0.058932763,0.11218391,2.520974823827155e-32,0.38817626,0.2278898,0.0039982353,0.05815442,3.3,1.177978515625,8.9
25,0.14082688093185425,0.0,0.14238154888153076,0.0,0,0,1,0,0,0,1,1,1,1,0,0,False,0.1689022,0.064900935,0.30284852,0.10246435,0.15347138,2.268877394341685e-32,0.38655025,0.22981963,0.07512619,0.07071886,3.3,1.177978515625,8.9
26,0.14042234420776367,0.0,0.14238154888153076,0.0,0,0,0,0,0,0,1,1,1,1,0,0,False,0.14771605,0.055195276,0.21861078,0.076772355,0.13631502,2.0419896020102705e-32,0.38611746,0.22971551,0.06522046,0.048582118,3.3,1.177978515625,8.9
27,0.12263716012239456,0.0,0.14238154888153076,0.0,0,0,1,0,0,0,1,1,1,1,0,0,False,0.13075702,0.10991052,0.28447592,0.008056014,0.09625499,1.8377906285849321e-32,0.3870508,0.2290761,0.10338629,0.09446141,3.3,1.177978515625,8.9
28,0.1412804275751114,0.0,0.14238154888153076,0.0,0,0,1,0,0,0,1,1,1,1,0,0,False,0.13911086,0.10578496,0.345704,0.04541543,0.09502757,1.6540115789507503e-32,0.38684672,0.22956312,-0.10294827,0.067679934,3.3,1.177978515625,8.9
29,0.10839792340993881,0.0,0.14238154888153076,0.0,0,0,1,0,0,0,1,1,1,1,0,0,False,0.2325304,0.13606206,0.4418392,0.08218807,0.17292395,1.4886104871772325e-32,0.38643265,0.23009542,-0.026324742,0.033046976,3.4,1.177978515625,8.9
30,0.12648098170757294,0.0,0.14238154888153076,0.0,0,0,1,0,0,0,1,1,1,1,0,0,False,0.11520609,0.07324538,0.26638663,0.055932127,0.08882351,1.3397494384595094e-32,0.38516477,0.23178443,0.057271406,0.05577452,3.3,1.177978515625,8.9
31,0.13016776740550995,0.0,0.14238154888153076,0.0,0,0,0,0,0,0,1,1,1,1,0,0,False,0.1579495,0.059048824,0.22169052,0.06939031,0.16780601,1.2057744681649354e-32,0.38810745,0.22787368,0.05282839,0.06397696,3.3,1.177978515625,8.9
32,0.12753739953041077,0.0,0.14238154888153076,0.0,0,0,0,0,0,0,1,1,1,1,0,0,False,0.2003225,0.12430311,0.40893117,0.06830718,0.14778255,1.0851970477970649e-32,0.3872062,0.22863598,-0.0730458,0.04094583,3.3,1.177978515625,8.9
33,0.13951724767684937,0.0,0.14238154888153076,0.0,0,0,1,0,0,0,1,1,1,1,0,0,False,0.20707595,0.11748447,0.43956107,0.08565348,0.16137624,9.766773562416698e-33,0.38695616,0.22972207,-0.092763625,0.06573089,1.8,1.177978515625,8.9
34,0.13852845132350922,0.0,0.14238154888153076,0.0,0,0,0,0,0,0,1,1,1,1,0,0,False,0.18306328,0.14734928,0.43484536,0.02346843,0.15096071,8.790096007810357e-33,0.38793868,0.22848341,0.057943135,0.04084701,1.8,1.177978515625,8.9
35,0.12332034111022949,0.0,0.14238154888153076,0.0,0,0,1,0,0,0,1,1,1,1,0,0,False,0.16529597,0.12892757,0.3475375,0.018041052,0.12688099,7.911086605393992e-33,0.38737106,0.2288247,-0.069048494,0.040296327,1.8,1.177978515625,8.9
36,0.1367308795452118,0.0,0.14238154888153076,0.0,0,0,1,0,0,0,1,1,1,1,0,0,False,0.13915057,0.12189212,0.3151962,0.0032709127,0.103608504,7.119977878733037e-33,0.38759512,0.22872445,0.045628216,0.048272267,3.3,1.177978515625,8.9
37,0.1568373590707779,0.0,0.14238154888153076,0.0,0,0,1,0,0,0,1,1,1,1,0,0,False,0.16718255,0.07373882,0.3215971,0.08439361,0.15241253,6.407980289224404e-33,0.38516077,0.23113191,0.14989214,0.12574257,4.2,1.177978515625,8.9
38,0.13994917273521423,0.0,0.14238154888153076,0.0,0,0,1,0,0,0,1,1,1,1,0,0,False,0.13560589,0.06652035,0.25147104,0.06602359,0.10595976,5.767182392545078e-33,0.3865971,0.22985323,-0.100718595,0.15515074,2.8,1.177978515625,8.9
39,0.12833087146282196,0.0,0.14238154888153076,0.0,0,0,1,0,0,0,1,1,1,1,0,0,False,0.062562376,0.0576149,0.17144161,0.0071409796,0.04528427,5.190464219412127e-33,0.387986,0.22845466,-0.012664166,0.08614549,1.8,1.177978515625,8.9
40,0.14625440537929535,0.0,0.14238154888153076,0.0,0,0,1,0,0,0,1,1,1,1,0,0,False,0.16835463,0.107252754,0.34432614,0.045069132,0.12636407,4.6714179297140296e-33,0.38581356,0.2311273,0.05014311,0.068140864,1.9,1.177978515625,8.9
41,0.13444370031356812,0.0,0.14238154888153076,0.0,0,0,1,0,0,0,1,1,1,1,0,0,False,0.06309031,0.06541055,0.19911067,0.015692674,0.03017807,4.204276070621069e-33,0.38812673,0.22786853,-0.08249342,0.04572296,1.8,1.177978515625,8.9
42,0.13696235418319702,0.0,0.14238154888153076,0.0,0,0,0,0,0,0,1,1,1,1,0,0,False,0.30857605,0.26908582,0.77445704,0.0064064953,0.26121867,3.783848430498184e-33,0.38580826,0.22985986,-0.043187633,0.12308493,1.8,1.177978515625,8.9
43,0.13882754743099213,0.0,0.14238154888153076,0.0,0,0,0,0,0,0,1,1,1,1,0,0,False,0.09172767,0.08139151,0.21327703,0.0012335873,0.06510889,3.405463521326808e-33,0.38820267,0.22800133,-0.036507476,0.020273732,1.8,1.177978515625,8.9
44,0.14646536111831665,0.0,0.14238154888153076,0.0,0,0,0,0,0,0,1,1,1,1,0,0,False,0.18034174,0.076536976,0.33985972,0.10100851,0.15542346,3.0649173344980204e-33,0.38487607,0.22958991,-0.00075118616,0.16430102,3.0,1.177978515625,8.9
45,0.1461135298013687,0.0,0.14238154888153076,0.0,0,0,0,0,0,0,1,1,1,1,0,0,False,0.24380885,0.17345232,0.5085941,0.054488022,0.17203592,2.7584255679874397e-33,0.38809907,0.22793052,0.03659512,0.06877402,3.4,1.177978515625,8.9
46,0.14552827179431915,0.0,0.14238154888153076,0.0,0,0,0,0,0,0,1,1,1,1,0,0,False,0.19017164,0.06187924,0.25709295,0.09219843,0.19998135,2.4825829615975278e-33,0.38694677,0.23009524,-0.009025488,0.014117741,3.3,1.177978515625,8.9
47,0.10154937952756882,0.0,0.14238154888153076,0.0,0,0,1,0,0,0,1,1,1,1,0,0,False,0.32563183,0.15651602,0.56573975,0.16063048,0.27792495,2.234324615846607e-33,0.38805035,0.22768497,0.075462535,0.053957805,3.3,1.177978515625,8.9
48,0.1209658533334732,0.0,0.14238154888153076,0.0,0,0,1,0,0,0,1,1,1,1,0,0,False,0.12121871,0.10808212,0.28035346,0.0072526857,0.08814959,2.0108921046707784e-33,0.38525897,0.23137042,-0.0101826945,0.056691047,3.3,1.177978515625,8.9
49,0.1262609362602234,0.0,0.14238154888153076,0.0,0,0,0,0,0,0,1,1,1,1,0,0,False,0.1851755,0.1188632,0.39576358,0.07145292,0.13699888,1.8098028942037007e-33,0.386182,0.2313075,-0.12932773,0.14898002,3.4,1.177978515625,8.9
0,0.12066949158906937,0.0,0.14238154888153076,0.0,0,0,0,0,0,0,1,1,1,1,0,0,False,0.18912385,0.11708135,0.3930274,0.076353475,0.14166713,1.6288225717225518e-33,0.38744092,0.22909966,0.09490683,0.08648199,1.7,1.177978515625,8.9
1,0.15607482194900513,0.0,0.14238154888153076,0.0,0,0,1,0,0,0,1,1,1,1,0,0,False,0.19528414,0.0956277,0.3765105,0.08737472,0.15779838,1.465940380671854e-33,0.38589352,0.23023465,0.10280919,0.0860048,3.3,1.177978515625,8.9
2,0.12664544582366943,0.0,0.14238154888153076,0.0,0,0,1,0,0,0,1,1,1,1,0,0,False,0.1281491,0.107065566,0.2872643,0.0054157055,0.10098238,1.3193463260742793e-33,0.3874154,0.22890997,0.06913968,0.069078445,3.3,1.177978515625,8.9
3,0.12816955149173737,0.0,0.14238154888153076,0.0,0,0,0,0,0,0,1,1,1,1,0,0,False,0.15148418,0.098597616,0.34107512,0.0559282,0.11658904,1.1874116686712673e-33,0.3866445,0.2303119,0.09378377,0.06275642,3.3,1.177978515625,8.9
4,0.13829578459262848,0.0,0.14238154888153076,0.0,0,0,1,0,0,0,1,1,1,1,0,0,False,0.14985447,0.12412759,0.35084412,0.019672614,0.113992184,1.068670493538946e-33,0.38721758,0.2294071,-0.036027584,0.024517005,3.3,1.177978515625,8.9
5,0.12550514936447144,0.0,0.14238154888153076,0.0,0,0,1,0,0,0,1,1,1,1,0,0,False,0.18119277,0.12474081,0.37618932,0.051043414,0.1229723,9.61803427654662e-34,0.38708705,0.22977182,-0.2154773,0.18801296,3.4,1.177978515625,8.9
6,0.14649757742881775,0.0,0.14238154888153076,0.0,0,0,1,0,0,0,1,1,1,1,0,0,False,0.2706942,0.12838359,0.5413126,0.1410806,0.24024652,8.656230931543906e-34,0.38692763,0.2300398,-0.1274274,0.16550167,2.3,1.177978515625,8.9
7,0.17184537649154663,0.0,0.14238154888153076,0.0,0,0,1,0,0,0,1,1,1,1,0,0,False,0.30344763,0.13193664,0.5795091,0.1608954,0.2749328,7.790608003693408e-34,0.387305,0.22919114,0.08899963,0.07867787,1.8,1.177978515625,8.9
8,0.11645320802927017,0.0,0.14238154888153076,0.0,0,0,1,0,0,0,1,1,1,1,0,0,False,0.0971118,0.07210555,0.2245912,0.033235416,0.05607506,7.011547285976014e-34,0.38618645,0.2310892,-0.15291904,0.16106196,1.8,1.177978515625,8.9
9,0.11645258218050003,0.0,0.14238154888153076,0.0,0,0,0,0,0,0,1,1,1,1,0,0,False,0.09762304,0.07529872,0.24461058,0.031129446,0.06602383,6.310392640030359e-34,0.38309664,0.22952549,0.101483904,0.09205446,1.8,1.177978515625,8.9
10,0.16734981536865234,0.0,0.14238154888153076,0.0,0,0,1,0,0,0,1,1,1,1,0,0,False,0.24375997,0.10407334,0.46254954,0.1288672,0.2152371,5.679353293375377e-34,0.38774946,0.22905906,0.08905416,0.0892933,1.8,1.177978515625,8.9
11,0.15221303701400757,0.0,0.14238154888153076,0.0,0,0,1,0,0,0,1,1,1,1,0,0,False,0.10622012,0.06741253,0.23754792,0.030394658,0.108390234,5.111417881385892e-34,0.38517046,0.23037228,0.017532995,0.028432056,1.8,1.177978515625,8.9
12,0.1173061728477478,0.0,0.14238154888153076,0.0,0,0,1,0,0,0,1,1,1,1,0,0,False,0.13919017,0.08514208,0.29329804,0.053796913,0.10861963,4.60027592794341e-34,0.3870183,0.22942407,0.08555704,0.07977847,1.8,1.188232421875,8.9
13,0.13050280511379242,0.0,0.14238154888153076,0.0,0,0,1,0,0,0,1,1,1,1,0,0,False,0.06320901,0.0525304,0.14498195,0.00832457,0.04769164,4.140248417801015e-34,0.38441795,0.23232655,0.03312252,0.026703564,1.8,1.188232421875,8.9
14,0.14298033714294434,0.0,0.14238154888153076,0.0,0,0,1,0,0,0,1,1,1,1,0,0,False,0.10338887,0.09465572,0.2840372,0.015720462,0.055669144,3.726223741324807e-34,0.38771185,0.22882381,0.06032515,0.06768339,1.8,1.188232421875,8.9
15,0.13409201800823212,0.0,0.14238154888153076,0.0,0,0,0,0,0,0,1,1,1,1,0,0,False,0.07307476,0.057079066,0.16393082,0.013345079,0.056849826,3.35360128454038e-34,0.3874286,0.22926979,0.016318,0.033225093,1.8,1.188232421875,8.9
16,0.11770109087228775,0.0,0.14238154888153076,0.0,0,0,1,0,0,0,1,1,1,1,0,0,False,0.09774054,0.05274676,0.19601843,0.048862778,0.07403284,3.0182412180753014e-34,0.3865506,0.23016945,0.009696509,0.021635389,1.8,1.188232421875,8.9
17,0.1272558718919754,0.0,0.14238154888153076,0.0,0,0,0,0,0,0,1,1,1,1,0,0,False,0.22812092,0.15618302,0.46664658,0.059695844,0.15695958,2.716417178919718e-34,0.38606238,0.2304511,-0.0014418811,0.05928576,2.5,1.188232421875,8.9
18,0.1305844932794571,0.0,0.14238154888153076,0.0,0,0,0,0,0,0,1,1,1,1,0,0,False,0.13512759,0.1158736,0.3318712,0.014460223,0.08848409,2.4447755643426794e-34,0.38752502,0.22848904,-0.10907415,0.10512022,3.3,1.188232421875,8.9
19,0.15941381454467773,0.0,0.14238154888153076,0.0,0,0,1,0,0,0,1,1,1,1,0,0,False,0.22084022,0.07270549,0.35934326,0.14719208,0.21098301,2.2002979252564647e-34,0.3879572,0.22846477,-0.073272355,0.041230664,3.3,1.188232421875,8.9
20,0.15898875892162323,0.0,0.14238154888153076,0.0,0,0,0,0,0,0,1,1,1,1,0,0,False,0.2160903,0.12458183,0.46844873,0.078812666,0.1936228,1.9802681120678316e-34,0.3846118,0.23108304,-0.023562297,0.04822548,3.3,1.188232421875,8.9
21,0.15258534252643585,0.0,0.14238154888153076,0.0,0,0,0,0,0,0,1,1,1,1,0,0,False,0.14627756,0.07270949,0.2862676,0.07346063,0.119761154,1.782241280198062e-34,0.38654652,0.23009019,0.008479317,0.039755482,3.4,1.188232421875,8.9
22,0.12797227501869202,0.0,0.14238154888153076,0.0,0,0,1,0,0,0,1,1,1,1,0,0,False,0.08711725,0.0841334,0.24746285,0.012952535,0.052302323,1.6040171315152691e-34,0.38571078,0.2307905,0.06053281,0.06724229,3.4,1.188232421875,8.9
23,0.14584238827228546,0.0,0.14238154888153076,0.0,0,0,1,0,0,0,1,1,1,1,0,0,False,0.19988334,0.11411464,0.40358338,0.093191504,0.1538499,1.4436154286952355e-34,0.38767204,0.22879532,0.08554254,0.06869381,3.3,1.188232421875,8.9
24,0.12277654558420181,0.0,0.14238154888153076,0.0,0,0,1,0,0,0,1,1,1,1,0,0,False,0.1129329,0.10114404,0.25582263,0.0099422205,0.078381464,1.299253885825712e-34,0.3866631,0.23016997,-0.18224539,0.17723662,3.4,1.188232421875,8.9
25,0.14244504272937775,0.0,0.14238154888153076,0.0,0,0,1,0,0,0,1,1,1,1,0,0,False,0.3517939,0.19471993,0.7367464,0.15372573,0.285271,1.1693285385691141e-34,0.38658208,0.23025611,-0.16777681,0.17599346,3.4,1.188232421875,8.9
26,0.14028550684452057,0.0,0.14238154888153076,0.0,0,0,0,0,0,0,1,1,1,1,0,0,False,0.079069935,0.052620403,0.15784693,0.016765399,0.074401125,1.0523956640492161e-34,0.38440013,0.2313648,0.050767843,0.08226227,3.4,1.188232421875,8.9
27,0.15257388353347778,0.0,0.14238154888153076,0.0,0,0,1,0,0,0,1,1,1,1,0,0,False,0.10882651,0.07918287,0.23256323,0.0035084153,0.12135012,9.471560769813078e-35,0.3857135,0.23050205,0.0030712048,0.02065306,3.3,1.188232421875,8.9
28,0.1281171590089798,0.0,0.14238154888153076,0.0,0,0,1,0,0,0,1,1,1,1,0,0,False,0.27240577,0.16140915,0.5261221,0.10632593,0.20367709,8.524404589516837e-35,0.38605118,0.23074564,-0.05751576,0.036298227,3.5,1.188232421875,8.9
29,0.13147573173046112,0.0,0.14238154888153076,0.0,0,0,0,0,0,0,1,1,1,1,0,0,False,0.15069774,0.04904593,0.2164291,0.079589345,0.15109384,7.671963923935287e-35,0.38722768,0.22979899,0.04409626,0.05014445,3.3,1.188232421875,8.9
30,0.13847477734088898,0.0,0.14238154888153076,0.0,0,0,0,0,0,0,1,1,1,1,0,0,False,0.13373215,0.074280046,0.29218224,0.060480524,0.11470473,6.904767376569358e-35,0.38703555,0.22986718,0.101330675,0.085700355,3.3,1.188232421875,8.9
31,0.15136675536632538,0.0,0.14238154888153076,0.0,0,0,1,0,0,0,1,1,1,1,0,0,False,0.15425795,0.049564663,0.24435028,0.09980509,0.14794263,6.214290432282556e-35,0.387444,0.22931585,-0.016389113,0.045845535,3.4,1.188232421875,8.9
32,0.139295756816864,0.0,0.14238154888153076,0.0,0,0,1,0,0,0,1,1,1,1,0,0,False,0.11690322,0.08917305,0.27873558,0.027354522,0.07387562,5.592861440711767e-35,0.38635913,0.23041701,-0.046201523,0.0280018,3.3,1.188232421875,8.9
33,0.14269483089447021,0.0,0.14238154888153076,0.0,0,0,0,0,0,0,1,1,1,1,0,0,False,0.11257651,0.05892251,0.21742426,0.05903038,0.08304464,5.033575348298057e-35,0.3868474,0.22947557,0.07088846,0.12333697,3.3,1.188232421875,8.9
34,0.14746107161045074,0.0,0.14238154888153076,0.0,0,0,0,0,0,0,1,1,1,1,0,0,False,0.09535677,0.086100824,0.24333769,0.010867834,0.06506871,4.5302177618107846e-35,0.38814574,0.22810288,0.1884163,0.15038277,3.3,1.188232421875,8.9
35,0.10073886811733246,0.0,0.14238154888153076,0.0,0,0,1,0,0,0,1,1,1,1,0,0,False,0.24093652,0.120420314,0.43420577,0.112644106,0.2050452,4.077195985629706e-35,0.38724726,0.22990403,0.11694947,0.08473141,3.4,1.188232421875,8.9
36,0.1414540410041809,0.0,0.14238154888153076,0.0,0,0,1,0,0,0,1,1,1,1,0,0,False,0.17622922,0.11352026,0.39416716,0.05350008,0.14926238,3.669476257923069e-35,0.38815272,0.22789884,-0.16428651,0.18313535,3.3,1.188232421875,8.9
37,0.14889392256736755,0.0,0.14238154888153076,0.0,0,0,0,0,0,0,1,1,1,1,0,0,False,0.13288242,0.07976051,0.26248088,0.03708114,0.10417231,3.302528735445695e-35,0.38704985,0.22892073,0.082248084,0.07473905,3.3,1.188232421875,8.9
38,0.13132619857788086,0.0,0.14238154888153076,0.0,0,0,1,0,0,0,1,1,1,1,0,0,False,0.18105644,0.139704,0.42917144,0.030254724,0.15035129,2.972275836072393e-35,0.38768023,0.22858533,-0.1004772,0.15378283,3.3,1.188232421875,8.9
39,0.14090178906917572,0.0,0.14238154888153076,0.0,0,0,0,0,0,0,1,1,1,1,0,0,False,0.17792796,0.13310924,0.3898356,0.033724483,0.1253613,2.675048329951353e-35,0.38691694,0.23000333,0.17579661,0.14498277,3.3,1.188232421875,8.9
40,0.16245681047439575,0.0,0.14238154888153076,0.0,0,0,1,0,0,0,1,1,1,1,0,0,False,0.2146645,0.10076894,0.42294773,0.09926796,0.19628552,2.407543496956218e-35,0.38635218,0.23032248,0.061780468,0.06887074,3.3,1.188232421875,8.9
41,0.1343076527118683,0.0,0.14238154888153076,0.0,0,0,1,0,0,0,1,1,1,1,0,0,False,0.1430432,0.11180451,0.2969351,0.024164839,0.09436435,2.166789224746796e-35,0.3882275,0.22824124,-0.19881253,0.19923408,3.3,1.188232421875,8.9
42,0.16814182698726654,0.0,0.14238154888153076,0.0,0,0,1,0,0,0,1,1,1,1,0,0,False,0.42715764,0.19680554,0.82319033,0.21412893,0.36596036,1.9501103022721164e-35,0.3877888,0.22922802,-0.14951922,0.17629826,2.8,1.188232421875,8.9
43,0.1264973282814026,0.0,0.14238154888153076,0.0,0,0,1,0,0,0,1,1,1,1,0,0,False,0.17155011,0.07011026,0.30033356,0.093626656,0.15655056,1.7550992333018047e-35,0.3871215,0.22950967,0.032082733,0.08777536,1.8,1.188232421875,8.9
44,0.11439592391252518,0.0,0.14238154888153076,0.0,0,0,1,0,0,0,1,1,1,1,0,0,False,0.12615375,0.09243632,0.26808456,0.02716406,0.0967517,1.579589245399791e-35,0.38576835,0.23090991,0.011838638,0.02550718,1.8,1.188232421875,8.9
45,0.12281114608049393,0.0,0.14238154888153076,0.0,0,0,0,0,0,0,1,1,1,1,0,0,False,0.14501815,0.12012699,0.33600453,0.006773319,0.118194245,1.4216302692023453e-35,0.38568854,0.23061928,-0.016194403,0.015930843,1.8,1.188232421875,8.9
46,0.12241452187299728,0.0,0.14238154888153076,0.0,0,0,0,0,0,0,1,1,1,1,0,0,False,0.11367262,0.07870563,0.26779562,0.0408596,0.08435397,1.279467242282111e-35,0.38815236,0.22800216,0.0035709392,0.018340113,1.8,1.188232421875,8.9
47,0.1314029097557068,0.0,0.14238154888153076,0.0,0,0,0,0,0,0,1,1,1,1,0,0,False,0.13066159,0.05998049,0.22974941,0.05924785,0.11217901,1.1515204793107998e-35,0.38760477,0.22871125,-0.003193412,0.04947911,1.8,1.188232421875,8.9
48,0.13516390323638916,0.0,0.14238154888153076,0.0,0,0,0,0,0,0,1,1,1,1,0,0,False,0.16478868,0.12169455,0.34582257,0.032385174,0.113615945,1.0363684313797199e-35,0.3862716,0.22993858,-0.04763506,0.032165725,1.8,1.188232421875,8.9
49,0.14292789995670319,0.0,0.14238154888153076,0.0,0,0,0,0,0,0,1,1,1,1,0,0,False,0.11887857,0.10720472,0.2816528,0.005478444,0.08741741,9.327316076132979e-36,0.38583666,0.23000915,0.03913081,0.025583139,1.8,1.188232421875,8.9
0,0.11346261948347092,0.0,0.14238154888153076,0.0,0,0,1,0,0,0,1,1,1,1,0,0,False,0.111430496,0.100611135,0.28004697,0.007575872,0.080776796,8.394584339376014e-36,0.38559633,0.22956312,-0.015735848,0.029376319,1.3,1.188232421875,8.9
1,0.1508433073759079,0.0,0.14238154888153076,0.0,0,0,1,0,0,0,1,1,1,1,0,0,False,0.20814772,0.14070803,0.4787212,0.051612582,0.19040495,7.555125970010246e-36,0.38585025,0.23082829,-0.060740653,0.14627172,3.3,1.188232421875,8.9
2,0.15565279126167297,0.0,0.14238154888153076,0.0,0,0,0,0,0,0,1,1,1,1,0,0,False,0.08624658,0.041189395,0.14132516,0.030977454,0.08707378,6.79961356672472e-36,0.38719675,0.22973827,-0.15975921,0.17449749,3.3,1.188232421875,8.9
3,0.11790338158607483,0.0,0.14238154888153076,0.0,0,0,1,0,0,0,1,1,1,1,0,0,False,0.3424213,0.18772952,0.6221911,0.15252528,0.26899078,6.119652145480416e-36,0.38662994,0.22958097,0.0179743,0.07436189,3.4,1.188232421875,8.9
4,0.15497177839279175,0.0,0.14238154888153076,0.0,0,0,1,0,0,0,1,1,1,1,0,0,False,0.14289515,0.11882842,0.3473695,0.002146437,0.13062987,5.5076868017887074e-36,0.38825,0.2278804,0.08790445,0.07985919,3.3,1.188232421875,8.9
5,0.1565781831741333,0.0,0.14238154888153076,0.0,0,0,0,0,0,0,1,1,1,1,0,0,False,0.21297759,0.1869136,0.54878044,0.0088702105,0.18692622,4.9569181216098366e-36,0.38627896,0.23002353,-0.0817248,0.10528978,3.5,1.188232421875,8.9
6,0.14774039387702942,0.0,0.14238154888153076,0.0,0,0,0,0,0,0,1,1,1,1,0,0,False,0.14698231,0.05957388,0.2648729,0.07873839,0.12512584,4.461226309448853e-36,0.38743076,0.22923295,-0.115019836,0.12410336,3.3,1.188232421875,8.9
7,0.11534299701452255,0.0,0.14238154888153076,0.0,0,0,1,0,0,0,1,1,1,1,0,0,False,0.12080752,0.05322247,0.19796251,0.052608438,0.11478944,4.015103710789884e-36,0.38672504,0.22990155,-0.051329996,0.04720575,3.3,1.188232421875,8.9
8,0.11908327043056488,0.0,0.14238154888153076,0.0,0,0,0,0,0,0,1,1,1,1,0,0,False,0.29467013,0.15409301,0.5486822,0.116460524,0.24880327,3.6135934688545625e-36,0.38716298,0.22872567,0.12354362,0.13683137,3.4,1.188232421875,8.9
9,0.12415263056755066,0.0,0.14238154888153076,0.0,0,0,0,0,0,0,1,1,1,1,0,0,False,0.20719014,0.13239461,0.41179773,0.06785695,0.14939019,3.25223399282544e-36,0.38700306,0.22907197,-0.056060735,0.04965648,3.3,1.188232421875,8.9
10,0.15898917615413666,0.0,0.14238154888153076,0.0,0,0,1,0,0,0,1,1,1,1,0,0,False,0.21533747,0.1410342,0.47456914,0.050015982,0.20397143,2.9270105289710624e-36,0.38471878,0.23150447,-0.05806148,0.14114992,3.3,1.188232421875,8.9
11,0.1335514634847641,0.0,0.14238154888153076,0.0,0,0,1,0,0,0,1,1,1,1,0,0,False,0.27169994,0.23773879,0.68374467,0.011385508,0.22898796,2.634309476073956e-36,0.38780826,0.22808912,0.09265256,0.10856593,3.3,1.188232421875,8.9
12,0.14262112975120544,0.0,0.14238154888153076,0.0,0,0,0,0,0,0,1,1,1,1,0,0,False,0.12274585,0.09678066,0.26880142,0.011718169,0.109114684,2.3708785123236023e-36,0.387175,0.22960082,-0.15767156,0.17449456,3.3,1.188232421875,8.9
13,0.12420011311769485,0.0,0.14238154888153076,0.0,0,0,1,0,0,0,1,1,1,1,0,0,False,0.16434471,0.11999591,0.35447633,0.038667414,0.106558755,2.1337905965194087e-36,0.3880288,0.2276254,0.13216354,0.10741528,3.3,1.188232421875,8.9
14,0.13175123929977417,0.0,0.14238154888153076,0.0,0,0,0,0,0,0,1,1,1,1,0,0,False,0.31235898,0.16136356,0.54855835,0.1424236,0.2587218,1.9204115207245096e-36,0.38669774,0.23057528,0.114870764,0.110217445,3.3,1.188232421875,8.9
15,0.13273373246192932,0.0,0.14238154888153076,0.0,0,0,0,0,0,0,1,1,1,1,0,0,False,0.19389822,0.13828087,0.43989423,0.052819148,0.14075623,1.7283703686520588e-36,0.38591048,0.23058829,-0.027205942,0.06083637,3.4,1.188232421875,8.9
16,0.1524365246295929,0.0,0.14238154888153076,0.0,0,0,1,0,0,0,1,1,1,1,0,0,False,0.072282575,0.062059566,0.19035627,0.0020233393,0.062390648,1.5555333640727695e-36,0.3863571,0.23057146,0.0051776916,0.04510641,1.8,1.188232421875,8.9
17,0.11445766687393188,0.0,0.14238154888153076,0.0,0,0,1,0,0,0,1,1,1,1,0,0,False,0.3618019,0.18551698,0.64674705,0.16595872,0.30048102,1.3999799792366176e-36,0.38688546,0.22995913,-0.008883418,0.054131646,1.8,1.188232421875,8.9
18,0.11657588928937912,0.0,0.14238154888153076,0.0,0,0,0,0,0,0,1,1,1,1,0,0,False,0.13394634,0.10476697,0.28698623,0.018952727,0.095065534,1.2599819490270393e-36,0.38479042,0.2310824,0.050481442,0.08015721,1.8,1.188232421875,8.9
19,0.13968949019908905,0.0,0.14238154888153076,0.0,0,0,1,0,0,0,1,1,1,1,0,0,False,0.14712986,0.0554584,0.24390118,0.08398662,0.13504182,1.133983737981377e-36,0.38605136,0.23034552,-0.037864085,0.107812725,1.8,1.188232421875,8.9
20,0.1285669505596161,0.0,0.14238154888153076,0.0,0,0,1,0,0,0,1,1,1,1,0,0,False,0.1166252,0.039376616,0.16448699,0.061632793,0.115644544,1.020585348040281e-36,0.3872319,0.22853437,-0.088330895,0.174514,1.8,1.188232421875,8.9
21,0.14763185381889343,0.0,0.14238154888153076,0.0,0,0,1,0,0,0,1,1,1,1,0,0,False,0.09004885,0.050525576,0.16548036,0.027232068,0.0852413,9.18526821307732e-37,0.3862633,0.22963497,-0.002971133,0.04432878,1.8,1.188232421875,8.9
22,0.15416879951953888,0.0,0.14238154888153076,0.0,0,0,0,0,0,0,1,1,1,1,0,0,False,0.19212846,0.14614743,0.47176102,0.03060853,0.19010499,8.266741149625214e-37,0.38735285,0.22930849,-0.08045393,0.1068227,1.8,1.188232421875,8.9
23,0.12852613627910614,0.0,0.14238154888153076,0.0,0,0,1,0,0,0,1,1,1,1,0,0,False,0.24136084,0.19127889,0.5644431,0.0335246,0.18023233,7.440066711803526e-37,0.3874826,0.2296228,0.039754685,0.050680052,1.8,1.188232421875,8.9
24,0.1126488596200943,0.0,0.14238154888153076,0.0,0,0,1,0,0,0,1,1,1,1,0,0,False,0.11073575,0.09523899,0.26762536,0.012925063,0.0807358,6.696059959908382e-37,0.3872041,0.22963722,0.060525313,0.050908882,1.8,1.188232421875,8.9
25,0.1393800526857376,0.0,0.14238154888153076,0.0,0,0,1,0,0,0,1,1,1,1,0,0,False,0.17815937,0.06510653,0.25777984,0.07719273,0.17703712,6.026454084989731e-37,0.3852595,0.23086233,-0.07417275,0.054767873,1.8,1.188232421875,8.9
26,0.14263486862182617,0.0,0.14238154888153076,0.0,0,0,0,0,0,0,1,1,1,1,0,0,False,0.1459947,0.10237584,0.2971532,0.037825797,0.106866114,5.423808797562945e-37,0.38763946,0.22858994,0.13841511,0.10533839,1.8,1.188232421875,8.9
27,0.13228774070739746,0.0,0.14238154888153076,0.0,0,0,1,0,0,0,1,1,1,1,0,0,False,0.18809237,0.13577777,0.41412264,0.049089596,0.120263666,4.881427998521443e-37,0.38799176,0.22863548,0.16807948,0.16940176,2.8,1.188232421875,8.9
28,0.1082233339548111,0.0,0.14238154888153076,0.0,0,0,1,0,0,0,1,1,1,1,0,0,False,0.23185354,0.12545067,0.43489027,0.10300024,0.18920186,4.393285117954507e-37,0.38569766,0.23104234,-0.044731934,0.03204493,3.3,1.188232421875,8.9
29,0.1486610770225525,0.0,0.14238154888153076,0.0,0,0,1,0,0,0,1,1,1,1,0,0,False,0.14666378,0.0654177,0.27170295,0.0704976,0.12213323,3.953956525444265e-37,0.38760465,0.22876894,0.04402263,0.060858566,3.3,1.188232421875,8.9
30,0.12645652890205383,0.0,0.14238154888153076,0.0,0,0,1,0,0,0,1,1,1,1,0,0,False,0.18042791,0.10594607,0.36205006,0.0740127,0.13259134,3.558560993972025e-37,0.38454542,0.23165183,0.09431084,0.090032406,3.3,1.188232421875,8.9
31,0.14995822310447693,0.0,0.14238154888153076,0.0,0,0,1,0,0,0,1,1,1,1,0,0,False,0.25685725,0.09522328,0.41813815,0.14419399,0.23942731,3.202704813860031e-37,0.38799268,0.22868025,0.0072554313,0.06064856,3.4,1.188232421875,8.9
32,0.11766732484102249,0.0,0.14238154888153076,0.0,0,0,1,0,0,0,1,1,1,1,0,0,False,0.1640651,0.13941368,0.39401215,0.010288252,0.13753754,2.8824343728314238e-37,0.3867455,0.23019394,0.007089274,0.044491276,3.3,1.188232421875,8.9
33,0.11657772213220596,0.0,0.14238154888153076,0.0,0,0,0,0,0,0,1,1,1,1,0,0,False,0.20300655,0.12494053,0.41129717,0.078897215,0.1512444,2.5941909557269794e-37,0.38598555,0.22950666,0.08321882,0.080579676,3.3,1.188232421875,8.9
34,0.10814782232046127,0.0,0.14238154888153076,0.0,0,0,0,0,0,0,1,1,1,1,0,0,False,0.113746576,0.07558742,0.23843287,0.034549516,0.0844722,2.334771799618188e-37,0.38587546,0.23090115,-0.028670328,0.0394648,3.4,1.188232421875,8.9
35,0.12553544342517853,0.0,0.14238154888153076,0.0,0,0,1,0,0,0,1,1,1,1,0,0,False,0.08234608,0.047869302,0.17817244,0.03518994,0.06388136,2.101294579298973e-37,0.38218552,0.23132816,-0.04220785,0.045565445,3.3,1.188232421875,8.9
36,0.14378425478935242,0.0,0.14238154888153076,0.0,0,0,1,0,0,0,1,1,1,1,0,0,False,0.14284304,0.052617136,0.21060108,0.06989246,0.1352672,1.891165121369076e-37,0.3861607,0.22978969,0.038001105,0.03013686,3.3,1.188232421875,8.9
37,0.14696742594242096,0.0,0.14238154888153076,0.0,0,0,0,0,0,0,1,1,1,1,0,0,False,0.13419355,0.08386959,0.27007443,0.044332568,0.10176475,1.7020485486960746e-37,0.3864652,0.23062658,-0.11251411,0.15611596,3.3,1.188232421875,8.9
38,0.14372292160987854,0.0,0.14238154888153076,0.0,0,0,0,0,0,0,1,1,1,1,0,0,False,0.23151523,0.17309712,0.5437922,0.04229712,0.19711724,1.5318436534690713e-37,0.38786656,0.2281808,0.011835427,0.027715022,3.3,1.188232421875,8.9
39,0.1437116265296936,0.0,0.14238154888153076,0.0,0,0,0,0,0,0,1,1,1,1,0,0,False,0.21234435,0.09699511,0.41690895,0.11010496,0.18404342,1.3786592881221643e-37,0.3841194,0.2280056,-0.20555158,0.18375164,3.4,1.188232421875,8.9
40,0.15085645020008087,0.0,0.14238154888153076,0.0,0,0,0,0,0,0,1,1,1,1,0,0,False,0.17711394,0.11260314,0.40119407,0.052837476,0.16889936,1.2407933794886457e-37,0.3869443,0.2296081,0.07293072,0.05898295,3.3,1.188232421875,8.9
41,0.14415861666202545,0.0,0.14238154888153076,0.0,0,0,0,0,0,0,1,1,1,1,0,0,False,0.19033377,0.07809912,0.34883636,0.10855752,0.16954023,1.116714061718479e-37,0.3835752,0.22880499,-0.014559246,0.04248029,3.3,1.188232421875,8.9
42,0.1500229686498642,0.0,0.14238154888153076,0.0,0,0,0,0,0,0,1,1,1,1,0,0,False,0.18913633,0.082941025,0.36389858,0.09977821,0.16579667,1.0050426252785843e-37,0.38565332,0.23072557,-0.02267868,0.039605524,3.4,1.188232421875,8.9
43,0.11391980946063995,0.0,0.14238154888153076,0.0,0,0,1,0,0,0,1,1,1,1,0,0,False,0.16823971,0.14165959,0.40902558,0.016028581,0.1369399,9.045383829294237e-38,0.38649243,0.22959399,0.11280166,0.12710191,5.0,1.188232421875,8.9
44,0.12723256647586823,0.0,0.14238154888153076,0.0,0,0,1,0,0,0,1,1,1,1,0,0,False,0.21963549,0.1470123,0.43423098,0.06483653,0.15017238,8.140845446364813e-38,0.38826674,0.2282234,0.0579236,0.05950534,5.6,1.188232421875,8.9
45,0.13024349510669708,0.0,0.14238154888153076,0.0,0,0,0,0,0,0,1,1,1,1,0,0,False,0.09651963,0.043382403,0.16054583,0.03775972,0.09624783,7.326761103515311e-38,0.38726765,0.22909446,0.101975866,0.09447983,4.4,1.188232421875,8.9
46,0.12855106592178345,0.0,0.14238154888153076,0.0,0,0,0,0,0,0,1,1,1,1,0,0,False,0.12382516,0.052590925,0.20268835,0.049695533,0.12295468,6.594085194950758e-38,0.38725013,0.22977588,0.06866323,0.06721666,3.3,1.188232421875,8.9
47,0.16160576045513153,0.0,0.14238154888153076,0.0,0,0,1,0,0,0,1,1,1,1,0,0,False,0.20516425,0.13312049,0.44640222,0.05549524,0.1763902,5.934676625008938e-38,0.38588217,0.2311292,0.059764277,0.04272604,3.3,1.188232421875,8.9
48,0.12138800323009491,0.0,0.14238154888153076,0.0,0,0,1,0,0,0,1,1,1,1,0,0,False,0.14900188,0.100121,0.30468434,0.04857056,0.103438504,5.341209012954789e-38,0.38661635,0.23019636,0.12772374,0.0955725,3.4,1.188232421875,8.9
49,0.12228843569755554,0.0,0.14238154888153076,0.0,0,0,0,0,0,0,1,1,1,1,0,0,False,0.07656425,0.05640394,0.16093867,0.021266587,0.051156946,4.807087960319076e-38,0.3875548,0.22869237,0.052258074,0.078493185,3.4,1.188232421875,8.9
0,0.11652293056249619,0.0,0.14238154888153076,0.0,0,0,0,0,0,0,1,1,1,1,0,0,False,0.09562329,0.08142402,0.20798725,0.01012264,0.070699304,4.326379416520892e-38,0.3859364,0.2305779,-0.083701394,0.046899464,0.5,1.188232421875,8.9
1,0.12741141021251678,0.0,0.14238154888153076,0.0,0,0,1,0,0,0,1,1,1,1,0,0,False,0.16892499,0.12465134,0.3559738,0.029432822,0.124038786,3.8937415757622925e-38,0.38720924,0.22945006,0.061060052,0.042505395,3.3,1.188232421875,8.9
2,0.15185905992984772,0.0,0.14238154888153076,0.0,0,0,1,0,0,0,1,1,1,1,0,0,False,0.115269385,0.09425536,0.28388897,0.0020604562,0.122561306,3.504367367739318e-38,0.38771692,0.22899258,0.019423954,0.036992352,3.4,1.188232421875,8.9
3,0.13037773966789246,0.0,0.14238154888153076,0.0,0,0,1,0,0,0,1,1,1,1,0,0,False,0.110051684,0.07406537,0.24469027,0.027636213,0.09748629,3.153930731858876e-38,0.38797113,0.2284838,0.03804789,0.0648637,3.4,1.188232421875,8.9
4,0.1353331208229065,0.0,0.14238154888153076,0.0,0,0,0,0,0,0,1,1,1,1,0,0,False,0.1635118,0.06073017,0.2865915,0.104664765,0.15576681,2.8385376838963607e-38,0.38712025,0.22936137,0.11132451,0.10059154,3.3,1.188232421875,8.9
5,0.13267378509044647,0.0,0.14238154888153076,0.0,0,0,0,0,0,0,1,1,1,1,0,0,False,0.25045645,0.17963667,0.54692614,0.051978663,0.18613192,2.554683940730097e-38,0.3882274,0.22805722,0.005361933,0.02994877,3.3,1.188232421875,8.9
6,0.1538040190935135,0.0,0.14238154888153076,0.0,0,0,1,0,0,0,1,1,1,1,0,0,False,0.24932899,0.11428009,0.4884135,0.12592821,0.21172553,2.2992155718804595e-38,0.38816896,0.22795197,-0.10034269,0.16374303,3.3,1.188232421875,8.9
7,0.1345161646604538,0.0,0.14238154888153076,0.0,0,0,1,0,0,0,1,1,1,1,0,0,False,0.0848654,0.056483027,0.17782675,0.027054181,0.06250162,2.0692940651391584e-38,0.38676095,0.230545,-0.0033083323,0.007844315,3.3,1.188232421875,8.9
8,0.10742112994194031,0.0,0.14238154888153076,0.0,0,0,1,0,0,0,1,1,1,1,0,0,False,0.21034305,0.14612201,0.4086355,0.044164944,0.15711981,1.8623646712369287e-38,0.3881423,0.22790639,-0.033706978,0.023248257,3.3,1.188232421875,8.9
9,0.16194696724414825,0.0,0.14238154888153076,0.0,0,0,1,0,0,0,1,1,1,1,0,0,False,0.13283956,0.106152646,0.28313616,0.0021522664,0.12274198,1.6761281536664913e-38,0.3868899,0.22977114,0.08643108,0.066811346,3.3,1.188232421875,8.9
10,0.118895523250103,0.0,0.14238154888153076,0.0,0,0,1,0,0,0,1,1,1,1,0,0,False,0.12099575,0.09799702,0.2550338,0.018306185,0.08978409,1.5085153130764696e-38,0.38794988,0.22826406,-0.032080237,0.02369986,3.3,1.188232421875,8.9
11,0.15335361659526825,0.0,0.14238154888153076,0.0,0,0,1,0,0,0,1,1,1,1,0,0,False,0.1343318,0.040908918,0.18497278,0.08477512,0.12790471,1.3576637817688227e-38,0.38645193,0.23065245,-0.017553208,0.04458031,3.4,1.188232421875,8.9
12,0.13701969385147095,0.0,0.14238154888153076,0.0,0,0,1,0,0,0,1,1,1,1,0,0,False,0.13533507,0.083873026,0.27350157,0.060553923,0.093185484,1.2218973405335096e-38,0.38756186,0.2287538,-0.009220255,0.054302152,3.3,1.188232421875,8.9
13,0.12076418101787567,0.0,0.14238154888153076,0.0,0,0,1,0,0,0,1,1,1,1,0,0,False,0.24487706,0.14596654,0.45790505,0.09482677,0.18246165,1.099707631703531e-38,0.38589507,0.23118679,-0.17913772,0.17759494,3.2,1.188232421875,8.9
14,0.12643983960151672,0.0,0.14238154888153076,0.0,0,0,0,0,0,0,1,1,1,1,0,0,False,0.24157639,0.19824816,0.5627934,0.02213826,0.18565547,9.89736881144864e-39,0.38630143,0.23060882,-0.07122407,0.038858477,3.3,1.188232421875,8.9
15,0.15350808203220367,0.0,0.14238154888153076,0.0,0,0,1,0,0,0,1,1,1,1,0,0,False,0.13754077,0.082782805,0.30765733,0.052621044,0.11650392,8.907631425836329e-39,0.38689694,0.2295167,0.062710755,0.059632067,3.4,1.188232421875,8.9
16,0.1179443895816803,0.0,0.14238154888153076,0.0,0,0,1,0,0,0,1,1,1,1,0,0,False,0.18571347,0.11517742,0.38854867,0.07133081,0.13965876,8.016868031018973e-39,0.3877042,0.22887555,-0.025828235,0.03570233,3.4,1.188232421875,8.9
17,0.109156534075737,0.0,0.14238154888153076,0.0,0,0,0,0,0,0,1,1,1,1,0,0,False,0.092048965,0.060350448,0.20982142,0.03988232,0.0571516,7.215180975683352e-39,0.38730142,0.22904107,-0.03929947,0.026774175,3.4,1.188232421875,8.9
18,0.13840773701667786,0.0,0.14238154888153076,0.0,0,0,1,0,0,0,1,1,1,1,0,0,False,0.07435589,0.06384379,0.17816329,0.0041446686,0.058989607,6.493662625881293e-39,0.38616168,0.23070857,0.07656629,0.06641976,3.4,1.188232421875,8.9
19,0.11044212430715561,0.0,0.14238154888153076,0.0,0,0,1,0,0,0,1,1,1,1,0,0,False,0.28384563,0.15344918,0.51125735,0.123022884,0.22373989,5.844295732708855e-39,0.38733166,0.22928879,0.016356358,0.016411765,3.4,1.188232421875,8.9
20,0.12943296134471893,0.0,0.14238154888153076,0.0,0,0,1,0,0,0,1,1,1,1,0,0,False,0.17153978,0.14765218,0.39707005,0.00847154,0.13809231,5.259866411671693e-39,0.38712963,0.22943501,0.03329224,0.05875891,3.3,1.188232421875,8.9
21,0.1552961766719818,0.0,0.14238154888153076,0.0,0,0,1,0,0,0,1,1,1,1,0,0,False,0.20046924,0.1446257,0.47993255,0.04379155,0.18284693,4.7338796443876616e-39,0.38714498,0.22949369,-0.04820344,0.17392473,3.3,1.188232421875,8.9
22,0.15565907955169678,0.0,0.14238154888153076,0.0,0,0,0,0,0,0,1,1,1,1,0,0,False,0.12880658,0.0768409,0.26124242,0.04694584,0.09821974,4.2604911754814485e-39,0.38771397,0.22858565,-0.009103184,0.027961865,3.5,1.188232421875,8.9
23,0.11699535697698593,0.0,0.14238154888153076,0.0,0,0,1,0,0,0,1,1,1,1,0,0,False,0.21025248,0.13586134,0.42989323,0.073043995,0.15018876,3.834441931816442e-39,0.38766629,0.22905865,0.11119906,0.092963755,3.3,1.188232421875,8.9
24,0.1606629341840744,0.0,0.14238154888153076,0.0,0,0,1,0,0,0,1,1,1,1,0,0,False,0.27906123,0.107959524,0.49992743,0.15900916,0.25561538,3.450997486401074e-39,0.3878544,0.228385,-0.006106704,0.034273844,3.3,1.188232421875,8.9
25,0.17214426398277283,0.0,0.14238154888153076,0.0,0,0,1,0,0,0,1,1,1,1,0,0,False,0.3655716,0.15006864,0.66940266,0.19579743,0.32520586,3.105897611644105e-39,0.38563496,0.23076716,0.064177334,0.06868123,3.0,1.188232421875,8.9
26,0.11043987423181534,0.0,0.14238154888153076,0.0,0,0,1,0,0,0,1,1,1,1,0,0,False,0.15202762,0.09154331,0.31400406,0.058025092,0.11895362,2.7953083549471414e-39,0.38797894,0.2285229,0.0044668154,0.053883716,1.8,1.188232421875,8.9
27,0.12859410047531128,0.0,0.14238154888153076,0.0,0,0,1,0,0,0,1,1,1,1,0,0,False,0.22693749,0.13782026,0.46217662,0.09378504,0.17228061,2.5157778978030128e-39,0.38803512,0.22873895,-0.028301513,0.022900702,1.8,1.188232421875,8.9
28,0.12621328234672546,0.0,0.14238154888153076,0.0,0,0,0,0,0,0,1,1,1,1,0,0,False,0.13988496,0.104140475,0.3189662,0.03620836,0.089757964,2.2641999819058498e-39,0.3874566,0.22934389,-0.09502692,0.14386475,1.7,1.188232421875,8.9
29,0.10474436730146408,0.0,0.14238154888153076,0.0,0,0,1,0,0,0,1,1,1,1,0,0,False,0.15303601,0.11784172,0.31517738,0.015211113,0.12333253,2.037779857598403e-39,0.3881399,0.22780387,0.085930705,0.07356314,1.8,1.188232421875,8.9
30,0.11399400979280472,0.0,0.14238154888153076,0.0,0,0,0,0,0,0,1,1,1,1,0,0,False,0.24155481,0.1332416,0.45879197,0.106606744,0.19469939,1.834001493487977e-39,0.38205725,0.23006776,-0.14800823,0.17323814,1.8,1.188232421875,8.9
31,0.14282697439193726,0.0,0.14238154888153076,0.0,0,0,1,0,0,0,1,1,1,1,0,0,False,0.06806688,0.064235434,0.19816525,0.0020037962,0.052712243,1.650601091905456e-39,0.3865298,0.22934873,-0.0915975,0.16396822,1.8,1.188232421875,8.9
32,0.13314971327781677,0.0,0.14238154888153076,0.0,0,0,0,0,0,0,1,1,1,1,0,0,False,0.075966276,0.05222197,0.18442649,0.029094867,0.055795826,1.485540604364325e-39,0.3871513,0.22926953,0.08198311,0.12218844,1.8,1.188232421875,8.9
33,0.1592484712600708,0.0,0.14238154888153076,0.0,0,0,1,0,0,0,1,1,1,1,0,0,False,0.11040977,0.041133445,0.16831909,0.06238546,0.09088057,1.336986291694169e-39,0.38708895,0.22955032,-0.008663687,0.049426567,1.8,1.188232421875,8.9
34,0.17204108834266663,0.0,0.14238154888153076,0.0,0,0,1,0,0,0,1,1,1,1,0,0,False,0.18965042,0.12711418,0.44807687,0.054943714,0.17856845,1.2032872841741666e-39,0.38698858,0.22965185,0.053023025,0.050992206,1.8,1.188232421875,8.9
35,0.15390545129776,0.0,0.14238154888153076,0.0,0,0,1,0,0,0,1,1,1,1,0,0,False,0.20205446,0.17466246,0.52240217,0.0050685313,0.19363621,1.082957925172441e-39,0.38719282,0.22967307,0.11300275,0.1260799,1.8,1.188232421875,8.9
36,0.1566043198108673,0.0,0.14238154888153076,0.0,0,0,0,0,0,0,1,1,1,1,0,0,False,0.10630118,0.05230802,0.19567652,0.037383623,0.11104438,9.74662637122644e-40,0.38617843,0.23067704,0.0615882,0.08330519,1.9,1.188232421875,8.9
37,0.14522045850753784,0.0,0.14238154888153076,0.0,0,0,1,0,0,0,1,1,1,1,0,0,False,0.2077833,0.11386596,0.42072064,0.08318808,0.1631133,8.771957428260708e-40,0.38825247,0.22798114,-0.096891426,0.07401471,3.3,1.188232421875,8.9
38,0.12236272543668747,0.0,0.14238154888153076,0.0,0,0,1,0,0,0,1,1,1,1,0,0,False,0.32003075,0.18232915,0.5707639,0.13471785,0.24927858,7.894764207771873e-40,0.38815066,0.22801988,0.075271524,0.0703207,3.3,1.188232421875,8.9
39,0.13894900679588318,0.0,0.14238154888153076,0.0,0,0,1,0,0,0,1,1,1,1,0,0,False,0.12193986,0.08336283,0.23924698,0.044194337,0.0770307,7.10528526465745e-40,0.385582,0.2308214,0.0376735,0.08182684,3.3,1.188232421875,8.9
40,0.16854393482208252,0.0,0.14238154888153076,0.0,0,0,1,0,0,0,1,1,1,1,0,0,False,0.27036902,0.100429304,0.4726825,0.16393194,0.25293428,6.3947554770230865e-40,0.38717037,0.2294771,0.043495625,0.04175842,3.3,1.188232421875,8.9
41,0.1585526466369629,0.0,0.14238154888153076,0.0,0,0,0,0,0,0,1,1,1,1,0,0,False,0.19228889,0.07200296,0.34305635,0.11670303,0.17850548,5.755279929320778e-40,0.3859194,0.23005497,-0.017396124,0.042714432,3.4,1.188232421875,8.9
42,0.11098964512348175,0.0,0.14238154888153076,0.0,0,0,1,0,0,0,1,1,1,1,0,0,False,0.14354572,0.114097014,0.30511725,0.019379599,0.10060896,5.1797456305456106e-40,0.38626665,0.23014371,-0.057768907,0.045937628,3.3,1.188232421875,8.9
43,0.14188548922538757,0.0,0.14238154888153076,0.0,0,0,1,0,0,0,1,1,1,1,0,0,False,0.13936768,0.09401404,0.2811,0.03859894,0.09101395,4.66177106749105e-40,0.386993,0.22964592,-0.15662979,0.14999337,3.3,1.188232421875,8.9
44,0.13389694690704346,0.0,0.14238154888153076,0.0,0,0,0,0,0,0,1,1,1,1,0,0,False,0.17275803,0.108993925,0.35737845,0.069157995,0.12768319,4.195592699573327e-40,0.38763303,0.2286969,0.0060383356,0.06928288,3.3,1.188232421875,8.9
45,0.1863371878862381,0.0,0.14238154888153076,0.0,0,0,1,0,0,0,1,1,1,1,0,0,False,0.4963735,0.18534338,0.84396297,0.29654685,0.4591472,3.776039735459084e-40,0.38629684,0.23061654,-0.03625694,0.04226005,3.3,1.188232421875,8.9
46,0.15511031448841095,0.0,0.14238154888153076,0.0,0,0,1,0,0,0,1,1,1,1,0,0,False,0.2251396,0.10517411,0.43738773,0.10393337,0.19473296,3.3984332395759396e-40,0.3857214,0.23057005,0.049342055,0.0541945,3.3,1.188232421875,8.9
47,0.14501318335533142,0.0,0.14238154888153076,0.0,0,0,1,0,0,0,1,1,1,1,0,0,False,0.12778142,0.07761854,0.23870353,0.055203184,0.088997066,3.0585861321124917e-40,0.38742623,0.22923347,0.050774667,0.065935664,3.3,1.188232421875,8.9
48,0.12924979627132416,0.0,0.14238154888153076,0.0,0,0,1,0,0,0,1,1,1,1,0,0,False,0.08558753,0.07395926,0.22537705,0.023791183,0.04619138,2.7527275189012427e-40,0.3852061,0.23160276,-0.090027444,0.06440873,3.4,1.188232421875,8.9
49,0.1383943408727646,0.0,0.14238154888153076,0.0,0,0,0,0,0,0,1,1,1,1,0,0,False,0.13093999,0.057410207,0.24411102,0.066523336,0.107184045,2.4774522446738824e-40,0.38590464,0.2310563,0.13327076,0.12620805,3.3,1.188232421875,8.9
