epoch,train_loss,train_acc,val_loss,val_acc,large_weight_count,acc_gap_too_big,loss_oscillation,dying_relu,gradient_vanish,gradient_explode,decrease_acc_count,increase_loss_count,cons_mean_weight_count,cons_std_weight_count,nan_weight_count,nan_gradients_count,saturated_activation,mean_gradient,gradient_std,gradient_max,gradient_min,gradient_median,adjusted_lr,mean_activation,std_activation,mean_grad,std_grad,cpu_utilization,gpu_memory_utilization,memory_usage
0,0.8048599362373352,0.0,0.7575311064720154,0.0,0,0,0,0,0,0,1,1,1,1,0,0,False,0.3778967,0.26327956,0.83739895,0.12790745,0.28095502,0.0009000000427477062,0.14009285,0.18973625,0.23004949,0.07635976,3.2,1.146240234375,32.3
1,0.7007815837860107,0.0,0.6065773963928223,0.0,0,0,1,0,0,0,1,1,1,1,0,0,False,0.35305342,0.14652689,0.63399076,0.1884926,0.29665607,0.0008100000384729356,0.18909387,0.19529685,0.15602896,0.050438657,5.0,1.162109375,32.3
2,0.551392138004303,0.0,0.4779742360115051,0.0,0,0,1,0,0,0,1,1,1,1,0,0,False,0.3680508,0.07058554,0.510066,0.3084768,0.33690763,0.0007290000503417104,0.19476911,0.19522542,0.16241391,0.068979114,4.8,1.178955078125,32.3
3,0.4853708744049072,0.0,0.37014877796173096,0.0,0,0,1,0,0,0,1,1,1,1,0,0,False,0.28355962,0.13791119,0.43837246,0.106645435,0.29014575,0.0006561000715009868,0.21715061,0.19788997,-0.009636148,0.07469769,4.8,1.178955078125,32.3
4,0.28798332810401917,0.0,0.29087063670158386,0.0,0,0,1,0,0,0,1,1,1,1,0,0,False,0.2565032,0.16081403,0.4827515,0.04411413,0.25120002,0.0005904900433961303,0.26039976,0.20235594,0.022450216,0.048999522,4.8,1.178955078125,32.3
5,0.2716211974620819,0.0,0.24555328488349915,0.0,0,0,1,0,0,0,1,1,1,1,0,0,False,0.15468436,0.035472628,0.20148413,0.092284404,0.15316652,0.0005314410547725857,0.28157353,0.2052913,0.11419278,0.08160303,4.8,1.178955078125,32.3
6,0.21062740683555603,0.0,0.2237125039100647,0.0,0,0,1,0,0,0,1,1,1,1,0,0,False,0.19471408,0.079234324,0.31818876,0.09899821,0.16736044,0.00047829695977270604,0.31030792,0.2105031,0.14452346,0.10203705,4.9,1.178955078125,32.3
7,0.2192855030298233,0.0,0.2084112912416458,0.0,0,0,0,0,0,0,1,1,1,1,0,0,False,0.23649001,0.16188334,0.50763184,0.02755075,0.24642025,0.0004304672533180565,0.30342597,0.20964798,0.01034974,0.019399116,4.8,1.178955078125,32.3
8,0.18499889969825745,0.0,0.20010757446289062,0.0,0,0,1,0,0,0,1,1,1,1,0,0,False,0.20608169,0.12932087,0.39067692,0.06276956,0.15538439,0.00038742052274756136,0.32230714,0.20863852,-0.0014022444,0.003580468,4.9,1.178955078125,32.3
9,0.17109909653663635,0.0,0.19171112775802612,0.0,0,0,1,0,0,0,1,1,1,1,0,0,False,0.17596297,0.10639599,0.3757983,0.054548487,0.1467313,0.0003486784757114947,0.3210353,0.21012959,-0.06098279,0.06054044,4.9,1.18017578125,32.3
10,0.20838341116905212,0.0,0.18610680103302002,0.0,0,0,1,0,0,0,1,1,1,1,0,0,False,0.24435435,0.070311606,0.3741069,0.16118923,0.24448863,0.00031381062290165574,0.31940237,0.20866862,0.13680832,0.09953388,4.9,1.18017578125,32.3
11,0.18467803299427032,0.0,0.1808830201625824,0.0,0,0,1,0,0,0,1,1,1,1,0,0,False,0.2021376,0.104803376,0.4062954,0.08016595,0.18912324,0.0002824295632308349,0.33358628,0.2084604,-0.006845914,0.026048094,4.8,1.18017578125,32.3
12,0.1523493230342865,0.0,0.17605142295360565,0.0,0,0,1,0,0,0,1,1,1,1,0,0,False,0.085971974,0.07381933,0.2092915,0.016303165,0.05530277,0.00025418660952709616,0.3337546,0.2099829,0.07619328,0.055852413,5.0,1.18017578125,32.3
13,0.19601553678512573,0.0,0.1715250462293625,0.0,0,0,1,0,0,0,1,1,1,1,0,0,False,0.36222807,0.12964953,0.6214461,0.22165988,0.3586058,0.00022876793809700757,0.34039503,0.21031591,-0.120377146,0.13938452,4.9,1.18017578125,32.3
14,0.1346045285463333,0.0,0.16829654574394226,0.0,0,0,1,0,0,0,1,1,1,1,0,0,False,0.20176286,0.15472531,0.41945586,0.029744606,0.14822848,0.00020589114428730683,0.33691853,0.2067689,0.05510193,0.07504564,4.8,1.18017578125,32.3
15,0.1353805661201477,0.0,0.1644805371761322,0.0,0,0,0,0,0,0,1,1,1,1,0,0,False,0.12004914,0.10296408,0.2615001,0.016882824,0.08356164,0.00018530203378759326,0.34446448,0.20743749,-0.0403913,0.03126173,4.9,1.18017578125,32.3
16,0.13500085473060608,0.0,0.1614677608013153,0.0,0,0,0,0,0,0,1,1,1,1,0,0,False,0.15111376,0.109174356,0.34009117,0.042712465,0.099989854,0.00016677183302817866,0.3469926,0.2110563,0.13000976,0.11687073,4.8,1.18017578125,32.3
17,0.1436041295528412,0.0,0.159371018409729,0.0,0,0,0,0,0,0,1,1,1,1,0,0,False,0.14111884,0.08570867,0.30449843,0.053302467,0.11476898,0.00015009464841568844,0.3442779,0.20767935,0.0088078445,0.14602065,4.8,1.18017578125,32.3
18,0.14476755261421204,0.0,0.15635573863983154,0.0,0,0,0,0,0,0,1,1,1,1,0,0,False,0.12022812,0.06953058,0.22682631,0.054712493,0.08842531,0.0001350851875031367,0.34109616,0.2079477,0.0019485211,0.03677994,4.8,1.18017578125,32.3
19,0.16511084139347076,0.0,0.1542721539735794,0.0,0,0,1,0,0,0,1,1,1,1,0,0,False,0.11957449,0.058707666,0.19870004,0.0334616,0.111151606,0.00012157666351413355,0.3485025,0.20872346,-0.04840912,0.108775705,4.9,1.18017578125,32.3
20,0.1437641829252243,0.0,0.15189211070537567,0.0,0,0,1,0,0,0,1,1,1,1,0,0,False,0.16106476,0.05682404,0.2587554,0.08095479,0.1610544,0.00010941899454337544,0.34900773,0.2072397,-0.019064115,0.03355394,4.8,1.18017578125,32.3
21,0.15636424720287323,0.0,0.15045061707496643,0.0,0,0,1,0,0,0,1,1,1,1,0,0,False,0.11086299,0.10743465,0.2883833,0.002252207,0.06911184,9.847709443420172e-05,0.34527475,0.2081873,-0.021676341,0.029518947,4.9,1.18017578125,32.3
22,0.12347085773944855,0.0,0.14867399632930756,0.0,0,0,1,0,0,0,1,1,1,1,0,0,False,0.07436681,0.05511067,0.18850851,0.023718579,0.060839117,8.862938630045391e-05,0.34643024,0.2075135,0.049568195,0.038807757,4.8,1.18017578125,32.3
23,0.11427643150091171,0.0,0.14718712866306305,0.0,0,0,0,0,0,0,1,1,1,1,0,0,False,0.24776663,0.15126178,0.46454105,0.08674253,0.18458511,7.976644701557234e-05,0.34865305,0.20645384,-0.011079778,0.013694379,4.8,1.18017578125,32.3
24,0.12057767063379288,0.0,0.14572368562221527,0.0,0,0,0,0,0,0,1,1,1,1,0,0,False,0.13633507,0.050621208,0.19738746,0.070568524,0.13801965,7.178980231401511e-05,0.35007918,0.20821364,0.11980933,0.12818895,4.9,1.18017578125,32.3
25,0.11466396600008011,0.0,0.14458072185516357,0.0,0,0,0,0,0,0,1,1,1,1,0,0,False,0.118333824,0.09866942,0.27569452,0.01928594,0.08176684,6.461082011810504e-05,0.34998766,0.20719934,-0.011084858,0.013761934,4.8,1.18017578125,32.3
26,0.1435331255197525,0.0,0.1434709131717682,0.0,0,0,1,0,0,0,1,1,1,1,0,0,False,0.10833382,0.101623066,0.27437946,0.020047974,0.0562203,5.8149741380475466e-05,0.35272604,0.20858872,-0.030297907,0.020560104,4.9,1.18017578125,32.3
27,0.15488643944263458,0.0,0.14261604845523834,0.0,0,0,1,0,0,0,1,1,1,1,0,0,False,0.30412862,0.15011513,0.59801817,0.15851177,0.26934677,5.233476658759173e-05,0.35038394,0.20637901,-0.17337859,0.1869177,4.9,1.18017578125,32.3
28,0.14066912233829498,0.0,0.14162522554397583,0.0,0,0,1,0,0,0,1,1,1,1,0,0,False,0.113056414,0.041160934,0.16236916,0.053882238,0.11274787,4.7101289601414466e-05,0.35222152,0.20756304,0.017793505,0.026517974,4.8,1.18017578125,32.3
29,0.12694381177425385,0.0,0.14082355797290802,0.0,0,0,1,0,0,0,1,1,1,1,0,0,False,0.18239033,0.12487571,0.3655785,0.052589037,0.13363992,4.239116096869111e-05,0.35280526,0.20732519,0.022224812,0.05669524,4.9,1.18017578125,32.3
30,0.13243485987186432,0.0,0.14012056589126587,0.0,0,0,0,0,0,0,1,1,1,1,0,0,False,0.07276017,0.05589176,0.15181662,0.0061470377,0.06657228,3.815204618149437e-05,0.35426754,0.20748587,-0.0552938,0.04734151,4.8,1.18017578125,32.3
31,0.12010703980922699,0.0,0.1394404023885727,0.0,0,0,1,0,0,0,1,1,1,1,0,0,False,0.15178807,0.10508462,0.32119256,0.049785696,0.10003889,3.4336842873017304e-05,0.35563356,0.20519626,-0.051885795,0.043585613,4.8,1.18017578125,32.3
32,0.12337402254343033,0.0,0.13890516757965088,0.0,0,0,0,0,0,0,1,1,1,1,0,0,False,0.14702708,0.08847983,0.31899765,0.051698867,0.12869227,3.0903160222806036e-05,0.35366264,0.20639901,-0.033230077,0.046988565,4.8,1.18017578125,32.3
33,0.11842042207717896,0.0,0.13831113278865814,0.0,0,0,0,0,0,0,1,1,1,1,0,0,False,0.16987908,0.109682165,0.36572057,0.05869231,0.13080737,2.7812844200525434e-05,0.35341027,0.20719802,0.06022637,0.05099642,4.8,1.18017578125,32.3
34,0.12154319137334824,0.0,0.137952983379364,0.0,0,0,0,0,0,0,1,1,1,1,0,0,False,0.20591879,0.15444393,0.43331733,0.045754515,0.13826329,2.5031560107890984e-05,0.35408288,0.20713171,0.017120516,0.02669579,4.8,1.18017578125,32.3
35,0.14036518335342407,0.0,0.1374385952949524,0.0,0,0,1,0,0,0,1,1,1,1,0,0,False,0.08322748,0.04938746,0.16451952,0.035289075,0.056982394,2.2528404588229024e-05,0.3563896,0.20558736,-0.036579147,0.039615583,5.1,1.18017578125,32.3
36,0.11695828288793564,0.0,0.1371469348669052,0.0,0,0,1,0,0,0,1,1,1,1,0,0,False,0.13409698,0.12137358,0.30533302,0.016346026,0.084675685,2.0275563474569936e-05,0.35348743,0.20779498,-0.074180596,0.058352504,4.8,1.18017578125,32.3
37,0.12229877710342407,0.0,0.13670417666435242,0.0,0,0,0,0,0,0,1,1,1,1,0,0,False,0.19575107,0.13101597,0.38411587,0.06018437,0.14221236,1.8248007290821987e-05,0.35722336,0.20546857,0.10254077,0.08007678,4.9,1.18017578125,32.3
38,0.11717243492603302,0.0,0.136400043964386,0.0,0,0,0,0,0,0,1,1,1,1,0,0,False,0.13549893,0.102890775,0.31049487,0.03269276,0.08989611,1.6423206398030745e-05,0.35667863,0.20513311,-0.039061923,0.026046626,4.9,1.18017578125,32.3
39,0.1291903853416443,0.0,0.13607175648212433,0.0,0,0,1,0,0,0,1,1,1,1,0,0,False,0.123992525,0.085571274,0.27019215,0.04963836,0.0808098,1.4780885430809576e-05,0.35538504,0.2080416,0.05764858,0.04948235,5.0,1.18017578125,32.3
40,0.1240946501493454,0.0,0.13589002192020416,0.0,0,0,0,0,0,0,1,1,1,1,0,0,False,0.2708005,0.15226941,0.49692902,0.08952096,0.22635636,1.3302796560310526e-05,0.35547712,0.20789917,0.029561916,0.047152918,4.8,1.18017578125,32.3
41,0.15016798675060272,0.0,0.13564182817935944,0.0,0,0,1,0,0,0,1,1,1,1,0,0,False,0.13737704,0.08887753,0.30858666,0.036416996,0.14016545,1.1972517313552089e-05,0.35705483,0.20540722,-0.062116075,0.11953163,4.9,1.18017578125,32.3
42,0.11206533759832382,0.0,0.1354486048221588,0.0,0,0,1,0,0,0,1,1,1,1,0,0,False,0.15347944,0.1299335,0.32964873,0.013099656,0.1081078,1.077526558219688e-05,0.355546,0.20761459,-0.07716851,0.12753451,4.8,1.18017578125,32.3
43,0.12201499938964844,0.0,0.13525325059890747,0.0,0,0,0,0,0,0,1,1,1,1,0,0,False,0.2153446,0.16354196,0.4939904,0.05396162,0.1466739,9.697739187686238e-06,0.3565637,0.20586905,-0.038996857,0.023199303,4.9,1.18017578125,32.3
44,0.1459866315126419,0.0,0.13511021435260773,0.0,0,0,1,0,0,0,1,1,1,1,0,0,False,0.20540626,0.15596552,0.5174348,0.052292034,0.16690859,8.727965268917615e-06,0.3572043,0.2062058,0.064317204,0.06817928,4.8,1.18017578125,32.3
45,0.13880380988121033,0.0,0.13493338227272034,0.0,0,0,0,0,0,0,1,1,1,1,0,0,False,0.20805828,0.093906924,0.4052072,0.1253081,0.19328433,7.855168496462283e-06,0.3555208,0.20712486,-0.01725174,0.06163779,4.8,1.18017578125,32.3
46,0.12300281226634979,0.0,0.13480836153030396,0.0,0,0,1,0,0,0,1,1,1,1,0,0,False,0.12449062,0.06484072,0.23563777,0.057447243,0.10134897,7.069651564961533e-06,0.3562478,0.20743999,-0.076916434,0.14681669,4.8,1.18017578125,32.3
47,0.1221894845366478,0.0,0.1346772462129593,0.0,0,0,0,0,0,0,1,1,1,1,0,0,False,0.11215805,0.10556778,0.26120004,0.0078866985,0.07245934,6.362686326610856e-06,0.35624418,0.207256,0.13082127,0.10373349,4.8,1.18017578125,32.3
48,0.12770451605319977,0.0,0.13456012308597565,0.0,0,0,0,0,0,0,1,1,1,1,0,0,False,0.1784393,0.10465034,0.3480814,0.05953476,0.13070144,5.726417612095247e-06,0.35625815,0.20692451,0.052841976,0.047055934,4.9,1.18017578125,32.3
49,0.11315827071666718,0.0,0.13445395231246948,0.0,0,0,1,0,0,0,1,1,1,1,0,0,False,0.30380535,0.21040773,0.6326887,0.092352495,0.2166473,5.15377605552203e-06,0.35729346,0.20673183,-0.006405562,0.14055751,5.0,1.18017578125,32.3
0,0.12467579543590546,0.0,0.13436037302017212,0.0,0,0,1,0,0,0,1,1,1,1,0,0,False,0.18904759,0.17770699,0.50290406,0.008577167,0.14446813,4.638398286260781e-06,0.35712895,0.20687132,-0.023914509,0.066115364,3.6,1.18017578125,32.3
1,0.14596052467823029,0.0,0.13428302109241486,0.0,0,0,1,0,0,0,1,1,1,1,0,0,False,0.099488534,0.07150968,0.20062165,0.019363618,0.08488779,4.174558580416488e-06,0.35741696,0.20557058,0.074065685,0.070028625,4.8,1.18017578125,32.3
2,0.12584367394447327,0.0,0.13421496748924255,0.0,0,0,1,0,0,0,1,1,1,1,0,0,False,0.19168,0.12776528,0.41355294,0.05662635,0.14332241,3.7571025586657926e-06,0.35727328,0.20647836,0.02980732,0.045618504,4.8,1.18017578125,32.3
3,0.12646245956420898,0.0,0.13414935767650604,0.0,0,0,0,0,0,0,1,1,1,1,0,0,False,0.12623951,0.103385344,0.31700638,0.035937563,0.07043171,3.381392343726475e-06,0.35296705,0.2065965,-0.02940154,0.034538638,5.0,1.18017578125,32.3
4,0.09818094223737717,0.0,0.13408401608467102,0.0,0,0,1,0,0,0,1,1,1,1,0,0,False,0.2399144,0.15738584,0.4600579,0.07526693,0.16497937,3.043253150281089e-06,0.3576423,0.20593181,-0.037447315,0.04325219,4.9,1.18017578125,32.3
5,0.11086110770702362,0.0,0.13402612507343292,0.0,0,0,1,0,0,0,1,1,1,1,0,0,False,0.054258596,0.04494407,0.12324248,0.00896477,0.038501494,2.7389278557166107e-06,0.35597432,0.20808776,-0.016847374,0.11575205,4.8,1.18017578125,32.3
6,0.09147749096155167,0.0,0.1339746117591858,0.0,0,0,1,0,0,0,1,1,1,1,0,0,False,0.30911765,0.17063719,0.5429028,0.13374363,0.24769461,2.465035049681319e-06,0.35604036,0.20795086,-0.031169092,0.019483777,4.8,1.18017578125,32.3
7,0.15727396309375763,0.0,0.13393114507198334,0.0,0,0,1,0,0,0,1,1,1,1,0,0,False,0.22694431,0.11215651,0.4680843,0.12604722,0.20160721,2.2185315856404485e-06,0.35689983,0.20771182,-0.119413316,0.15301332,4.9,1.18017578125,32.3
8,0.11141923815011978,0.0,0.13388286530971527,0.0,0,0,1,0,0,0,1,1,1,1,0,0,False,0.10225374,0.090393625,0.26572794,0.01902531,0.05703509,1.996678406612773e-06,0.35699096,0.2077674,0.047884006,0.06411559,4.8,1.18017578125,32.3
9,0.12365561723709106,0.0,0.13385237753391266,0.0,0,0,1,0,0,0,1,1,1,1,0,0,False,0.08386072,0.04473975,0.16595091,0.028677762,0.080581486,1.7970104636333418e-06,0.35686693,0.20733638,-0.03191523,0.024870992,4.8,1.18017578125,32.3
10,0.14891771972179413,0.0,0.13382290303707123,0.0,0,0,1,0,0,0,1,1,1,1,0,0,False,0.29166603,0.13896397,0.5768146,0.16199094,0.2580006,1.6173093968063768e-06,0.3571632,0.20671876,0.05502723,0.038066346,4.9,1.18017578125,32.3
11,0.11931414902210236,0.0,0.13378915190696716,0.0,0,0,1,0,0,0,1,1,1,1,0,0,False,0.15073751,0.13290735,0.35749504,0.01687304,0.09076042,1.4555784673575544e-06,0.35800385,0.2057379,0.058236416,0.06443583,4.8,1.18017578125,32.3
12,0.12542833387851715,0.0,0.1337631642818451,0.0,0,0,0,0,0,0,1,1,1,1,0,0,False,0.0989435,0.041318007,0.14873213,0.04245157,0.09795117,1.3100206615490606e-06,0.3577629,0.20593627,-0.06135753,0.11904233,4.8,1.18017578125,32.3
13,0.15876148641109467,0.0,0.13374118506908417,0.0,0,0,1,0,0,0,1,1,1,1,0,0,False,0.27155897,0.16916706,0.6064843,0.100181065,0.20959687,1.179018636321416e-06,0.35718238,0.20690262,-0.033390377,0.01952926,4.9,1.18017578125,32.3
14,0.11544369906187057,0.0,0.13371437788009644,0.0,0,0,1,0,0,0,1,1,1,1,0,0,False,0.17983305,0.1341856,0.42490184,0.045966405,0.13362095,1.0611168136165362e-06,0.3558345,0.20706244,0.030142523,0.039220437,4.8,1.18017578125,32.3
15,0.14792077243328094,0.0,0.133696511387825,0.0,0,0,1,0,0,0,1,1,1,1,0,0,False,0.20118304,0.07221353,0.3105008,0.09772777,0.19582519,9.550051117912518e-07,0.35804617,0.20612815,-0.031190261,0.045514375,4.9,1.18017578125,32.3
16,0.13685722649097443,0.0,0.13368366658687592,0.0,0,0,1,0,0,0,1,1,1,1,0,0,False,0.22519,0.1525788,0.530406,0.06354445,0.20012408,8.595046210757574e-07,0.3539332,0.20607069,0.07744304,0.061810177,4.8,1.18017578125,32.3
17,0.1512065827846527,0.0,0.13366615772247314,0.0,0,0,1,0,0,0,1,1,1,1,0,0,False,0.1991893,0.13917206,0.46348074,0.042929348,0.18954678,7.735541487363662e-07,0.35702696,0.20719449,0.1717452,0.13349631,4.8,1.18017578125,32.3
18,0.14797917008399963,0.0,0.13365450501441956,0.0,0,0,0,0,0,0,1,1,1,1,0,0,False,0.35754624,0.18830559,0.7261262,0.16742629,0.30923903,6.961987082831911e-07,0.35453627,0.20681384,-0.15607192,0.15538765,5.0,1.18017578125,32.3
19,0.13303819298744202,0.0,0.13363881409168243,0.0,0,0,1,0,0,0,1,1,1,1,0,0,False,0.11318494,0.089844376,0.29754758,0.039475996,0.07597255,6.265788272230566e-07,0.3575055,0.20663896,0.07052507,0.08677421,4.8,1.18017578125,32.3
20,0.1255856305360794,0.0,0.13362562656402588,0.0,0,0,0,0,0,0,1,1,1,1,0,0,False,0.19693214,0.109210335,0.39023486,0.07890193,0.16345876,5.639209291530278e-07,0.3544344,0.20835277,-0.08550059,0.044530332,4.9,1.18017578125,32.3
21,0.1373135894536972,0.0,0.1336168795824051,0.0,0,0,1,0,0,0,1,1,1,1,0,0,False,0.1470887,0.07002084,0.28765392,0.06933288,0.12394729,5.075288413536328e-07,0.35825497,0.20533237,-0.101995654,0.06819049,4.9,1.18017578125,32.3
22,0.12521155178546906,0.0,0.13360773026943207,0.0,0,0,1,0,0,0,1,1,1,1,0,0,False,0.095149994,0.04450669,0.16226283,0.03559017,0.093843006,4.5677596745008485e-07,0.3552496,0.20936675,-0.1320964,0.16334918,4.8,1.18017578125,32.3
23,0.13068518042564392,0.0,0.1335996836423874,0.0,0,0,0,0,0,0,1,1,1,1,0,0,False,0.1876225,0.07843369,0.34590527,0.10636032,0.17822164,4.110983809368918e-07,0.35621613,0.20779864,-0.029679233,0.11371413,4.8,1.18017578125,32.3
24,0.11972988396883011,0.0,0.13359150290489197,0.0,0,0,1,0,0,0,1,1,1,1,0,0,False,0.19527446,0.17611583,0.5190789,0.010593496,0.17145394,3.6998853261138723e-07,0.35628867,0.20851266,0.07692478,0.05585353,4.9,1.18017578125,32.3
25,0.13419489562511444,0.0,0.1335839033126831,0.0,0,0,1,0,0,0,1,1,1,1,0,0,False,0.13624175,0.082847424,0.251544,0.05896006,0.09346776,3.3298967423434077e-07,0.35826856,0.20538397,-0.130141,0.16007765,4.9,1.18017578125,32.3
26,0.13346514105796814,0.0,0.13357758522033691,0.0,0,0,0,0,0,0,1,1,1,1,0,0,False,0.15490155,0.11036344,0.32735932,0.026561182,0.12036821,2.9969071704272213e-07,0.35574248,0.20838098,0.10501209,0.08180385,7.2,1.18017578125,32.3
27,0.13644959032535553,0.0,0.1335715353488922,0.0,0,0,0,0,0,0,1,1,1,1,0,0,False,0.13071053,0.050509557,0.2369165,0.0811052,0.12078814,2.6972165301231144e-07,0.35782266,0.20611946,0.17029242,0.1355721,4.9,1.18017578125,32.3
28,0.13849188387393951,0.0,0.13356713950634003,0.0,0,0,0,0,0,0,1,1,1,1,0,0,False,0.2290783,0.083677694,0.35660198,0.10681247,0.21325764,2.427494877110803e-07,0.35670584,0.20671444,0.06550216,0.059968498,4.8,1.18017578125,32.3
29,0.1352914720773697,0.0,0.13356223702430725,0.0,0,0,0,0,0,0,1,1,1,1,0,0,False,0.2582253,0.094534665,0.4067966,0.1207268,0.2439158,2.1847453126611072e-07,0.35754174,0.20641482,-0.027821802,0.029644586,5.0,1.18017578125,32.3
30,0.09331635385751724,0.0,0.13355834782123566,0.0,0,0,1,0,0,0,1,1,1,1,0,0,False,0.28892553,0.19281545,0.57879424,0.087817796,0.20017269,1.9662707302359196e-07,0.3570239,0.20763314,0.031878754,0.05572951,4.8,1.18017578125,32.3
31,0.1648181974887848,0.0,0.1335545778274536,0.0,0,0,1,0,0,0,1,1,1,1,0,0,False,0.2611154,0.13174193,0.54415137,0.1309014,0.22290328,1.769643631632789e-07,0.35689694,0.20722792,-0.068814166,0.09235245,4.8,1.18017578125,32.3
32,0.11340158432722092,0.0,0.13355140388011932,0.0,0,0,1,0,0,0,1,1,1,1,0,0,False,0.3382157,0.19650689,0.61852175,0.1184593,0.26864606,1.5926792684695101e-07,0.35629615,0.20797512,0.15283982,0.117947675,4.9,1.18017578125,32.3
33,0.13001251220703125,0.0,0.13354861736297607,0.0,0,0,1,0,0,0,1,1,1,1,0,0,False,0.074082226,0.03672444,0.12971911,0.03495623,0.055635706,1.433411341622559e-07,0.35833052,0.20548925,-0.00617083,0.012987935,4.8,1.18017578125,32.3
34,0.1272704303264618,0.0,0.13354572653770447,0.0,0,0,0,0,0,0,1,1,1,1,0,0,False,0.14228629,0.070314884,0.2894538,0.077625886,0.12676923,1.2900702586193802e-07,0.35681936,0.20773673,0.022925561,0.058632914,4.8,1.18017578125,32.3
35,0.15951910614967346,0.0,0.1335439234972,0.0,0,0,1,0,0,0,1,1,1,1,0,0,False,0.30167946,0.16693316,0.6502642,0.13026075,0.25593236,1.1610631815983652e-07,0.35802284,0.20563427,-0.096410535,0.14716284,4.9,1.18017578125,32.3
36,0.12486249208450317,0.0,0.1335415095090866,0.0,0,0,1,0,0,0,1,1,1,1,0,0,False,0.20356113,0.121214196,0.43693978,0.09063782,0.16421244,1.0449568890180672e-07,0.35347158,0.20678684,0.018763768,0.018827619,6.7,1.18017578125,32.2
37,0.13055342435836792,0.0,0.13353922963142395,0.0,0,0,0,0,0,0,1,1,1,1,0,0,False,0.1825236,0.13269292,0.40270042,0.05963855,0.118714705,9.404612129060297e-08,0.358046,0.2056469,0.00031364337,0.02947822,5.4,1.18017578125,32.2
38,0.13183560967445374,0.0,0.1335373818874359,0.0,0,0,0,0,0,0,1,1,1,1,0,0,False,0.14804205,0.055117324,0.25645944,0.08696484,0.1380747,8.464150980103113e-08,0.35796213,0.20546368,-0.019118505,0.012803089,4.8,1.18017578125,32.2
39,0.12776683270931244,0.0,0.13353565335273743,0.0,0,0,0,0,0,0,1,1,1,1,0,0,False,0.15137097,0.1398999,0.37743923,0.0013876987,0.1108353,7.617736201837033e-08,0.3567837,0.2076569,-0.003227694,0.020954592,4.8,1.18017578125,32.2
40,0.1720447689294815,0.0,0.13353431224822998,0.0,0,0,1,0,0,0,1,1,1,1,0,0,False,0.40726283,0.22562414,0.86207116,0.17822108,0.33297813,6.855962837448715e-08,0.35708487,0.2075628,-0.07429712,0.14693546,4.9,1.18017578125,32.2
41,0.11969098448753357,0.0,0.13353291153907776,0.0,0,0,1,0,0,0,1,1,1,1,0,0,False,0.24863492,0.14715216,0.487668,0.07509161,0.20288324,6.17036661765269e-08,0.3580771,0.20532155,0.07165387,0.060166683,4.9,1.18017578125,32.2
42,0.10109326243400574,0.0,0.1335318684577942,0.0,0,0,1,0,0,0,1,1,1,1,0,0,False,0.20817338,0.12811866,0.40783888,0.07811099,0.15853924,5.553329955887421e-08,0.35761327,0.20683102,0.18976957,0.15370196,4.8,1.18017578125,32.2
43,0.09825515002012253,0.0,0.13353067636489868,0.0,0,0,0,0,0,0,1,1,1,1,0,0,False,0.2679017,0.2166526,0.6225448,0.04571702,0.1756171,4.997996896349832e-08,0.35786468,0.20628905,0.09604279,0.11119428,4.9,1.18017578125,32.2
44,0.10785790532827377,0.0,0.13352985680103302,0.0,0,0,0,0,0,0,1,1,1,1,0,0,False,0.07452337,0.052972913,0.18386449,0.022890225,0.06167575,4.4981973346125416e-08,0.35835695,0.20536685,0.038011555,0.061063338,4.9,1.18017578125,32.2
45,0.11626407504081726,0.0,0.13352903723716736,0.0,0,0,0,0,0,0,1,1,1,1,0,0,False,0.18532379,0.16249217,0.464083,0.02288301,0.13323976,4.0483776331257104e-08,0.35683343,0.20715758,-0.05166172,0.030042985,4.8,1.18017578125,32.2
46,0.1399751603603363,0.0,0.13352829217910767,0.0,0,0,1,0,0,0,1,1,1,1,0,0,False,0.14391,0.090564094,0.3290104,0.051953897,0.11976682,3.6435398698131394e-08,0.3562451,0.20683245,0.06617365,0.069783635,4.8,1.18017578125,32.2
47,0.12497276067733765,0.0,0.13352763652801514,0.0,0,0,1,0,0,0,1,1,1,1,0,0,False,0.11398097,0.04284092,0.18835022,0.056865107,0.11082004,3.279185882831826e-08,0.3560574,0.20809975,-0.03848284,0.17560197,4.9,1.18017578125,32.2
48,0.13136795163154602,0.0,0.13352705538272858,0.0,0,0,0,0,0,0,1,1,1,1,0,0,False,0.09040913,0.07806228,0.21657148,0.010479313,0.06579994,2.9512673904719123e-08,0.35731974,0.20710132,0.05087821,0.0514888,4.8,1.18017578125,32.2
49,0.114000603556633,0.0,0.13352659344673157,0.0,0,0,1,0,0,0,1,1,1,1,0,0,False,0.16516925,0.1071802,0.35402972,0.046039473,0.12897502,2.656140587475875e-08,0.35680732,0.2075671,-0.08367393,0.14746884,4.8,1.18017578125,32.2
0,0.137485072016716,0.0,0.1335260421037674,0.0,0,0,1,0,0,0,1,1,1,1,0,0,False,0.09475389,0.04574648,0.17973156,0.043457415,0.07669981,2.3905264967538643e-08,0.3575779,0.20670338,-0.069231674,0.049202964,3.2,1.18017578125,32.2
1,0.14602795243263245,0.0,0.13352572917938232,0.0,0,0,0,0,0,0,1,1,1,1,0,0,False,0.23926626,0.17315334,0.5324175,0.046498396,0.17754185,2.151473879052901e-08,0.35758555,0.20646152,-0.07447458,0.15029983,4.9,1.18017578125,32.2
2,0.1481899917125702,0.0,0.13352535665035248,0.0,0,0,0,0,0,0,1,1,1,1,0,0,False,0.15488902,0.07707838,0.31948596,0.07791889,0.13056444,1.9363264591731878e-08,0.35551247,0.20738152,-0.01924112,0.070866875,4.9,1.18017578125,32.2
3,0.1338718980550766,0.0,0.1335250288248062,0.0,0,0,1,0,0,0,1,1,1,1,0,0,False,0.15946734,0.060335606,0.28572807,0.102102116,0.14615512,1.7426938292430804e-08,0.3578841,0.20637842,0.01587932,0.052542534,5.0,1.18017578125,32.2
4,0.12146963179111481,0.0,0.13352473080158234,0.0,0,0,1,0,0,0,1,1,1,1,0,0,False,0.24839239,0.17346805,0.53813976,0.068041906,0.17950177,1.5684244303315608e-08,0.3555733,0.2082037,-0.02913101,0.03582773,4.8,1.18017578125,32.2
5,0.13538600504398346,0.0,0.13352449238300323,0.0,0,0,1,0,0,0,1,1,1,1,0,0,False,0.20746833,0.174454,0.48521867,0.03413852,0.14074467,1.411582051247251e-08,0.3564693,0.20760114,0.04730491,0.156325,4.8,1.18017578125,32.2
6,0.11988940834999084,0.0,0.13352423906326294,0.0,0,0,1,0,0,0,1,1,1,1,0,0,False,0.10376996,0.06689784,0.22580548,0.039429497,0.07320733,1.270423846122526e-08,0.35757977,0.20662828,-0.0130147105,0.05178984,4.9,1.18017578125,32.2
7,0.12337353825569153,0.0,0.133524090051651,0.0,0,0,0,0,0,0,1,1,1,1,0,0,False,0.11440838,0.09187477,0.3002351,0.032280084,0.07802847,1.1433814695038791e-08,0.35677186,0.20731774,0.12686755,0.10272365,5.0,1.18017578125,32.2
8,0.11013451218605042,0.0,0.13352395594120026,0.0,0,0,1,0,0,0,1,1,1,1,0,0,False,0.15952328,0.1164641,0.31722564,0.03385611,0.11067818,1.029043330547097e-08,0.3581242,0.20593171,0.01774729,0.05947345,4.8,1.18017578125,32.2
9,0.11542937159538269,0.0,0.1335238516330719,0.0,0,0,0,0,0,0,1,1,1,1,0,0,False,0.16893868,0.11337019,0.36290705,0.053824484,0.12640128,9.261390054859931e-09,0.3576202,0.20674369,-0.029395426,0.016974049,4.8,1.18017578125,32.2
10,0.11534402519464493,0.0,0.13352374732494354,0.0,0,0,0,0,0,0,1,1,1,1,0,0,False,0.2828813,0.15781124,0.5357963,0.08907753,0.23945081,8.335250889501823e-09,0.3565796,0.20762977,0.16666852,0.14970517,4.9,1.18017578125,32.2
11,0.13945895433425903,0.0,0.13352365791797638,0.0,0,0,1,0,0,0,1,1,1,1,0,0,False,0.19474448,0.08848042,0.38094237,0.108306505,0.17912027,7.501725640679525e-09,0.35754198,0.20632036,0.121927895,0.115543455,4.8,1.18017578125,32.2
12,0.12770886719226837,0.0,0.1335236132144928,0.0,0,0,1,0,0,0,1,1,1,1,0,0,False,0.19963582,0.15911019,0.4579813,0.025144516,0.14993754,6.751552916739456e-09,0.3576036,0.2065945,-0.21660201,0.22368588,4.8,1.18017578125,32.2
13,0.13434703648090363,0.0,0.13352355360984802,0.0,0,0,0,0,0,0,1,1,1,1,0,0,False,0.19552799,0.13058537,0.46500406,0.07038934,0.15179685,6.076397784937626e-09,0.35700232,0.20702592,-0.13621332,0.14631717,4.9,1.18017578125,32.2
14,0.12528443336486816,0.0,0.13352352380752563,0.0,0,0,0,0,0,0,1,1,1,1,0,0,False,0.13881095,0.068868816,0.28117535,0.06852745,0.12126502,5.468757846571748e-09,0.35824153,0.20523973,-0.045929432,0.06022108,4.8,1.18017578125,32.2
15,0.15497730672359467,0.0,0.13352350890636444,0.0,0,0,1,0,0,0,1,1,1,1,0,0,False,0.38104144,0.15923552,0.69739634,0.22129238,0.35846192,4.9218821018826025e-09,0.35449722,0.20570536,-0.035638276,0.038270872,4.8,1.18017578125,32.2
16,0.11325114965438843,0.0,0.13352347910404205,0.0,0,0,1,0,0,0,1,1,1,1,0,0,False,0.12992312,0.08886173,0.29308096,0.041877512,0.09257923,4.4296938117582845e-09,0.35635018,0.20774965,0.07133485,0.069781154,4.9,1.18017578125,32.2
17,0.11119931936264038,0.0,0.13352347910404205,0.0,0,0,0,0,0,0,1,1,1,1,0,0,False,0.23920463,0.14532287,0.46983415,0.08797038,0.18482722,3.986724550486542e-09,0.3573605,0.2072519,-0.03819838,0.026640015,4.8,1.18017578125,32.2
18,0.11900979280471802,0.0,0.13352347910404205,0.0,0,0,0,0,0,0,1,1,1,1,0,0,False,0.1534545,0.1185324,0.37147972,0.039471433,0.10611001,3.5880522553100038e-09,0.35761115,0.20657583,-0.036349494,0.043164182,4.8,1.18017578125,32.2
19,0.12228380143642426,0.0,0.13352347910404205,0.0,0,0,0,0,0,0,1,1,1,1,0,0,False,0.13392685,0.102457635,0.29618976,0.033494458,0.08813903,3.2292470697470322e-09,0.35641748,0.20720115,-0.042559635,0.13650857,4.9,1.18017578125,32.2
20,0.10779376327991486,0.0,0.13352347910404205,0.0,0,0,1,0,0,0,1,1,1,1,0,0,False,0.4316995,0.21246232,0.7245019,0.14874598,0.38902533,2.9063223827563434e-09,0.35840315,0.2053138,0.051844697,0.051221658,4.9,1.18017578125,32.2
21,0.1162865161895752,0.0,0.13352346420288086,0.0,0,0,0,0,0,0,1,1,1,1,0,0,False,0.22498184,0.16244349,0.46266675,0.060714368,0.14613396,2.6156900645446514e-09,0.35815084,0.2047292,0.011073344,0.014591248,4.8,1.18017578125,32.2
22,0.11902699619531631,0.0,0.13352346420288086,0.0,0,0,0,0,0,0,1,1,1,1,0,0,False,0.27883813,0.16714776,0.53423005,0.09411283,0.22051847,2.354121098058215e-09,0.3583464,0.20546067,0.059975743,0.043744087,4.8,1.18017578125,32.2
23,0.13768506050109863,0.0,0.13352346420288086,0.0,0,0,1,0,0,0,1,1,1,1,0,0,False,0.17245807,0.08236877,0.33527973,0.09391301,0.15088853,2.118709008236408e-09,0.3562822,0.20713703,0.03187758,0.035324816,4.7,1.18017578125,32.2
24,0.1147526428103447,0.0,0.13352344930171967,0.0,0,0,1,0,0,0,1,1,1,1,0,0,False,0.17758949,0.12494436,0.38231063,0.060402,0.122782186,1.906838087428753e-09,0.3562184,0.20820737,0.08775034,0.07090116,4.8,1.18017578125,32.2
25,0.16039881110191345,0.0,0.13352344930171967,0.0,0,0,1,0,0,0,1,1,1,1,0,0,False,0.22128326,0.10194716,0.43482277,0.12097751,0.19619536,1.7161542187338341e-09,0.35499853,0.20879702,0.06724431,0.07143064,4.6,1.18017578125,32.2
26,0.13128390908241272,0.0,0.13352346420288086,0.0,0,0,1,0,0,0,1,1,1,1,0,0,False,0.18519913,0.13930273,0.44096822,0.037915338,0.15471643,1.5445387968604508e-09,0.3560387,0.20848648,0.01710786,0.053951327,4.8,1.18017578125,32.2
27,0.15225589275360107,0.0,0.13352346420288086,0.0,0,0,1,0,0,0,1,1,1,1,0,0,False,0.3722092,0.1761591,0.7263163,0.20479114,0.32976425,1.3900849471504273e-09,0.35684052,0.20743987,-0.092208445,0.12537527,4.8,1.18017578125,32.2
28,0.13925248384475708,0.0,0.13352344930171967,0.0,0,0,1,0,0,0,1,1,1,1,0,0,False,0.094206244,0.06831892,0.208469,0.009557938,0.10834564,1.2510764424433774e-09,0.35577583,0.2088342,-0.047013253,0.029099017,4.8,1.18017578125,32.2
29,0.1156282052397728,0.0,0.13352344930171967,0.0,0,0,1,0,0,0,1,1,1,1,0,0,False,0.13689896,0.09781735,0.30290076,0.03948275,0.095379084,1.125968818183054e-09,0.35764736,0.20667288,0.04304045,0.08638965,3.6,1.18017578125,32.2
30,0.12417950481176376,0.0,0.13352344930171967,0.0,0,0,0,0,0,0,1,1,1,1,0,0,False,0.22307141,0.17318372,0.51421475,0.047182254,0.1461092,1.0133719863247848e-09,0.35417908,0.20939068,0.104543574,0.08286045,4.9,1.18017578125,32.2
31,0.1407562494277954,0.0,0.13352344930171967,0.0,0,0,1,0,0,0,1,1,1,1,0,0,False,0.124350555,0.054938015,0.23963034,0.0684328,0.10461232,9.120347477242774e-10,0.3557045,0.20778647,-0.21917467,0.20467627,4.8,1.18017578125,32.2
32,0.1507391482591629,0.0,0.13352344930171967,0.0,0,0,0,0,0,0,1,1,1,1,0,0,False,0.118739516,0.083081074,0.27779645,0.028982654,0.10921669,8.208312529678353e-10,0.35737062,0.20697221,-0.102213554,0.1144563,4.9,1.18017578125,32.2
33,0.137395977973938,0.0,0.13352344930171967,0.0,0,0,1,0,0,0,1,1,1,1,0,0,False,0.061413933,0.058351018,0.18734752,0.01764432,0.04115612,7.387481126830409e-10,0.35655513,0.2073259,0.010156768,0.05749516,4.9,1.18017578125,32.2
34,0.132565438747406,0.0,0.13352344930171967,0.0,0,0,0,0,0,0,1,1,1,1,0,0,False,0.16629288,0.09510597,0.32187334,0.06382021,0.12902847,6.648733064107404e-10,0.3580487,0.20583776,-0.070240155,0.050208677,4.8,1.18017578125,32.2
35,0.12271768599748611,0.0,0.13352344930171967,0.0,0,0,0,0,0,0,1,1,1,1,0,0,False,0.11871094,0.04775581,0.19808096,0.06073182,0.10811074,5.983859907576772e-10,0.358409,0.20550504,-0.09932921,0.09845609,4.9,1.18017578125,32.2
36,0.12322501838207245,0.0,0.13352344930171967,0.0,0,0,0,0,0,0,1,1,1,1,0,0,False,0.21844292,0.13760796,0.43506438,0.07413425,0.16733187,5.385474066699203e-10,0.35583678,0.20862469,0.1060878,0.09505475,4.8,1.18017578125,32.2
37,0.14858506619930267,0.0,0.13352344930171967,0.0,0,0,1,0,0,0,1,1,1,1,0,0,False,0.1598494,0.099334896,0.33168587,0.05083571,0.12909956,4.846926859869428e-10,0.35760134,0.20665932,-0.08266998,0.14146142,4.9,1.18017578125,32.2
38,0.1184420958161354,0.0,0.13352344930171967,0.0,0,0,1,0,0,0,1,1,1,1,0,0,False,0.083618976,0.09103039,0.25164878,0.0042777346,0.04011318,4.362234073962412e-10,0.35709637,0.2071536,-0.020121569,0.043051053,4.8,1.18017578125,32.2
39,0.09331948310136795,0.0,0.13352344930171967,0.0,0,0,1,0,0,0,1,1,1,1,0,0,False,0.22080402,0.1494688,0.43435186,0.06686643,0.15401712,3.926010766486243e-10,0.35658228,0.20834398,-0.054288838,0.029556142,4.8,1.18017578125,32.2
40,0.1157156378030777,0.0,0.13352344930171967,0.0,0,0,1,0,0,0,1,1,1,1,0,0,False,0.17406245,0.11009451,0.3669488,0.05117808,0.13773301,3.5334095649375285e-10,0.3565376,0.20775335,0.0895991,0.066345096,4.9,1.18017578125,32.2
41,0.11460080742835999,0.0,0.13352344930171967,0.0,0,0,0,0,0,0,1,1,1,1,0,0,False,0.07382584,0.05707014,0.18411747,0.019295443,0.052168675,3.180068708363848e-10,0.35729048,0.20714791,-0.012968461,0.009505157,4.8,1.18017578125,32.2
42,0.12135627865791321,0.0,0.13352344930171967,0.0,0,0,0,0,0,0,1,1,1,1,0,0,False,0.19185764,0.07103977,0.2858019,0.082927234,0.18590933,2.862061837527463e-10,0.35733062,0.20709085,-0.00442223,0.009491208,4.9,1.18017578125,32.2
43,0.13664522767066956,0.0,0.13352344930171967,0.0,0,0,1,0,0,0,1,1,1,1,0,0,False,0.1249719,0.1076756,0.29362252,0.013523877,0.07797682,2.5758555288746264e-10,0.3564723,0.20778354,0.07262492,0.07244838,5.0,1.18017578125,32.2
44,0.12620174884796143,0.0,0.13352344930171967,0.0,0,0,1,0,0,0,1,1,1,1,0,0,False,0.101932995,0.070240006,0.21031497,0.03753567,0.068790436,2.3182700759072362e-10,0.35576284,0.20844416,-0.056606192,0.14343871,4.9,1.18017578125,32.2
45,0.11510100215673447,0.0,0.13352344930171967,0.0,0,0,1,0,0,0,1,1,1,1,0,0,False,0.15182844,0.13792995,0.34188107,0.0053083636,0.11131886,2.0864430183564764e-10,0.3565273,0.20785344,-0.0474737,0.14938031,4.9,1.18017578125,32.2
46,0.12017171084880829,0.0,0.13352344930171967,0.0,0,0,0,0,0,0,1,1,1,1,0,0,False,0.0991394,0.089542225,0.2651756,0.017764427,0.05721526,1.8777986665607927e-10,0.35754743,0.20635286,0.08022777,0.07350157,5.0,1.18017578125,32.2
47,0.13453254103660583,0.0,0.13352344930171967,0.0,0,0,1,0,0,0,1,1,1,1,0,0,False,0.09706227,0.07353498,0.25348037,0.036569703,0.067734696,1.6900187499446773e-10,0.35602343,0.20764399,-0.045623124,0.05979933,4.9,1.18017578125,32.2
48,0.10767067223787308,0.0,0.13352344930171967,0.0,0,0,1,0,0,0,1,1,1,1,0,0,False,0.35609505,0.20492785,0.64271295,0.14228328,0.28066164,1.5210168125001646e-10,0.35701832,0.20648472,0.17403583,0.13013102,4.8,1.18017578125,32.2
49,0.14741438627243042,0.0,0.13352344930171967,0.0,0,0,1,0,0,0,1,1,1,1,0,0,False,0.13524698,0.08194917,0.29762983,0.04372675,0.1305656,1.36891510627013e-10,0.3578148,0.20606673,0.09772045,0.08021769,4.8,1.18017578125,32.2
0,0.14229527115821838,0.0,0.13352344930171967,0.0,0,0,0,0,0,0,1,1,1,1,0,0,False,0.18104815,0.15120652,0.46370584,0.030574065,0.1388616,1.232023608133126e-10,0.3575696,0.20645496,-0.08178065,0.15311915,3.9,1.18017578125,32.2
1,0.13401249051094055,0.0,0.13352344930171967,0.0,0,0,0,0,0,0,1,1,1,1,0,0,False,0.14287873,0.091807544,0.26767182,0.036296602,0.10518548,1.1088212847898405e-10,0.35363042,0.20853361,-0.032401074,0.032874253,4.8,1.18017578125,32.2
2,0.12300501763820648,0.0,0.13352344930171967,0.0,0,0,1,0,0,0,1,1,1,1,0,0,False,0.26408735,0.19243567,0.5680631,0.065932296,0.18317072,9.979391688008654e-11,0.35608464,0.20657857,0.17608035,0.13771482,4.9,1.18017578125,32.2
3,0.11074820160865784,0.0,0.13352344930171967,0.0,0,0,1,0,0,0,1,1,1,1,0,0,False,0.19368325,0.13330346,0.40972513,0.0630511,0.13383001,8.981452456757743e-11,0.3562755,0.20805466,0.064240105,0.052510116,4.8,1.18017578125,32.2
4,0.12302693724632263,0.0,0.13352344930171967,0.0,0,0,1,0,0,0,1,1,1,1,0,0,False,0.1394539,0.11299162,0.32938167,0.033576973,0.08538316,8.083307148631925e-11,0.35763082,0.20636256,0.043886486,0.04792658,4.8,1.18017578125,32.2
5,0.1305234134197235,0.0,0.13352344930171967,0.0,0,0,0,0,0,0,1,1,1,1,0,0,False,0.14013997,0.11712964,0.3555149,0.035205454,0.086263895,7.274976246418597e-11,0.3583946,0.20547526,0.06934721,0.10139171,4.9,1.18017578125,32.2
6,0.1199488565325737,0.0,0.13352344930171967,0.0,0,0,1,0,0,0,1,1,1,1,0,0,False,0.08569559,0.047697574,0.1749142,0.027506268,0.07437386,6.547478809126872e-11,0.3577404,0.2058183,-0.014399583,0.036725428,4.8,1.18017578125,32.2
7,0.12090542167425156,0.0,0.13352344930171967,0.0,0,0,0,0,0,0,1,1,1,1,0,0,False,0.10030965,0.08954095,0.27663946,0.024195591,0.06092324,5.892730678414005e-11,0.35391274,0.20815554,-0.086073525,0.1352996,4.8,1.18017578125,32.2
8,0.1387166827917099,0.0,0.13352344930171967,0.0,0,0,1,0,0,0,1,1,1,1,0,0,False,0.15332529,0.10274333,0.29491046,0.034464613,0.111727506,5.303457673022649e-11,0.3583434,0.20522086,0.058616158,0.06312156,4.9,1.18017578125,32.2
9,0.11526240408420563,0.0,0.13352344930171967,0.0,0,0,1,0,0,0,1,1,1,1,0,0,False,0.21489334,0.1628974,0.46497288,0.04901116,0.13763186,4.773111905720384e-11,0.35527816,0.2088662,0.076303296,0.05782417,4.9,1.18017578125,32.2
10,0.14003831148147583,0.0,0.13352344930171967,0.0,0,0,1,0,0,0,1,1,1,1,0,0,False,0.28578445,0.2130078,0.70835036,0.08036348,0.2129789,4.295800590248256e-11,0.35835806,0.20542619,-0.046536017,0.105953015,4.8,1.18017578125,32.2
11,0.12156550586223602,0.0,0.13352344930171967,0.0,0,0,1,0,0,0,1,1,1,1,0,0,False,0.13345432,0.098695554,0.2833336,0.04260337,0.083689675,3.866220468773385e-11,0.35684174,0.20715268,-0.14452015,0.14808643,4.9,1.18017578125,32.2
12,0.1290355771780014,0.0,0.13352344930171967,0.0,0,0,0,0,0,0,1,1,1,1,0,0,False,0.23438133,0.15591827,0.4818069,0.06880747,0.17293999,3.479598484346092e-11,0.35754126,0.20639925,-0.07177789,0.09739661,5.0,1.18017578125,32.2
13,0.10018039494752884,0.0,0.13352344930171967,0.0,0,0,1,0,0,0,1,1,1,1,0,0,False,0.1743117,0.10235499,0.3517926,0.06864959,0.13555455,3.1316386983615274e-11,0.35649166,0.20766309,0.06998547,0.056962132,4.8,1.18017578125,32.2
14,0.11871875077486038,0.0,0.13352344930171967,0.0,0,0,1,0,0,0,1,1,1,1,0,0,False,0.10198727,0.10037902,0.27148294,0.010056358,0.058256842,2.818474828525375e-11,0.35730267,0.20667167,0.06843113,0.060747337,4.8,1.18017578125,32.2
15,0.11240684241056442,0.0,0.13352344930171967,0.0,0,0,0,0,0,0,1,1,1,1,0,0,False,0.14432772,0.11990304,0.3290773,0.020658918,0.09005865,2.5366273144478147e-11,0.35760614,0.20657933,0.08777591,0.070915155,4.9,1.18017578125,32.2
16,0.1316906064748764,0.0,0.13352344930171967,0.0,0,0,1,0,0,0,1,1,1,1,0,0,False,0.11062947,0.055972625,0.19496933,0.055518303,0.08593339,2.2829645986155445e-11,0.3561048,0.20864768,0.04844293,0.103148855,4.8,1.18017578125,32.2
17,0.12437856942415237,0.0,0.13352344930171967,0.0,0,0,0,0,0,0,1,1,1,1,0,0,False,0.3029452,0.2682497,0.76479393,0.02040987,0.22724922,2.0546681543665013e-11,0.35677195,0.20777886,0.045536596,0.056077752,4.8,1.18017578125,32.2
18,0.12672998011112213,0.0,0.13352344930171967,0.0,0,0,0,0,0,0,1,1,1,1,0,0,False,0.12848164,0.07276063,0.26940063,0.0496465,0.10595033,1.8492014169924077e-11,0.35699606,0.20662582,-0.015229582,0.014843254,4.9,1.18017578125,32.2
19,0.14617668092250824,0.0,0.13352344930171967,0.0,0,0,1,0,0,0,1,1,1,1,0,0,False,0.12070779,0.04685874,0.20935231,0.07132803,0.10394192,1.6642812128431217e-11,0.3564685,0.2074339,-0.21229589,0.20513283,4.9,1.18017578125,32.2
20,0.10617376118898392,0.0,0.13352344930171967,0.0,0,0,1,0,0,0,1,1,1,1,0,0,False,0.19915654,0.14553218,0.40337437,0.049924236,0.12721403,1.4978530915588097e-11,0.35680634,0.20742598,0.020858398,0.02966847,4.9,1.18017578125,32.2
21,0.13919849693775177,0.0,0.13352344930171967,0.0,0,0,1,0,0,0,1,1,1,1,0,0,False,0.14904031,0.06745603,0.28452003,0.0774269,0.12931192,1.348067751177906e-11,0.3552939,0.20812015,-0.0037313702,0.019390937,4.9,1.18017578125,32.2
22,0.11906561255455017,0.0,0.13352344930171967,0.0,0,0,1,0,0,0,1,1,1,1,0,0,False,0.07118138,0.04195141,0.14299601,0.030136297,0.04987619,1.2132609760601155e-11,0.35711104,0.20714402,-0.15187512,0.15338698,4.8,1.18017578125,32.2
23,0.11550188809633255,0.0,0.13352344930171967,0.0,0,0,0,0,0,0,1,1,1,1,0,0,False,0.21913815,0.15380758,0.47218826,0.056382123,0.15576756,1.0919349018728709e-11,0.3575484,0.20652156,0.013477579,0.027078003,7.3,1.18017578125,32.2
24,0.15298324823379517,0.0,0.13352344930171967,0.0,0,0,1,0,0,0,1,1,1,1,0,0,False,0.078768425,0.059348956,0.19054246,0.0051290896,0.07831243,9.827413882668168e-12,0.3565816,0.20771861,0.03251672,0.095012695,7.3,1.18017578125,32.2
25,0.13725347816944122,0.0,0.13352344930171967,0.0,0,0,1,0,0,0,1,1,1,1,0,0,False,0.15049006,0.066316895,0.29219976,0.08512554,0.13649553,8.844672650526465e-12,0.35735586,0.20707162,-0.21330042,0.22043876,4.9,1.18017578125,32.2
26,0.12174320966005325,0.0,0.13352344930171967,0.0,0,0,1,0,0,0,1,1,1,1,0,0,False,0.13461763,0.11552845,0.3093235,0.023840422,0.07624882,7.96020515128615e-12,0.35398853,0.2053144,-0.019407215,0.025585286,4.8,1.18017578125,32.2
27,0.12522616982460022,0.0,0.13352344930171967,0.0,0,0,0,0,0,0,1,1,1,1,0,0,False,0.13546939,0.10385617,0.31058097,0.035144027,0.08971462,7.1641848703452025e-12,0.3571263,0.2074599,-0.009992732,0.016976124,4.8,1.18017578125,32.2
28,0.13248823583126068,0.0,0.13352344930171967,0.0,0,0,0,0,0,0,1,1,1,1,0,0,False,0.15163274,0.060049605,0.24390554,0.06601281,0.14814058,6.4477665394357954e-12,0.3576032,0.20644423,0.11218422,0.08648154,4.8,1.18017578125,32.2
29,0.13761785626411438,0.0,0.13352344930171967,0.0,0,0,0,0,0,0,1,1,1,1,0,0,False,0.10905229,0.08484364,0.24691272,0.0031508375,0.107798144,5.802989729367103e-12,0.3582286,0.2048209,-0.031667095,0.023744652,4.8,1.18017578125,32.2
30,0.13054011762142181,0.0,0.13352344930171967,0.0,0,0,0,0,0,0,1,1,1,1,0,0,False,0.065915525,0.057737216,0.17294982,0.00056509493,0.05222176,5.2226906393365585e-12,0.35704595,0.20747833,-0.027801668,0.027916223,4.8,1.18017578125,32.2
31,0.11249994486570358,0.0,0.13352344930171967,0.0,0,0,1,0,0,0,1,1,1,1,0,0,False,0.056933224,0.05548842,0.17267421,0.016766082,0.02718103,4.700421692496737e-12,0.35751098,0.20668428,-0.012699388,0.013987925,4.9,1.18017578125,32.2
32,0.11300944536924362,0.0,0.13352344930171967,0.0,0,0,0,0,0,0,1,1,1,1,0,0,False,0.05766052,0.056229692,0.17394175,0.019703295,0.02523806,4.230379328090672e-12,0.3583611,0.20527169,0.024950402,0.05545749,4.8,1.18017578125,32.2
33,0.10206393897533417,0.0,0.13352344930171967,0.0,0,0,1,0,0,0,1,1,1,1,0,0,False,0.16623649,0.12075913,0.33928668,0.037723456,0.111497425,3.807341551406718e-12,0.35760656,0.20689237,-0.05450042,0.031145735,4.8,1.18017578125,32.2
34,0.1284511834383011,0.0,0.13352344930171967,0.0,0,0,1,0,0,0,1,1,1,1,0,0,False,0.16412829,0.12832975,0.35746464,0.03345123,0.10195962,3.426607435297324e-12,0.35784236,0.20602927,-0.09396436,0.064305365,4.9,1.18017578125,32.2
35,0.11527872085571289,0.0,0.13352344930171967,0.0,0,0,1,0,0,0,1,1,1,1,0,0,False,0.21699417,0.14958553,0.43687236,0.06924001,0.14782599,3.0839467698301484e-12,0.35577053,0.20855005,0.07449832,0.07418912,4.8,1.18017578125,32.2
36,0.11386200040578842,0.0,0.13352344930171967,0.0,0,0,0,0,0,0,1,1,1,1,0,0,False,0.17201257,0.11730042,0.37087265,0.055844486,0.12560716,2.775552053815855e-12,0.35710588,0.20728171,-0.031429347,0.040733207,4.8,1.18017578125,32.2
37,0.14767388999462128,0.0,0.13352344930171967,0.0,0,0,1,0,0,0,1,1,1,1,0,0,False,0.18446149,0.08710173,0.35972077,0.09562722,0.1545097,2.497996926496826e-12,0.35624325,0.20822625,0.034710903,0.06553047,4.9,1.18017578125,32.2
38,0.12458933889865875,0.0,0.13352344930171967,0.0,0,0,1,0,0,0,1,1,1,1,0,0,False,0.06577168,0.049905583,0.1644324,0.021685552,0.04499065,2.248197331425339e-12,0.356811,0.20694809,-0.0075133685,0.033264343,4.1,1.18017578125,32.2
39,0.12459038943052292,0.0,0.13352344930171967,0.0,0,0,0,0,0,0,1,1,1,1,0,0,False,0.11072445,0.060678788,0.22335398,0.052072745,0.08565377,2.023377559251527e-12,0.357086,0.20700178,0.12607197,0.099200614,4.7,1.18017578125,32.2
40,0.14417368173599243,0.0,0.13352344930171967,0.0,0,0,1,0,0,0,1,1,1,1,0,0,False,0.35326555,0.21944202,0.80182755,0.14591819,0.28212076,1.8210398033263743e-12,0.3583499,0.20548677,-0.052117866,0.06288365,4.8,1.18017578125,32.2
41,0.11886323243379593,0.0,0.13352344930171967,0.0,0,0,1,0,0,0,1,1,1,1,0,0,False,0.15878229,0.077941105,0.2606963,0.05593248,0.13785346,1.638935862025015e-12,0.35684404,0.20786361,-0.07728431,0.04161574,4.9,1.18017578125,32.2
42,0.15526850521564484,0.0,0.13352344930171967,0.0,0,0,1,0,0,0,1,1,1,1,0,0,False,0.2053401,0.075687885,0.36296558,0.12911138,0.19145635,1.4750422563068744e-12,0.35739425,0.20732789,-0.11450551,0.15310387,4.8,1.18017578125,32.2
43,0.11986895650625229,0.0,0.13352344930171967,0.0,0,0,1,0,0,0,1,1,1,1,0,0,False,0.17310852,0.114984915,0.394841,0.06963439,0.1279504,1.3275380794652846e-12,0.35734263,0.20645893,0.06846188,0.08453202,4.8,1.18017578125,32.2
44,0.12725812196731567,0.0,0.13352344930171967,0.0,0,0,0,0,0,0,1,1,1,1,0,0,False,0.11324405,0.10781568,0.26998407,0.0067885565,0.07285616,1.1947843105500345e-12,0.35733703,0.20661747,-0.14070772,0.15573277,4.9,1.18017578125,32.2
45,0.11252625286579132,0.0,0.13352344930171967,0.0,0,0,1,0,0,0,1,1,1,1,0,0,False,0.118728645,0.071384065,0.23015757,0.04349005,0.08870789,1.0753058599793919e-12,0.35239875,0.20949313,0.004509159,0.017583989,4.8,1.18017578125,32.2
46,0.11806049197912216,0.0,0.13352344930171967,0.0,0,0,0,0,0,0,1,1,1,1,0,0,False,0.14466183,0.12465446,0.35406533,0.005958772,0.12283781,9.677752739814527e-13,0.35688975,0.20733544,-0.14182387,0.18931812,4.8,1.18017578125,32.2
47,0.13096833229064941,0.0,0.13352344930171967,0.0,0,0,1,0,0,0,1,1,1,1,0,0,False,0.1152759,0.098415434,0.28986853,0.009067111,0.1006597,8.709977075520293e-13,0.35599712,0.20862074,0.06415137,0.061994225,5.0,1.18017578125,32.2
48,0.11656881123781204,0.0,0.13352344930171967,0.0,0,0,1,0,0,0,1,1,1,1,0,0,False,0.08011749,0.07448453,0.1954301,0.01132087,0.04660601,7.838979465546459e-13,0.35542023,0.20699883,-0.038204197,0.024608301,4.8,1.18017578125,32.2
49,0.10030093044042587,0.0,0.13352344930171967,0.0,0,0,1,0,0,0,1,1,1,1,0,0,False,0.20077682,0.1353263,0.39697832,0.057250127,0.13718227,7.055081616570008e-13,0.3569875,0.20722973,0.040124837,0.04413961,4.9,1.18017578125,32.2
0,0.10064229369163513,0.0,0.13352344930171967,0.0,0,0,0,0,0,0,1,1,1,1,0,0,False,0.21968126,0.13274173,0.42091686,0.08673354,0.16930361,6.349573210967519e-13,0.35811302,0.20585307,0.02001097,0.028524937,3.2,1.18017578125,32.2
1,0.1262820065021515,0.0,0.13352344930171967,0.0,0,0,1,0,0,0,1,1,1,1,0,0,False,0.12080125,0.08380038,0.24021615,0.039777897,0.07794076,5.714615792292571e-13,0.35733795,0.20685382,0.010509778,0.038455106,4.8,1.18017578125,32.2
2,0.15711422264575958,0.0,0.13352344930171967,0.0,0,0,1,0,0,0,1,1,1,1,0,0,False,0.10958604,0.07637255,0.24646434,0.020105295,0.11903099,5.143154457008803e-13,0.35744983,0.2063885,0.08775116,0.06213668,4.9,1.18017578125,32.2
3,0.11915557831525803,0.0,0.13352344930171967,0.0,0,0,1,0,0,0,1,1,1,1,0,0,False,0.12514555,0.07051523,0.2607977,0.052650433,0.09377022,4.628838816151531e-13,0.35629553,0.20692709,0.060227755,0.05127749,4.7,1.18017578125,32.2
4,0.13147278130054474,0.0,0.13352344930171967,0.0,0,0,1,0,0,0,1,1,1,1,0,0,False,0.16818929,0.11557148,0.38231725,0.057167303,0.11805634,4.1659546905908895e-13,0.35699463,0.20709553,0.06425265,0.11416476,4.8,1.18017578125,32.2
5,0.13741746544837952,0.0,0.13352344930171967,0.0,0,0,0,0,0,0,1,1,1,1,0,0,False,0.1267793,0.08773257,0.30243587,0.052484684,0.0916764,3.7493592215318006e-13,0.3583743,0.2052275,0.0073970854,0.05251989,4.9,1.18017578125,32.2
6,0.10831884294748306,0.0,0.13352344930171967,0.0,0,0,1,0,0,0,1,1,1,1,0,0,False,0.27505174,0.15829815,0.519719,0.09949103,0.22184412,3.3744232993786204e-13,0.35580295,0.20833392,-0.06482229,0.051193103,4.8,1.18017578125,32.2
7,0.12273301929235458,0.0,0.13352344930171967,0.0,0,0,1,0,0,0,1,1,1,1,0,0,False,0.16066395,0.11699571,0.32884988,0.041629087,0.10997468,3.036981067018954e-13,0.35810992,0.20582053,-0.022270868,0.050629463,4.9,1.18017578125,32.2
8,0.1250884085893631,0.0,0.13352344930171967,0.0,0,0,0,0,0,0,1,1,1,1,0,0,False,0.19622678,0.15720764,0.42002937,0.036070008,0.12012893,2.7332828383443144e-13,0.35581106,0.2086699,-0.14284275,0.13357268,4.9,1.18017578125,32.2
9,0.13363757729530334,0.0,0.13352344930171967,0.0,0,0,0,0,0,0,1,1,1,1,0,0,False,0.1507967,0.1302166,0.377171,0.033099193,0.08647434,2.4599546032989804e-13,0.35677725,0.20789544,-0.10548637,0.09884011,4.8,1.18017578125,32.2
10,0.13056622445583344,0.0,0.13352344930171967,0.0,0,0,0,0,0,0,1,1,1,1,0,0,False,0.08543687,0.090934426,0.24655595,0.0032790685,0.04108609,2.213959240547278e-13,0.35646278,0.20767662,-0.0046856403,0.032054517,4.9,1.18017578125,32.2
11,0.14172036945819855,0.0,0.13352344930171967,0.0,0,0,1,0,0,0,1,1,1,1,0,0,False,0.1351912,0.054754782,0.24896042,0.08541326,0.12461831,1.9925633408870991e-13,0.3581239,0.20580554,-0.13564414,0.16420358,4.8,1.18017578125,32.2
12,0.1166359931230545,0.0,0.13352344930171967,0.0,0,0,1,0,0,0,1,1,1,1,0,0,False,0.073281474,0.061194576,0.20109944,0.020758452,0.04384279,1.7933069580092915e-13,0.35583273,0.20755365,-0.0072406526,0.006626693,4.8,1.18017578125,32.2
13,0.13327603042125702,0.0,0.13352344930171967,0.0,0,0,1,0,0,0,1,1,1,1,0,0,False,0.24598952,0.17462501,0.55743194,0.07616571,0.17128785,1.6139762866029111e-13,0.35833088,0.2053009,-0.013844964,0.009669014,4.9,1.18017578125,32.2
14,0.10823505371809006,0.0,0.13352344930171967,0.0,0,0,1,0,0,0,1,1,1,1,0,0,False,0.18866377,0.12870194,0.38168758,0.05530126,0.1382919,1.4525786579426202e-13,0.35661978,0.2080513,0.12935698,0.09984025,4.9,1.18017578125,32.2
15,0.1439216285943985,0.0,0.13352344930171967,0.0,0,0,1,0,0,0,1,1,1,1,0,0,False,0.13442327,0.109684505,0.32269526,0.023728948,0.09888632,1.3073208287401813e-13,0.35703674,0.20709649,-0.16191815,0.18172115,4.8,1.18017578125,32.2
16,0.1416841447353363,0.0,0.13352344930171967,0.0,0,0,0,0,0,0,1,1,1,1,0,0,False,0.16724265,0.08294273,0.3440626,0.082851194,0.14400329,1.1765887336688888e-13,0.35708016,0.20686898,-0.036982328,0.17272061,4.9,1.18017578125,32.2
17,0.1089525818824768,0.0,0.13352344930171967,0.0,0,0,1,0,0,0,1,1,1,1,0,0,False,0.22578306,0.15666369,0.47439286,0.06806129,0.16083562,1.0589297993156277e-13,0.3584072,0.20552962,0.0013019802,0.04587443,4.8,1.18017578125,32.2
18,0.1286226063966751,0.0,0.13352344930171967,0.0,0,0,1,0,0,0,1,1,1,1,0,0,False,0.08701693,0.06845258,0.23107389,0.03263654,0.058983658,9.530368437786138e-14,0.35599634,0.20803797,-0.05508739,0.047659498,4.8,1.18017578125,32.2
19,0.15280789136886597,0.0,0.13352344930171967,0.0,0,0,1,0,0,0,1,1,1,1,0,0,False,0.19696534,0.11623211,0.4453323,0.08474552,0.1633551,8.577331350062036e-14,0.35631764,0.20821905,0.006392261,0.008249749,4.9,1.18017578125,32.2
20,0.13547177612781525,0.0,0.13352344930171967,0.0,0,0,1,0,0,0,1,1,1,1,0,0,False,0.15156078,0.08122849,0.32133785,0.06559228,0.13550183,7.719598276042205e-14,0.3562687,0.20760474,0.08640366,0.06898245,4.8,1.18017578125,32.2
21,0.1334444284439087,0.0,0.13352344930171967,0.0,0,0,0,0,0,0,1,1,1,1,0,0,False,0.10308952,0.041435983,0.17319506,0.063472874,0.08686019,6.947638265478867e-14,0.35813147,0.20595458,0.08752236,0.065830626,4.9,1.18017578125,32.2
22,0.12374767661094666,0.0,0.13352344930171967,0.0,0,0,0,0,0,0,1,1,1,1,0,0,False,0.12950604,0.051087532,0.20067292,0.049849547,0.1321624,6.252874194985491e-14,0.35802323,0.20568009,-0.17902613,0.16442959,4.9,1.18017578125,32.2
23,0.10655836015939713,0.0,0.13352344930171967,0.0,0,0,1,0,0,0,1,1,1,1,0,0,False,0.1774178,0.13208266,0.3589785,0.03827271,0.11585634,5.6275870194324316e-14,0.35401493,0.20666313,0.09096535,0.07681178,4.8,1.18017578125,32.2
24,0.12461154162883759,0.0,0.13352344930171967,0.0,0,0,1,0,0,0,1,1,1,1,0,0,False,0.10808302,0.11346352,0.314302,0.008386011,0.05665417,5.064828256502816e-14,0.35840574,0.20549834,0.038267937,0.038979072,4.8,1.18017578125,32.2
25,0.1236349493265152,0.0,0.13352344930171967,0.0,0,0,0,0,0,0,1,1,1,1,0,0,False,0.26496577,0.17416604,0.53041947,0.09627901,0.1880697,4.5583452783866037e-14,0.35601145,0.20785744,-0.09457105,0.0977088,4.7,1.18017578125,32.2
26,0.12436903268098831,0.0,0.13352344930171967,0.0,0,0,0,0,0,0,1,1,1,1,0,0,False,0.17600031,0.11527782,0.34871635,0.050479446,0.12758163,4.102510872520688e-14,0.35790652,0.20629434,0.055724114,0.060420718,4.8,1.18017578125,32.2
27,0.1287558674812317,0.0,0.13352344930171967,0.0,0,0,0,0,0,0,1,1,1,1,0,0,False,0.19647808,0.11801797,0.36496758,0.07316609,0.15430212,3.692259815761805e-14,0.35776472,0.20608151,-0.085988246,0.14839642,4.7,1.18017578125,32.2
28,0.1276971846818924,0.0,0.13352344930171967,0.0,0,0,0,0,0,0,1,1,1,1,0,0,False,0.10954449,0.061364572,0.22513002,0.045454483,0.08346234,3.3230339866515555e-14,0.3565948,0.2082338,-0.027169658,0.01682535,4.8,1.18017578125,32.2
29,0.13346606492996216,0.0,0.13352344930171967,0.0,0,0,0,0,0,0,1,1,1,1,0,0,False,0.22331375,0.09238652,0.40597844,0.12459017,0.20925227,2.9907305270000274e-14,0.35499686,0.20849168,-0.035777144,0.020214157,4.7,1.18017578125,32.2
30,0.1528175324201584,0.0,0.13352344930171967,0.0,0,0,1,0,0,0,1,1,1,1,0,0,False,0.2206369,0.10105244,0.42911795,0.12834963,0.19833839,2.6916573218340942e-14,0.355829,0.20882568,-0.024684837,0.036007006,4.8,1.18017578125,32.2
31,0.13685373961925507,0.0,0.13352344930171967,0.0,0,0,1,0,0,0,1,1,1,1,0,0,False,0.31181058,0.14338428,0.595303,0.16165605,0.28490168,2.4224915286643126e-14,0.35757455,0.20678875,-0.013978398,0.030316085,4.7,1.18017578125,32.2
32,0.11202386766672134,0.0,0.13352344930171967,0.0,0,0,1,0,0,0,1,1,1,1,0,0,False,0.07816752,0.07415776,0.2267456,0.015974855,0.042896226,2.1802423757978814e-14,0.35733896,0.2072815,-0.013674307,0.05412051,4.8,1.18017578125,32.2
33,0.11689195781946182,0.0,0.13352344930171967,0.0,0,0,0,0,0,0,1,1,1,1,0,0,False,0.07355557,0.07031896,0.21171363,0.018551946,0.033937283,1.962218077231721e-14,0.35608518,0.20816414,-0.022983579,0.031995505,4.9,1.18017578125,32.2
34,0.11002597957849503,0.0,0.13352344930171967,0.0,0,0,0,0,0,0,1,1,1,1,0,0,False,0.10910186,0.07683135,0.22336282,0.037016053,0.07163086,1.765996254261956e-14,0.35757896,0.20633325,-0.01424558,0.036584333,4.8,1.18017578125,32.2
35,0.13033117353916168,0.0,0.13352344930171967,0.0,0,0,1,0,0,0,1,1,1,1,0,0,False,0.15562156,0.05391212,0.25405645,0.0892214,0.14280957,1.5893966440823534e-14,0.3555309,0.20820916,0.06826397,0.07138822,4.8,1.18017578125,32.2
36,0.12145853787660599,0.0,0.13352344930171967,0.0,0,0,0,0,0,0,1,1,1,1,0,0,False,0.19798565,0.072921984,0.30042848,0.0870391,0.18862334,1.4304570101673042e-14,0.3578863,0.20646374,-0.007788945,0.038787704,5.3,1.18017578125,32.2
37,0.11914408951997757,0.0,0.13352344930171967,0.0,0,0,0,0,0,0,1,1,1,1,0,0,False,0.16209196,0.13467799,0.3921805,0.032596875,0.10640552,1.2874113396437598e-14,0.3560222,0.2084016,0.04263489,0.08728826,4.8,1.18017578125,32.2
38,0.11328952014446259,0.0,0.13352344930171967,0.0,0,0,0,0,0,0,1,1,1,1,0,0,False,0.09431815,0.06673311,0.2289554,0.03994135,0.06418384,1.1586701751861977e-14,0.355514,0.20876455,-0.10678839,0.14942546,4.8,1.18017578125,32.2
39,0.11931294202804565,0.0,0.13352344930171967,0.0,0,0,0,0,0,0,1,1,1,1,0,0,False,0.13892804,0.09647604,0.2984847,0.04159942,0.09849815,1.042803157667578e-14,0.35721582,0.20632625,-0.031757846,0.023751168,4.8,1.18017578125,32.2
40,0.12837761640548706,0.0,0.13352344930171967,0.0,0,0,0,0,0,0,1,1,1,1,0,0,False,0.19216605,0.13220868,0.42953086,0.0621654,0.1311292,9.385228647707098e-15,0.35547668,0.20824103,0.023430927,0.05681144,4.8,1.18017578125,32.2
41,0.12220921367406845,0.0,0.13352344930171967,0.0,0,0,0,0,0,0,1,1,1,1,0,0,False,0.20969123,0.12820745,0.42100245,0.0615286,0.168252,8.446705554237492e-15,0.35831055,0.20461614,-0.14222504,0.13263826,4.7,1.18017578125,32.2
42,0.11179260164499283,0.0,0.13352344930171967,0.0,0,0,1,0,0,0,1,1,1,1,0,0,False,0.08951083,0.0675821,0.2222011,0.029794946,0.06275272,7.602035151279673e-15,0.3558173,0.20809765,-0.018640833,0.017794395,4.7,1.18017578125,32.2
43,0.14757928252220154,0.0,0.13352344930171967,0.0,0,0,1,0,0,0,1,1,1,1,0,0,False,0.21507394,0.17116871,0.50646514,0.023275243,0.17015937,6.841831636151706e-15,0.3552285,0.20874734,0.063537516,0.047885012,5.2,1.18017578125,32.2
44,0.13603246212005615,0.0,0.13352344930171967,0.0,0,0,1,0,0,0,1,1,1,1,0,0,False,0.20267229,0.10837838,0.42327255,0.090990536,0.17109758,6.15764839630357e-15,0.35670468,0.20733717,-0.014465683,0.038980804,5.2,1.18017578125,32.2
45,0.12102824449539185,0.0,0.13352344930171967,0.0,0,0,1,0,0,0,1,1,1,1,0,0,False,0.12885526,0.07747847,0.24184099,0.047510773,0.09444109,5.541883480440248e-15,0.35494897,0.20963411,0.065993,0.06141681,4.8,1.18017578125,32.2
46,0.12961003184318542,0.0,0.13352344930171967,0.0,0,0,0,0,0,0,1,1,1,1,0,0,False,0.14451852,0.07790323,0.3078664,0.06450182,0.120866254,4.9876949799302926e-15,0.3581365,0.20588315,-0.008685609,0.011456773,4.7,1.18017578125,32.2
47,0.1103828027844429,0.0,0.13352344930171967,0.0,0,0,1,0,0,0,1,1,1,1,0,0,False,0.07961858,0.05042982,0.17790955,0.028473688,0.07408687,4.488925558170229e-15,0.35676795,0.20754978,-0.11305823,0.1022664,4.7,1.18017578125,32.2
48,0.12285532802343369,0.0,0.13352344930171967,0.0,0,0,1,0,0,0,1,1,1,1,0,0,False,0.28363767,0.20691422,0.6199541,0.078569345,0.19310877,4.040033078586171e-15,0.35658434,0.2082804,0.10334172,0.10410754,4.7,1.18017578125,32.2
49,0.13057707250118256,0.0,0.13352344930171967,0.0,0,0,0,0,0,0,1,1,1,1,0,0,False,0.16860028,0.10526083,0.35475475,0.062702864,0.12670587,3.636029618261624e-15,0.35786587,0.20598468,0.025642218,0.14505734,4.7,1.18017578125,32.2
0,0.11032272130250931,0.0,0.13352344930171967,0.0,0,0,1,0,0,0,1,1,1,1,0,0,False,0.25253227,0.17831117,0.501771,0.06799394,0.1710594,3.2724265802024955e-15,0.3570428,0.20699699,0.054312453,0.060696974,3.1,1.18017578125,32.2
1,0.12220447510480881,0.0,0.13352344930171967,0.0,0,0,1,0,0,0,1,1,1,1,0,0,False,0.11634181,0.05446174,0.19125606,0.04950848,0.09897506,2.9451839984152115e-15,0.35580942,0.20858712,-0.031652275,0.019414216,4.9,1.18017578125,32.2
2,0.1325215846300125,0.0,0.13352344930171967,0.0,0,0,1,0,0,0,1,1,1,1,0,0,False,0.16526674,0.12294425,0.36302775,0.050459094,0.10893753,2.6506655604572078e-15,0.35471803,0.20752208,0.01721287,0.0700809,5.3,1.18017578125,32.2
3,0.12277200073003769,0.0,0.13352344930171967,0.0,0,0,0,0,0,0,1,1,1,1,0,0,False,0.16162036,0.13795125,0.3832935,0.01847618,0.12361422,2.385598966295004e-15,0.35590547,0.20815146,-0.02078237,0.027421674,8.6,1.18017578125,32.2
4,0.15894390642642975,0.0,0.13352344930171967,0.0,0,0,1,0,0,0,1,1,1,1,0,0,False,0.35774532,0.24564111,0.83756906,0.11107495,0.2750736,2.1470391458984692e-15,0.35657257,0.20787492,-0.03956675,0.14629962,7.4,1.18017578125,32.2
5,0.11806277930736542,0.0,0.13352344930171967,0.0,0,0,1,0,0,0,1,1,1,1,0,0,False,0.1095793,0.04734807,0.16697647,0.03932323,0.11712653,1.932335288483346e-15,0.35677356,0.20702603,0.087530516,0.076826125,4.8,1.18017578125,32.2
6,0.1590140461921692,0.0,0.13352344930171967,0.0,0,0,1,0,0,0,1,1,1,1,0,0,False,0.2689178,0.11711197,0.5157533,0.15491012,0.2480359,1.7391016834020462e-15,0.35708684,0.20712224,-0.0016145762,0.07745967,4.9,1.18017578125,32.2
7,0.11458160728216171,0.0,0.13352344930171967,0.0,0,0,1,0,0,0,1,1,1,1,0,0,False,0.11620119,0.08687747,0.26265296,0.03776989,0.07035842,1.5651915150618416e-15,0.35753447,0.20649049,-0.029889971,0.036718067,4.8,1.18017578125,32.2
8,0.10084892064332962,0.0,0.13352344930171967,0.0,0,0,1,0,0,0,1,1,1,1,0,0,False,0.15402643,0.06613391,0.22879729,0.06302325,0.16090882,1.408672373084778e-15,0.3583272,0.20517008,-0.1997741,0.17479132,4.9,1.18017578125,32.2
9,0.13090172410011292,0.0,0.13352344930171967,0.0,0,0,1,0,0,0,1,1,1,1,0,0,False,0.07693852,0.04863846,0.14719564,0.021365166,0.067535006,1.2678050976598176e-15,0.35730183,0.20693216,-0.05153847,0.086305864,4.8,1.18017578125,32.2
10,0.10071132332086563,0.0,0.13352344930171967,0.0,0,0,1,0,0,0,1,1,1,1,0,0,False,0.12177635,0.092731655,0.2558597,0.024690118,0.09154478,1.1410246260103185e-15,0.35623327,0.20701936,0.03799727,0.032851305,4.8,1.18017578125,32.2
11,0.10928310453891754,0.0,0.13352344930171967,0.0,0,0,0,0,0,0,1,1,1,1,0,0,False,0.16553384,0.06255697,0.2438575,0.06391994,0.16977376,1.0269221729384074e-15,0.35782918,0.20597383,-0.18165971,0.16528001,4.8,1.18017578125,32.2
12,0.12771835923194885,0.0,0.13352344930171967,0.0,0,0,1,0,0,0,1,1,1,1,0,0,False,0.08407163,0.03411406,0.14945363,0.045675322,0.07631624,9.242299842319286e-16,0.35630733,0.20839658,-0.011632032,0.039746393,4.8,1.18017578125,32.2
13,0.10811254382133484,0.0,0.13352344930171967,0.0,0,0,1,0,0,0,1,1,1,1,0,0,False,0.13691284,0.08752459,0.28053796,0.052880753,0.10121046,8.318069476922531e-16,0.35554,0.20735626,0.052864153,0.041265782,5.0,1.18017578125,32.2
14,0.13797065615653992,0.0,0.13352344930171967,0.0,0,0,1,0,0,0,1,1,1,1,0,0,False,0.2058524,0.14368875,0.47844777,0.05551443,0.16630599,7.486262529230277e-16,0.3571108,0.20694509,-0.020828987,0.013749787,4.9,1.18017578125,32.2
15,0.12455639243125916,0.0,0.13352344930171967,0.0,0,0,1,0,0,0,1,1,1,1,0,0,False,0.13638876,0.10768019,0.33143136,0.039637014,0.088725075,6.737636228661646e-16,0.357338,0.20688567,-0.00094643683,0.04893735,4.9,1.18017578125,32.2
16,0.12347976863384247,0.0,0.13352344930171967,0.0,0,0,0,0,0,0,1,1,1,1,0,0,False,0.09206352,0.091966026,0.25516963,0.0048054336,0.05576158,6.063872605795482e-16,0.35759163,0.20688531,0.08216263,0.07125917,4.8,1.18017578125,32.2
17,0.12007300555706024,0.0,0.13352344930171967,0.0,0,0,0,0,0,0,1,1,1,1,0,0,False,0.116419084,0.09100397,0.29136428,0.029266303,0.080163315,5.45748558344395e-16,0.35779616,0.20576891,-0.07136691,0.114053965,4.9,1.18017578125,32.2
18,0.13923987746238708,0.0,0.13352344930171967,0.0,0,0,1,0,0,0,1,1,1,1,0,0,False,0.19117343,0.0785701,0.35811743,0.118536584,0.17139539,4.911737120390761e-16,0.35840815,0.20541374,-0.075347774,0.15600328,4.8,1.18017578125,32.2
19,0.17100860178470612,0.0,0.13352344930171967,0.0,0,0,1,0,0,0,1,1,1,1,0,0,False,0.38272107,0.15811498,0.70416087,0.22702213,0.35809723,4.4205633607060825e-16,0.35485497,0.20614901,0.016647732,0.056105122,4.8,1.18017578125,32.2
20,0.11262992769479752,0.0,0.13352344930171967,0.0,0,0,1,0,0,0,1,1,1,1,0,0,False,0.12260035,0.075554624,0.24550971,0.046188284,0.089308456,3.978506976989871e-16,0.35724106,0.20715502,0.032806903,0.061743304,4.7,1.18017578125,32.2
21,0.12175501883029938,0.0,0.13352344930171967,0.0,0,0,0,0,0,0,1,1,1,1,0,0,False,0.21331632,0.15639682,0.4448659,0.061058544,0.14103647,3.580656183999677e-16,0.35599047,0.20679966,0.00780726,0.04665798,4.7,1.18017578125,32.2
22,0.11546655744314194,0.0,0.13352344930171967,0.0,0,0,0,0,0,0,1,1,1,1,0,0,False,0.15908979,0.07645161,0.3122811,0.081180364,0.140927,3.222590660890916e-16,0.35694426,0.20737168,-0.114459,0.15188189,4.8,1.18017578125,32.2
23,0.10457140952348709,0.0,0.13352344930171967,0.0,0,0,1,0,0,0,1,1,1,1,0,0,False,0.3211218,0.21872333,0.66608965,0.093746886,0.22642566,2.9003315233334197e-16,0.35784584,0.20636967,-0.05878569,0.050602954,4.8,1.18017578125,32.2
24,0.1589449942111969,0.0,0.13352344930171967,0.0,0,0,1,0,0,0,1,1,1,1,0,0,False,0.17091757,0.111679845,0.39657667,0.055345777,0.15297896,2.6102984424684827e-16,0.35498136,0.20809463,-0.04846463,0.0478677,4.7,1.18017578125,32.2
25,0.13122403621673584,0.0,0.13352344930171967,0.0,0,0,1,0,0,0,1,1,1,1,0,0,False,0.16428652,0.10473926,0.36115268,0.06521309,0.11380085,2.349268669690039e-16,0.35807842,0.20562299,-0.0106736915,0.04551019,4.8,1.18017578125,32.2
26,0.13003697991371155,0.0,0.13352344930171967,0.0,0,0,0,0,0,0,1,1,1,1,0,0,False,0.18556933,0.06175433,0.2773508,0.09635873,0.16914092,2.1143417788982336e-16,0.35289842,0.2082243,-0.1560137,0.16220255,4.9,1.18017578125,32.2
27,0.11450082808732986,0.0,0.13352344930171967,0.0,0,0,1,0,0,0,1,1,1,1,0,0,False,0.074997805,0.071945205,0.21863903,0.0212589,0.034778796,1.9029076248312118e-16,0.35833448,0.20548864,-0.14719082,0.16506283,4.8,1.18017578125,32.2
28,0.11450255662202835,0.0,0.13352344930171967,0.0,0,0,0,0,0,0,1,1,1,1,0,0,False,0.0824974,0.08261202,0.2306746,0.007094618,0.039070755,1.7126169219050947e-16,0.35728973,0.20689686,0.14196023,0.11957415,4.7,1.18017578125,32.2
29,0.11815354228019714,0.0,0.13352344930171967,0.0,0,0,0,0,0,0,1,1,1,1,0,0,False,0.14971952,0.12768248,0.34443024,0.021464193,0.08740686,1.5413552773601887e-16,0.3563332,0.20873876,0.011282422,0.021013707,4.9,1.18017578125,32.2
30,0.1485980749130249,0.0,0.13352344930171967,0.0,0,0,1,0,0,0,1,1,1,1,0,0,False,0.17551148,0.08037393,0.34795815,0.096560106,0.14861596,1.387219725801368e-16,0.35762906,0.20674792,-0.05863371,0.032200277,4.7,1.18017578125,32.2
31,0.11065643280744553,0.0,0.13352344930171967,0.0,0,0,1,0,0,0,1,1,1,1,0,0,False,0.20547672,0.13812351,0.4226789,0.06252509,0.15202577,1.248497765132632e-16,0.3560812,0.20847149,0.06613152,0.0927631,6.6,1.18017578125,32.2
32,0.16127341985702515,0.0,0.13352344930171967,0.0,0,0,1,0,0,0,1,1,1,1,0,0,False,0.32051548,0.19800226,0.71681625,0.11165411,0.26619527,1.1236479409737657e-16,0.35830587,0.20521125,0.06310877,0.07832035,5.9,1.18017578125,32.2
33,0.11421327292919159,0.0,0.13352344930171967,0.0,0,0,1,0,0,0,1,1,1,1,0,0,False,0.18420453,0.12180097,0.36268866,0.06552573,0.13556537,1.0112831706991907e-16,0.35644445,0.20784827,0.041514643,0.085735,4.8,1.18017578125,32.2
34,0.11411843448877335,0.0,0.13352344930171967,0.0,0,0,0,0,0,0,1,1,1,1,0,0,False,0.121596575,0.045363855,0.18512198,0.05135805,0.12224297,9.101548417178707e-17,0.3575891,0.20628321,-0.026609378,0.015896032,4.8,1.18017578125,32.2
35,0.12702037394046783,0.0,0.13352344930171967,0.0,0,0,1,0,0,0,1,1,1,1,0,0,False,0.25727144,0.15066671,0.5402959,0.11413102,0.20222281,8.191393515903833e-17,0.3578034,0.20598619,0.004642791,0.03116143,4.7,1.18017578125,32.2
36,0.12512588500976562,0.0,0.13352344930171967,0.0,0,0,0,0,0,0,1,1,1,1,0,0,False,0.23479146,0.17443284,0.5122029,0.060683556,0.1574271,7.372254223870453e-17,0.35781735,0.20576513,-0.022184774,0.023489602,4.7,1.18017578125,32.2
37,0.1136525347828865,0.0,0.13352344930171967,0.0,0,0,1,0,0,0,1,1,1,1,0,0,False,0.1663925,0.14964779,0.37133577,0.011850886,0.10485944,6.635029039711425e-17,0.3578852,0.20612621,-0.07832482,0.04298104,4.3,1.18017578125,32.2
38,0.1509321928024292,0.0,0.13352344930171967,0.0,0,0,1,0,0,0,1,1,1,1,0,0,False,0.22734332,0.1058347,0.44487214,0.11357461,0.19792114,5.971525897512266e-17,0.358154,0.2060123,-0.02141293,0.03404255,4.4,1.18017578125,32.2
39,0.12134116142988205,0.0,0.13352344930171967,0.0,0,0,1,0,0,0,1,1,1,1,0,0,False,0.20062196,0.1434305,0.41174594,0.050753392,0.14158802,5.3743734268750474e-17,0.35727525,0.20687285,-0.06355524,0.111586995,4.7,1.18017578125,32.2
40,0.11643585562705994,0.0,0.13352344930171967,0.0,0,0,0,0,0,0,1,1,1,1,0,0,False,0.08566324,0.08939998,0.2521494,0.0016788793,0.047691625,4.836936084187543e-17,0.35674685,0.2074923,-0.15937889,0.16117087,4.7,1.18017578125,32.2
41,0.12172531336545944,0.0,0.13352344930171967,0.0,0,0,0,0,0,0,1,1,1,1,0,0,False,0.11050949,0.08108409,0.21961324,0.015777884,0.083600566,4.3532423864332825e-17,0.35729298,0.20674896,0.064364575,0.09942797,4.7,1.18017578125,32.2
42,0.12507028877735138,0.0,0.13352344930171967,0.0,0,0,0,0,0,0,1,1,1,1,0,0,False,0.120497346,0.11356125,0.30558446,0.006069119,0.071643725,3.9179182073469585e-17,0.3555954,0.20806496,0.017847953,0.054757316,4.7,1.18017578125,32.2
43,0.15932980179786682,0.0,0.13352344930171967,0.0,0,0,1,0,0,0,1,1,1,1,0,0,False,0.30234355,0.1642644,0.64753366,0.1352409,0.25338322,3.5261263270552583e-17,0.35726255,0.20691662,0.052969884,0.04171299,4.8,1.18017578125,32.2
44,0.11836552619934082,0.0,0.13352344930171967,0.0,0,0,1,0,0,0,1,1,1,1,0,0,False,0.19039333,0.14263946,0.4008444,0.050020386,0.1268719,3.173513724128235e-17,0.35502595,0.2072957,-0.029815162,0.13935491,4.7,1.18017578125,32.2
45,0.14177483320236206,0.0,0.13352344930171967,0.0,0,0,1,0,0,0,1,1,1,1,0,0,False,0.2985991,0.1540883,0.612222,0.15236516,0.25694537,2.8561624410509174e-17,0.35835442,0.20536785,0.0014504557,0.030229269,5.0,1.18017578125,32.2
46,0.11625389009714127,0.0,0.13352344930171967,0.0,0,0,1,0,0,0,1,1,1,1,0,0,False,0.16122012,0.12667479,0.3603239,0.028820124,0.10322814,2.5705461076103194e-17,0.356525,0.2074112,0.10164083,0.086096294,4.8,1.18017578125,32.2
47,0.13292574882507324,0.0,0.13352344930171967,0.0,0,0,1,0,0,0,1,1,1,1,0,0,False,0.18312271,0.13224244,0.42672586,0.04390051,0.14923632,2.3134915266277896e-17,0.35680276,0.20760325,-0.15428892,0.16654295,4.7,1.18017578125,32.2
48,0.12748746573925018,0.0,0.13352344930171967,0.0,0,0,0,0,0,0,1,1,1,1,0,0,False,0.1759004,0.07028257,0.30993474,0.09406943,0.16013363,2.0821423441865086e-17,0.3575856,0.20662794,-0.0029905085,0.02534703,4.7,1.18017578125,32.2
49,0.13136157393455505,0.0,0.13352344930171967,0.0,0,0,0,0,0,0,1,1,1,1,0,0,False,0.11886769,0.08142511,0.26336607,0.032305848,0.09467251,1.8739280799893557e-17,0.35809317,0.20574264,0.028003028,0.0407491,4.8,1.18017578125,32.2
0,0.1519850492477417,0.0,0.13352344930171967,0.0,0,0,1,0,0,0,1,1,1,1,0,0,False,0.15894428,0.057096172,0.27677855,0.108040474,0.1435315,1.686535242211918e-17,0.35829058,0.20521352,0.010510302,0.04848884,3.2,1.18017578125,32.2
1,0.10816040635108948,0.0,0.13352344930171967,0.0,0,0,1,0,0,0,1,1,1,1,0,0,False,0.20934461,0.12532404,0.40976557,0.07108704,0.1660251,1.517881717990726e-17,0.35763896,0.2067388,0.098929495,0.07825961,4.8,1.18017578125,32.2
2,0.13612376153469086,0.0,0.13352344930171967,0.0,0,0,1,0,0,0,1,1,1,1,0,0,False,0.23718446,0.1801633,0.5843058,0.059182283,0.17601769,1.3660935461916535e-17,0.35836595,0.20531633,-0.20929714,0.20215218,4.8,1.18017578125,32.2
3,0.11754342168569565,0.0,0.13352344930171967,0.0,0,0,1,0,0,0,1,1,1,1,0,0,False,0.29740092,0.20703545,0.6376876,0.092886984,0.2120844,1.2294842213509903e-17,0.35507366,0.20746124,-0.0070384867,0.032423135,4.7,1.18017578125,32.2
4,0.10816632211208344,0.0,0.13352344930171967,0.0,0,0,0,0,0,0,1,1,1,1,0,0,False,0.08721391,0.06076433,0.20941578,0.040066343,0.05645612,1.1065357843266402e-17,0.35708272,0.20734975,-0.1707723,0.16325554,4.8,1.18017578125,32.2
5,0.12376195192337036,0.0,0.13352344930171967,0.0,0,0,1,0,0,0,1,1,1,1,0,0,False,0.17056,0.12265735,0.3698408,0.05433,0.11808634,9.958822207832272e-18,0.3557311,0.20849237,-0.18135668,0.18644941,4.9,1.18017578125,32.2
6,0.09880679100751877,0.0,0.13352344930171967,0.0,0,0,1,0,0,0,1,1,1,1,0,0,False,0.116245985,0.094855085,0.27373153,0.020447707,0.06977478,8.96293976371028e-18,0.3567824,0.20767483,-0.0153145185,0.030980209,4.7,1.18017578125,32.2
7,0.11693252623081207,0.0,0.13352344930171967,0.0,0,0,1,0,0,0,1,1,1,1,0,0,False,0.13092795,0.10953606,0.32217208,0.027757118,0.077000186,8.066645564000486e-18,0.3577301,0.20608589,-0.21828675,0.20449162,4.9,1.18017578125,32.2
8,0.1009632870554924,0.0,0.13352344930171967,0.0,0,0,1,0,0,0,1,1,1,1,0,0,False,0.07963487,0.055108115,0.19028898,0.033088155,0.05622469,7.259980933154182e-18,0.35752878,0.20596321,0.02350717,0.044280708,4.9,1.18017578125,32.2
9,0.16325323283672333,0.0,0.13352344930171967,0.0,0,0,1,0,0,0,1,1,1,1,0,0,False,0.16050981,0.12788938,0.35312212,0.0040628077,0.14004757,6.5339825420537436e-18,0.3573572,0.20693326,0.09449109,0.089583464,4.8,1.18017578125,32.2
10,0.12331114709377289,0.0,0.13352344930171967,0.0,0,0,1,0,0,0,1,1,1,1,0,0,False,0.06366416,0.060800686,0.18425243,0.015291694,0.034066167,5.880584138955859e-18,0.35760477,0.20663616,0.09747329,0.07048599,4.8,1.18017578125,32.2
11,0.14172115921974182,0.0,0.13352344930171967,0.0,0,0,1,0,0,0,1,1,1,1,0,0,False,0.20324099,0.124830976,0.46485558,0.07599631,0.17566295,5.292525725060273e-18,0.35580316,0.20858364,-0.022164246,0.07092989,4.7,1.18017578125,32.2
12,0.14471495151519775,0.0,0.13352344930171967,0.0,0,0,0,0,0,0,1,1,1,1,0,0,False,0.13759024,0.09468746,0.28008866,0.037194047,0.103874266,4.763273152554246e-18,0.35838246,0.20525642,0.016131025,0.057501957,4.8,1.18017578125,32.2
13,0.12816201150417328,0.0,0.13352344930171967,0.0,0,0,1,0,0,0,1,1,1,1,0,0,False,0.11182659,0.08512643,0.2686393,0.029346175,0.07452733,4.286945911745077e-18,0.35497794,0.20900378,0.07508089,0.0862385,4.8,1.18017578125,32.2
14,0.12660974264144897,0.0,0.13352344930171967,0.0,0,0,0,0,0,0,1,1,1,1,0,0,False,0.12944023,0.05900414,0.24998243,0.067101404,0.10759283,3.858251246124313e-18,0.3578804,0.20618913,0.03764427,0.061512757,4.7,1.18017578125,32.2
15,0.09892620891332626,0.0,0.13352344930171967,0.0,0,0,1,0,0,0,1,1,1,1,0,0,False,0.14085412,0.11875029,0.32730883,0.016042925,0.09206979,3.4724260842887544e-18,0.357559,0.20679648,-0.015459888,0.037093353,4.8,1.18017578125,32.2
16,0.1251154989004135,0.0,0.13352344930171967,0.0,0,0,1,0,0,0,1,1,1,1,0,0,False,0.14590575,0.089626,0.3208186,0.064976424,0.10784703,3.1251834386367517e-18,0.35756963,0.20657387,-0.080837406,0.10187886,4.9,1.18017578125,32.2
17,0.15874357521533966,0.0,0.13352344930171967,0.0,0,0,1,0,0,0,1,1,1,1,0,0,False,0.21695696,0.088825405,0.4054016,0.13576338,0.19378781,2.812665131996204e-18,0.358103,0.20582645,0.12663989,0.10254792,4.8,1.18017578125,32.2
18,0.12354200333356857,0.0,0.13352344930171967,0.0,0,0,1,0,0,0,1,1,1,1,0,0,False,0.086647086,0.061896525,0.21524271,0.028804295,0.073502675,2.5313986187965835e-18,0.35833314,0.20549059,0.058782488,0.044596255,4.8,1.18017578125,32.2
19,0.15845055878162384,0.0,0.13352344930171967,0.0,0,0,1,0,0,0,1,1,1,1,0,0,False,0.19068496,0.10919737,0.39568627,0.072986044,0.1509674,2.2782588313631806e-18,0.3580923,0.20559832,0.024884788,0.059566464,4.8,1.18017578125,32.2
20,0.14110291004180908,0.0,0.13352344930171967,0.0,0,0,1,0,0,0,1,1,1,1,0,0,False,0.24378073,0.1330676,0.52069795,0.11358415,0.20427024,2.0504330040615536e-18,0.3578143,0.20623633,-0.03184272,0.045205906,4.9,1.18017578125,32.2
21,0.14357846975326538,0.0,0.13352344930171967,0.0,0,0,0,0,0,0,1,1,1,1,0,0,False,0.30319834,0.12291375,0.53111374,0.15807964,0.2883262,1.8453897781016535e-18,0.35579878,0.2086569,-0.005737239,0.04983152,4.7,1.18017578125,32.2
22,0.13827800750732422,0.0,0.13352344930171967,0.0,0,0,0,0,0,0,1,1,1,1,0,0,False,0.11966168,0.09756097,0.2629904,0.011520152,0.10007031,1.6608507258452329e-18,0.3552521,0.20881149,0.08448958,0.07469512,4.9,1.18017578125,32.2
23,0.11971470713615417,0.0,0.13352344930171967,0.0,0,0,1,0,0,0,1,1,1,1,0,0,False,0.16112314,0.07507757,0.3118487,0.081097364,0.14777812,1.4947656904838373e-18,0.3567732,0.20726553,-0.06477464,0.036079776,4.7,1.18017578125,32.2
24,0.11558739840984344,0.0,0.13352344930171967,0.0,0,0,0,0,0,0,1,1,1,1,0,0,False,0.12189326,0.10300382,0.28812632,0.0043468,0.099573486,1.3452891493527992e-18,0.35684612,0.2080296,-0.053636905,0.10845474,5.1,1.18017578125,32.2
25,0.11732584983110428,0.0,0.13352344930171967,0.0,0,0,0,0,0,0,1,1,1,1,0,0,False,0.13472404,0.113067836,0.33307713,0.02951839,0.079541385,1.2107602065001737e-18,0.3537274,0.2063661,0.1100845,0.10809147,4.8,1.18017578125,32.2
26,0.14086776971817017,0.0,0.13352344930171967,0.0,0,0,1,0,0,0,1,1,1,1,0,0,False,0.17866993,0.09379697,0.3672467,0.07742708,0.14671658,1.0896841672385924e-18,0.3575925,0.20699027,-0.16327463,0.16070887,4.8,1.18017578125,32.2
27,0.14965300261974335,0.0,0.13352344930171967,0.0,0,0,0,0,0,0,1,1,1,1,0,0,False,0.17244832,0.075272545,0.32947147,0.093674436,0.15809327,9.807157877378607e-19,0.35836405,0.20536137,0.08688769,0.086510986,4.8,1.18017578125,32.2
28,0.15588098764419556,0.0,0.13352344930171967,0.0,0,0,0,0,0,0,1,1,1,1,0,0,False,0.23302323,0.09164261,0.42597258,0.14676397,0.21033928,8.826441996582928e-19,0.35835224,0.20526364,-0.031452,0.024134872,4.8,1.18017578125,32.2
29,0.12865141034126282,0.0,0.13352344930171967,0.0,0,0,1,0,0,0,1,1,1,1,0,0,False,0.11743808,0.10667504,0.29819208,0.020279504,0.068302244,7.943797889982454e-19,0.35656762,0.20763734,-0.031098971,0.03425009,4.8,1.18017578125,32.2
30,0.12940943241119385,0.0,0.13352344930171967,0.0,0,0,0,0,0,0,1,1,1,1,0,0,False,0.23356794,0.11406666,0.4509033,0.09901514,0.21160007,7.1494181940420275e-19,0.35834628,0.20534913,-0.13931312,0.16013797,5.0,1.18017578125,32.2
31,0.13538898527622223,0.0,0.13352344930171967,0.0,0,0,0,0,0,0,1,1,1,1,0,0,False,0.20446193,0.085956,0.36843258,0.10358883,0.19441245,6.434476374637825e-19,0.356776,0.20745039,-0.09122176,0.0590295,4.8,1.18017578125,32.2
32,0.10726826637983322,0.0,0.13352344930171967,0.0,0,0,1,0,0,0,1,1,1,1,0,0,False,0.17284985,0.12923235,0.3721866,0.041242424,0.107076526,5.791028551058405e-19,0.35680965,0.20784089,0.16082594,0.1303521,4.7,1.18017578125,32.2
33,0.1423262059688568,0.0,0.13352344930171967,0.0,0,0,1,0,0,0,1,1,1,1,0,0,False,0.1316495,0.09255254,0.29457477,0.031027896,0.111017555,5.211925556365836e-19,0.35620984,0.20782654,0.01636017,0.060105007,4.7,1.18017578125,32.2
34,0.12127549946308136,0.0,0.13352344930171967,0.0,0,0,1,0,0,0,1,1,1,1,0,0,False,0.18349321,0.11232492,0.34300753,0.06978507,0.1433342,4.690732907671433e-19,0.35607305,0.20816903,0.0060535227,0.031315774,4.8,1.18017578125,32.2
35,0.1363159418106079,0.0,0.13352344930171967,0.0,0,0,1,0,0,0,1,1,1,1,0,0,False,0.08778029,0.08619145,0.26751795,0.01908128,0.044591665,4.2216596169042897e-19,0.35838056,0.2053024,0.078578465,0.071255594,4.8,1.18017578125,32.2
36,0.13445551693439484,0.0,0.13352344930171967,0.0,0,0,0,0,0,0,1,1,1,1,0,0,False,0.16763638,0.16098249,0.41938955,0.005487825,0.11130139,3.79949374827168e-19,0.35672724,0.20725086,0.01774018,0.0542139,4.7,1.18017578125,32.2
37,0.11157246679067612,0.0,0.13352344930171967,0.0,0,0,1,0,0,0,1,1,1,1,0,0,False,0.21718697,0.13067006,0.4170764,0.07035851,0.17217979,3.4195444897667854e-19,0.35626325,0.20711748,0.07245469,0.070219725,4.7,1.18017578125,32.2
38,0.1295240819454193,0.0,0.13352344930171967,0.0,0,0,1,0,0,0,1,1,1,1,0,0,False,0.17870194,0.1282747,0.42002168,0.047265586,0.14218271,3.077590040790107e-19,0.35607404,0.2081686,-0.084941536,0.11898935,4.9,1.18017578125,32.2
39,0.1489759385585785,0.0,0.13352344930171967,0.0,0,0,1,0,0,0,1,1,1,1,0,0,False,0.1830595,0.09002428,0.36526123,0.084099874,0.15423489,2.7698310832400057e-19,0.35757613,0.20667215,0.011074011,0.061485793,4.9,1.18017578125,32.2
40,0.15002664923667908,0.0,0.13352344930171967,0.0,0,0,0,0,0,0,1,1,1,1,0,0,False,0.39666346,0.15995187,0.6923661,0.1993189,0.38718325,2.492847974916005e-19,0.35499257,0.20856258,-0.10109621,0.06636413,4.8,1.18017578125,32.2
41,0.13124553859233856,0.0,0.13352344930171967,0.0,0,0,1,0,0,0,1,1,1,1,0,0,False,0.14324474,0.10415591,0.33620164,0.0334566,0.1201406,2.243563061102131e-19,0.35601023,0.20804064,-0.020247718,0.12021324,4.8,1.18017578125,32.2
42,0.1599247306585312,0.0,0.13352344930171967,0.0,0,0,1,0,0,0,1,1,1,1,0,0,False,0.17338394,0.06829122,0.31873676,0.11025881,0.15376487,2.0192067084630085e-19,0.3583176,0.20520839,0.01911191,0.05581957,4.8,1.18017578125,32.2
43,0.13116782903671265,0.0,0.13352344930171967,0.0,0,0,1,0,0,0,1,1,1,1,0,0,False,0.26974475,0.20189427,0.5982819,0.05640626,0.18527791,1.8172860143522528e-19,0.35580888,0.20839529,0.17670767,0.15015791,5.0,1.18017578125,32.2
44,0.11753585189580917,0.0,0.13352344930171967,0.0,0,0,1,0,0,0,1,1,1,1,0,0,False,0.17943926,0.10934356,0.3742725,0.049006965,0.14924681,1.6355574710781644e-19,0.35786396,0.20602591,0.03951103,0.040931422,4.8,1.18017578125,32.2
45,0.12128706276416779,0.0,0.13352344930171967,0.0,0,0,0,0,0,0,1,1,1,1,0,0,False,0.14463124,0.094419956,0.28958857,0.054460447,0.1040263,1.472001723970348e-19,0.35761046,0.20635025,0.10436484,0.084235676,4.8,1.18017578125,32.2
46,0.12943950295448303,0.0,0.13352344930171967,0.0,0,0,0,0,0,0,1,1,1,1,0,0,False,0.17035653,0.12191959,0.36411622,0.051842,0.11637111,1.3248015864699953e-19,0.3560239,0.20857652,0.021368608,0.03695268,4.9,1.18017578125,32.2
47,0.11486764997243881,0.0,0.13352344930171967,0.0,0,0,1,0,0,0,1,1,1,1,0,0,False,0.091125816,0.048396084,0.1616968,0.034197442,0.07324001,1.1923214510874505e-19,0.3565454,0.20793542,-0.14429909,0.15653683,4.9,1.18017578125,32.2
48,0.1434214860200882,0.0,0.13352344930171967,0.0,0,0,1,0,0,0,1,1,1,1,0,0,False,0.24601944,0.17010295,0.59068066,0.08428365,0.19010437,1.0730892594497959e-19,0.35449046,0.20630744,0.09583639,0.10029728,5.0,1.18017578125,32.2
49,0.1349925547838211,0.0,0.13352344930171967,0.0,0,0,0,0,0,0,1,1,1,1,0,0,False,0.21900517,0.15620849,0.4487079,0.057725243,0.15042698,9.657803335048164e-20,0.35676223,0.20744546,0.14540099,0.11818832,4.8,1.18017578125,32.2
0,0.1288176029920578,0.0,0.13352344930171967,0.0,0,0,0,0,0,0,1,1,1,1,0,0,False,0.1654517,0.10529507,0.32084394,0.06126419,0.11634465,8.692023117865621e-20,0.35689366,0.20678127,0.035849355,0.08306745,3.3,1.18017578125,32.2
1,0.10973034799098969,0.0,0.13352344930171967,0.0,0,0,1,0,0,0,1,1,1,1,0,0,False,0.17885308,0.118363634,0.37268648,0.059306573,0.12820339,7.822820631595648e-20,0.35784715,0.20612426,0.009983625,0.05556467,4.8,1.18017578125,32.2
2,0.12457308918237686,0.0,0.13352344930171967,0.0,0,0,1,0,0,0,1,1,1,1,0,0,False,0.14614387,0.05723076,0.24612059,0.06662618,0.13772652,7.04053880108063e-20,0.3584027,0.20529456,0.025295427,0.06293327,4.8,1.18017578125,32.2
3,0.11820921301841736,0.0,0.13352344930171967,0.0,0,0,0,0,0,0,1,1,1,1,0,0,False,0.16678481,0.10509348,0.34782225,0.06521079,0.12645708,6.336484862811431e-20,0.35647422,0.20760341,0.032075044,0.034991607,9.3,1.18017578125,32.2
4,0.12160684913396835,0.0,0.13352344930171967,0.0,0,0,0,0,0,0,1,1,1,1,0,0,False,0.1307734,0.11169918,0.28719807,0.03051818,0.07036434,5.70283614388574e-20,0.35753042,0.20642653,-0.15776445,0.1609839,9.2,1.18017578125,32.2
5,0.14429108798503876,0.0,0.13352344930171967,0.0,0,0,1,0,0,0,1,1,1,1,0,0,False,0.20822692,0.10663373,0.42972913,0.10140859,0.18129024,5.1325528203028503e-20,0.3563097,0.20730825,0.08809763,0.08734702,5.8,1.18017578125,32.2
6,0.09514672309160233,0.0,0.13352344930171967,0.0,0,0,1,0,0,0,1,1,1,1,0,0,False,0.16377352,0.14131284,0.36096007,0.01378587,0.12215905,4.619297654594839e-20,0.35675293,0.20729534,-0.0053015375,0.033735935,4.8,1.18017578125,32.2
7,0.11727165430784225,0.0,0.13352344930171967,0.0,0,0,1,0,0,0,1,1,1,1,0,0,False,0.1387807,0.11608529,0.30263245,0.017938131,0.088601656,4.157367947296492e-20,0.3584121,0.20529714,-0.08692334,0.05475794,5.5,1.18017578125,30.2
8,0.13466879725456238,0.0,0.13352344930171967,0.0,0,0,1,0,0,0,1,1,1,1,0,0,False,0.25092858,0.12146099,0.5045914,0.13418685,0.22174615,3.7416312688891165e-20,0.35786337,0.20609641,-0.022274055,0.027084803,4.0,1.18017578125,17.5
9,0.11644137650728226,0.0,0.13352344930171967,0.0,0,0,1,0,0,0,1,1,1,1,0,0,False,0.1904508,0.16768274,0.44686657,0.013177373,0.13187496,3.3674681710807735e-20,0.3584064,0.20531364,0.1824289,0.14529319,4.7,1.18017578125,7.0
10,0.11551400274038315,0.0,0.13352344930171967,0.0,0,0,0,0,0,0,1,1,1,1,0,0,False,0.15286404,0.062315892,0.2686737,0.07797656,0.14012896,3.030721295811559e-20,0.357086,0.20732805,-0.053538904,0.028799204,3.9,1.18017578125,7.0
11,0.12234663963317871,0.0,0.13352344930171967,0.0,0,0,0,0,0,0,1,1,1,1,0,0,False,0.19408762,0.11559446,0.4156342,0.08492695,0.15094972,2.727649137149835e-20,0.35651764,0.20790574,-0.030180715,0.032869283,3.6,1.18017578125,7.0
12,0.12518662214279175,0.0,0.13352344930171967,0.0,0,0,0,0,0,0,1,1,1,1,0,0,False,0.14027356,0.049113706,0.21549362,0.0699225,0.13175932,2.4548841652737144e-20,0.35684624,0.20718794,-0.04072117,0.021720907,1.7,1.18017578125,7.0
13,0.1429591327905655,0.0,0.13352344930171967,0.0,0,0,1,0,0,0,1,1,1,1,0,0,False,0.1600927,0.06624261,0.3015625,0.097931035,0.14337161,2.209395748746343e-20,0.35370976,0.20604971,0.03382114,0.029337348,1.8,1.18017578125,7.0
14,0.13168898224830627,0.0,0.13352344930171967,0.0,0,0,1,0,0,0,1,1,1,1,0,0,False,0.116499476,0.06521055,0.25079575,0.046121188,0.11078799,1.9884561302508562e-20,0.3570115,0.20669217,-0.04477039,0.047480777,1.8,1.18017578125,7.0
15,0.11913957446813583,0.0,0.13352344930171967,0.0,0,0,1,0,0,0,1,1,1,1,0,0,False,0.1260867,0.12301628,0.33152878,0.007761645,0.07720345,1.789610473604918e-20,0.35784614,0.20630166,-0.039249923,0.15199442,1.8,1.18017578125,7.0
16,0.1296834498643875,0.0,0.13352344930171967,0.0,0,0,1,0,0,0,1,1,1,1,0,0,False,0.07943598,0.07554818,0.23541513,0.017412461,0.040766113,1.6106493826235736e-20,0.356583,0.2080855,-0.047844123,0.029171353,1.8,1.18017578125,7.0
17,0.11834811419248581,0.0,0.13352344930171967,0.0,0,0,1,0,0,0,1,1,1,1,0,0,False,0.12702946,0.08909609,0.26195857,0.046840925,0.082297295,1.4495844734417846e-20,0.35591653,0.20827666,0.022393333,0.031201446,1.8,1.18017578125,7.0
18,0.14697851240634918,0.0,0.13352344930171967,0.0,0,0,1,0,0,0,1,1,1,1,0,0,False,0.1501555,0.06743835,0.28452602,0.080158144,0.1272474,1.3046259824767535e-20,0.35811362,0.20577478,0.07778993,0.08882842,1.8,1.18017578125,7.0
19,0.12611842155456543,0.0,0.13352344930171967,0.0,0,0,1,0,0,0,1,1,1,1,0,0,False,0.1781208,0.11142303,0.39300364,0.06584355,0.13808031,1.1741633551485098e-20,0.3570406,0.20690238,0.01204104,0.015761724,1.8,1.18017578125,7.0
20,0.11538612097501755,0.0,0.13352344930171967,0.0,0,0,1,0,0,0,1,1,1,1,0,0,False,0.08823404,0.09127548,0.25780627,0.0053255893,0.041735917,1.0567469978232325e-20,0.35707492,0.20749192,0.0719317,0.06398014,1.8,1.18017578125,7.0
21,0.1467878371477127,0.0,0.13352344930171967,0.0,0,0,1,0,0,0,1,1,1,1,0,0,False,0.13532273,0.071432926,0.2772961,0.054245442,0.12444891,9.51072283500625e-21,0.35738227,0.20715797,0.075031005,0.09870397,1.8,1.18017578125,7.0
22,0.11857742071151733,0.0,0.13352344930171967,0.0,0,0,1,0,0,0,1,1,1,1,0,0,False,0.11499169,0.09508031,0.28989425,0.02960724,0.07229483,8.559650842311309e-21,0.35835412,0.2052747,-0.0167423,0.015393738,1.8,1.18017578125,7.0
23,0.1288439929485321,0.0,0.13352344930171967,0.0,0,0,1,0,0,0,1,1,1,1,0,0,False,0.12300027,0.062216602,0.24730097,0.06270175,0.10036547,7.703685394573073e-21,0.3580784,0.20580426,-0.057742506,0.048365105,1.8,1.18017578125,7.0
24,0.12325583398342133,0.0,0.13352344930171967,0.0,0,0,0,0,0,0,1,1,1,1,0,0,False,0.09225323,0.03791814,0.14657518,0.040536754,0.08349789,6.93331714592145e-21,0.35785645,0.20641036,0.14971234,0.13175999,1.9,1.18017578125,7.0
25,0.12473415583372116,0.0,0.13352344930171967,0.0,0,0,0,0,0,0,1,1,1,1,0,0,False,0.118338995,0.04743461,0.2168036,0.07253722,0.10866709,6.239985504030726e-21,0.35840413,0.20549305,-0.12743014,0.18402441,1.8,1.18017578125,7.0
26,0.1147816926240921,0.0,0.13352344930171967,0.0,0,0,0,0,0,0,1,1,1,1,0,0,False,0.104849935,0.061085742,0.19926836,0.037861288,0.07766792,5.615987026329074e-21,0.35547337,0.20915177,0.022335863,0.055163622,1.8,1.18017578125,7.0
27,0.12476574629545212,0.0,0.13352344930171967,0.0,0,0,0,0,0,0,1,1,1,1,0,0,False,0.16226907,0.11002322,0.360012,0.053019058,0.12225763,5.054388178293325e-21,0.35377184,0.20845635,0.020214891,0.14059418,1.8,1.18017578125,7.0
28,0.12260481715202332,0.0,0.13352344930171967,0.0,0,0,0,0,0,0,1,1,1,1,0,0,False,0.15664567,0.12707765,0.39556193,0.02707181,0.12518716,4.548949360463992e-21,0.3581035,0.20560607,0.064968914,0.05111915,1.8,1.18017578125,7.0
29,0.11023556441068649,0.0,0.13352344930171967,0.0,0,0,1,0,0,0,1,1,1,1,0,0,False,0.25935042,0.22532588,0.61879003,0.02912596,0.16904944,4.094054388066883e-21,0.3580865,0.20577133,0.10609413,0.09171068,1.8,1.18017578125,7.0
30,0.1255032867193222,0.0,0.13352344930171967,0.0,0,0,1,0,0,0,1,1,1,1,0,0,False,0.15732579,0.106781706,0.36441913,0.055158507,0.10987477,3.684649058312326e-21,0.35709852,0.20719925,0.05209564,0.06252885,1.8,1.18017578125,7.0
31,0.12767544388771057,0.0,0.13352344930171967,0.0,0,0,0,0,0,0,1,1,1,1,0,0,False,0.1634882,0.14309537,0.37201235,0.010848117,0.111875504,3.3161840797796724e-21,0.35731778,0.20657113,0.054866124,0.051645752,1.8,1.18017578125,7.0
32,0.11725949496030807,0.0,0.13352344930171967,0.0,0,0,1,0,0,0,1,1,1,1,0,0,False,0.08478111,0.051065966,0.17075081,0.024683844,0.0732819,2.9845656354509947e-21,0.35575336,0.20700876,0.04126251,0.06977891,1.8,1.18017578125,7.0
33,0.11609597504138947,0.0,0.13352344930171967,0.0,0,0,0,0,0,0,1,1,1,1,0,0,False,0.1042997,0.041397404,0.15662874,0.04016863,0.106586926,2.6861090355551847e-21,0.35759285,0.20638356,0.016296564,0.10106272,1.8,1.18017578125,7.0
34,0.10912472754716873,0.0,0.13352344930171967,0.0,0,0,0,0,0,0,1,1,1,1,0,0,False,0.24272679,0.14482337,0.45777625,0.081374,0.19277357,2.417498186525732e-21,0.3578307,0.2063854,0.042524803,0.06198922,1.8,1.18017578125,7.0
35,0.1153956800699234,0.0,0.13352344930171967,0.0,0,0,0,0,0,0,1,1,1,1,0,0,False,0.115460135,0.095628776,0.2789716,0.02869636,0.0659536,2.175748331522448e-21,0.35789877,0.20607325,0.12389191,0.09426678,1.8,1.18017578125,7.0
36,0.11694515496492386,0.0,0.13352344930171967,0.0,0,0,0,0,0,0,1,1,1,1,0,0,False,0.104231745,0.05664125,0.19953606,0.041880973,0.09145418,1.9581735165455585e-21,0.3570936,0.20698527,0.03738072,0.028521368,1.8,1.18017578125,7.0
37,0.12613093852996826,0.0,0.13352344930171967,0.0,0,0,0,0,0,0,1,1,1,1,0,0,False,0.25142434,0.12571429,0.49580595,0.11905055,0.22363478,1.7623562375924238e-21,0.35606688,0.20804922,-0.01531098,0.024754636,1.9,1.18017578125,7.0
38,0.1618672013282776,0.0,0.13352344930171967,0.0,0,0,1,0,0,0,1,1,1,1,0,0,False,0.27179196,0.19722265,0.6781063,0.07375875,0.24372423,1.5861205411317603e-21,0.35686746,0.20719986,0.036017768,0.082279764,1.8,1.18017578125,7.0
39,0.12449726462364197,0.0,0.13352344930171967,0.0,0,0,1,0,0,0,1,1,1,1,0,0,False,0.099451,0.040533762,0.18340176,0.05357206,0.08725624,1.4275084870185844e-21,0.35372856,0.20833075,-0.020114817,0.034403387,1.9,1.18017578125,7.0
40,0.1346636861562729,0.0,0.13352344930171967,0.0,0,0,1,0,0,0,1,1,1,1,0,0,False,0.14438458,0.091580376,0.29143,0.04739433,0.10404527,1.284757611053693e-21,0.35785928,0.2063787,-0.036924902,0.100774765,1.8,1.18017578125,7.0
41,0.1392071396112442,0.0,0.13352344930171967,0.0,0,0,0,0,0,0,1,1,1,1,0,0,False,0.1324734,0.039645836,0.21068628,0.09233079,0.124183014,1.1562818408606462e-21,0.35671693,0.2077637,-0.13325064,0.18893205,1.8,1.18017578125,7.0
42,0.12277856469154358,0.0,0.13352344930171967,0.0,0,0,1,0,0,0,1,1,1,1,0,0,False,0.11169457,0.10425562,0.29961517,0.014071393,0.058301486,1.0406536840376144e-21,0.35544953,0.20881402,0.060582787,0.063567996,1.8,1.18017578125,7.0
43,0.13751767575740814,0.0,0.13352344930171967,0.0,0,0,1,0,0,0,1,1,1,1,0,0,False,0.102326356,0.034386948,0.14930762,0.06430099,0.08995281,9.365883247215305e-22,0.35813227,0.20566139,0.0055915155,0.01484399,1.8,1.18017578125,7.0
44,0.13008932769298553,0.0,0.13352344930171967,0.0,0,0,0,0,0,0,1,1,1,1,0,0,False,0.122152776,0.11526939,0.2958357,0.0021132969,0.08086069,8.429295376877656e-22,0.35830313,0.20520231,0.1204502,0.09122103,1.8,1.18017578125,7.0
45,0.13936999440193176,0.0,0.13352344930171967,0.0,0,0,0,0,0,0,1,1,1,1,0,0,False,0.123073615,0.10519974,0.29824513,0.020964727,0.08246581,7.586366020943443e-22,0.35836524,0.20521362,0.066346176,0.06059662,1.8,1.18017578125,7.0
46,0.11229309439659119,0.0,0.13352344930171967,0.0,0,0,1,0,0,0,1,1,1,1,0,0,False,0.1468954,0.07757212,0.25204572,0.053266834,0.12485506,6.827729418849099e-22,0.35840166,0.205429,-0.044369463,0.14928813,1.9,1.18017578125,7.0
47,0.12786561250686646,0.0,0.13352344930171967,0.0,0,0,1,0,0,0,1,1,1,1,0,0,False,0.17595327,0.07973014,0.34134337,0.101152666,0.1597272,6.144956295210637e-22,0.3572548,0.20700955,0.040050272,0.048895508,1.9,1.18017578125,7.0
48,0.12001221626996994,0.0,0.13352344930171967,0.0,0,0,0,0,0,0,1,1,1,1,0,0,False,0.1811444,0.16032808,0.4467804,0.017994871,0.13438952,5.530460711127961e-22,0.35735315,0.20712137,0.016068397,0.05501728,1.8,1.18017578125,7.0
49,0.12350483983755112,0.0,0.13352344930171967,0.0,0,0,0,0,0,0,1,1,1,1,0,0,False,0.12036868,0.09023036,0.29456982,0.03635159,0.08575423,4.977414640015165e-22,0.35791472,0.20597494,-0.02130293,0.015928973,1.8,1.18017578125,7.0
0,0.13640987873077393,0.0,0.13352344930171967,0.0,0,0,1,0,0,0,1,1,1,1,0,0,False,0.14750567,0.12561268,0.3358211,0.013542919,0.1159952,4.479672994260096e-22,0.35609013,0.20743375,-0.0025228346,0.019873032,0.2,1.18017578125,7.0
1,0.11110417544841766,0.0,0.13352344930171967,0.0,0,0,1,0,0,0,1,1,1,1,0,0,False,0.10395348,0.037781287,0.16668586,0.054704122,0.10042041,4.0317054676421456e-22,0.35421357,0.20812257,-0.051131085,0.045222532,1.9,1.18017578125,7.0
2,0.10807537287473679,0.0,0.13352344930171967,0.0,0,0,0,0,0,0,1,1,1,1,0,0,False,0.15891407,0.14170425,0.3741287,0.006082803,0.110841386,3.628534966316319e-22,0.35734075,0.20701078,0.0952092,0.10387202,1.8,1.18017578125,7.0
3,0.11573024839162827,0.0,0.13352344930171967,0.0,0,0,0,0,0,0,1,1,1,1,0,0,False,0.11060869,0.10099464,0.27079058,0.0124224005,0.07234717,3.2656814924038815e-22,0.35710102,0.2074569,-0.047443587,0.17343749,1.8,1.18017578125,7.0
4,0.11337709426879883,0.0,0.13352344930171967,0.0,0,0,0,0,0,0,1,1,1,1,0,0,False,0.13626322,0.12032263,0.31836054,0.022700282,0.0821183,2.939113297725105e-22,0.35606354,0.20793879,0.08799397,0.076604344,1.8,1.18017578125,7.0
5,0.10867565125226974,0.0,0.13352344930171967,0.0,0,0,0,0,0,0,1,1,1,1,0,0,False,0.090603046,0.08592244,0.23800558,0.0062908744,0.050879303,2.6452018997950124e-22,0.3544988,0.21010788,0.022814201,0.05690172,1.8,1.18017578125,7.0
6,0.13782468438148499,0.0,0.13352344930171967,0.0,0,0,1,0,0,0,1,1,1,1,0,0,False,0.218773,0.18646646,0.56381005,0.027866654,0.17640951,2.3806816416579287e-22,0.35677367,0.20743664,-0.1462791,0.13257739,1.8,1.18017578125,7.0
7,0.12183079123497009,0.0,0.13352344930171967,0.0,0,0,1,0,0,0,1,1,1,1,0,0,False,0.18386209,0.09835794,0.3723087,0.08190775,0.15499863,2.1426135683689124e-22,0.35731688,0.20701697,0.011784729,0.06530403,1.8,1.18017578125,7.0
8,0.11468242853879929,0.0,0.13352344930171967,0.0,0,0,0,0,0,0,1,1,1,1,0,0,False,0.2092612,0.12886336,0.39883396,0.0686897,0.16324368,1.928352256970409e-22,0.357563,0.20637786,-0.045874964,0.11584002,1.8,1.18017578125,7.0
9,0.10202711075544357,0.0,0.13352344930171967,0.0,0,0,1,0,0,0,1,1,1,1,0,0,False,0.2531304,0.15285803,0.48069584,0.1035352,0.1921353,1.7355170767117564e-22,0.3569731,0.20674232,-0.00488734,0.014633688,1.8,1.18017578125,7.0
10,0.13725095987319946,0.0,0.13352344930171967,0.0,0,0,1,0,0,0,1,1,1,1,0,0,False,0.17406654,0.13270615,0.4391843,0.041113768,0.1459935,1.561965380400178e-22,0.35754043,0.2064949,0.027072184,0.030611755,1.8,1.18017578125,7.0
11,0.12318362295627594,0.0,0.13352344930171967,0.0,0,0,1,0,0,0,1,1,1,1,0,0,False,0.15512064,0.12595168,0.35341176,0.03092411,0.09288777,1.405768876438951e-22,0.3552624,0.20882432,-0.076999456,0.0417957,1.8,1.18017578125,7.0
12,0.131003737449646,0.0,0.13352344930171967,0.0,0,0,0,0,0,0,1,1,1,1,0,0,False,0.12283811,0.1059329,0.32424334,0.031420164,0.07550301,1.265191931997071e-22,0.3577899,0.20628929,0.07523351,0.07629859,1.8,1.18017578125,7.0
13,0.11662192642688751,0.0,0.13352344930171967,0.0,0,0,1,0,0,0,1,1,1,1,0,0,False,0.22139259,0.16328897,0.4486273,0.06184694,0.1482201,1.1386727160781698e-22,0.3576038,0.20652494,0.098807745,0.08908131,1.8,1.18017578125,7.0
14,0.13247764110565186,0.0,0.13352344930171967,0.0,0,0,1,0,0,0,1,1,1,1,0,0,False,0.075199716,0.056248393,0.19450884,0.026901888,0.057763446,1.0248054785491438e-22,0.35812154,0.20573774,0.043685902,0.075217195,1.9,1.18017578125,7.0
15,0.11218901723623276,0.0,0.13352344930171967,0.0,0,0,1,0,0,0,1,1,1,1,0,0,False,0.1292604,0.107954726,0.30833793,0.0265054,0.0745105,9.223249306942294e-23,0.3583005,0.20514302,0.06422088,0.096949905,1.8,1.18017578125,7.0
16,0.11303748190402985,0.0,0.13352344930171967,0.0,0,0,0,0,0,0,1,1,1,1,0,0,False,0.100979336,0.08690916,0.22996853,0.013334244,0.057826266,8.30092443304605e-23,0.35736102,0.20693667,-0.03012753,0.14054358,1.9,1.18017578125,7.0
17,0.15527339279651642,0.0,0.13352344930171967,0.0,0,0,1,0,0,0,1,1,1,1,0,0,False,0.17466794,0.055225696,0.27201077,0.10640749,0.15860453,7.470832103337415e-23,0.35419106,0.20706257,-0.25758,0.23895842,1.8,1.18017578125,7.0
18,0.10642256587743759,0.0,0.13352344930171967,0.0,0,0,1,0,0,0,1,1,1,1,0,0,False,0.13407116,0.0630726,0.23218037,0.04693924,0.13103473,6.723748893003674e-23,0.35632837,0.20805176,0.024796268,0.02437679,1.8,1.18017578125,7.0
19,0.1421508938074112,0.0,0.13352344930171967,0.0,0,0,1,0,0,0,1,1,1,1,0,0,False,0.17181115,0.084000185,0.3504578,0.09431005,0.1476981,6.051373776511366e-23,0.35836124,0.2052997,-0.18857741,0.16799049,1.8,1.18017578125,7.0
20,0.13335764408111572,0.0,0.13352344930171967,0.0,0,0,0,0,0,0,1,1,1,1,0,0,False,0.07777663,0.067955144,0.20345989,0.004714887,0.053295035,5.446236114870303e-23,0.3583954,0.20531443,0.035210256,0.06609133,1.8,1.18017578125,7.0
21,0.11235799640417099,0.0,0.13352344930171967,0.0,0,0,1,0,0,0,1,1,1,1,0,0,False,0.34041774,0.2086457,0.6350006,0.13586415,0.25298542,4.901612730575214e-23,0.356757,0.20703718,0.14824751,0.13151409,2.3,1.18017578125,7.0
22,0.14507004618644714,0.0,0.13352344930171967,0.0,0,0,1,0,0,0,1,1,1,1,0,0,False,0.24569125,0.10728677,0.47385728,0.14113621,0.22655873,4.4114515143156775e-23,0.35807887,0.20581302,-0.20729287,0.17264879,3.8,1.18017578125,7.1
23,0.12721331417560577,0.0,0.13352344930171967,0.0,0,0,1,0,0,0,1,1,1,1,0,0,False,0.08488863,0.052810982,0.19123308,0.035187278,0.06308305,3.9703063912831026e-23,0.35661903,0.20728019,-0.051130857,0.053503197,3.6,1.18017578125,7.2
24,0.12894216179847717,0.0,0.13352344930171967,0.0,0,0,0,0,0,0,1,1,1,1,0,0,False,0.23765789,0.14453247,0.47534293,0.07325751,0.18946803,3.573275695356807e-23,0.35628927,0.20726506,0.15965654,0.14730678,5.1,1.18017578125,8.5
25,0.1281253695487976,0.0,0.13352344930171967,0.0,0,0,0,0,0,0,1,1,1,1,0,0,False,0.14793807,0.10027834,0.2921923,0.056896653,0.09959106,3.215948211018104e-23,0.35594687,0.20797949,0.09412099,0.08927543,4.9,1.18017578125,9.7
26,0.11745437979698181,0.0,0.13352344930171967,0.0,0,0,1,0,0,0,1,1,1,1,0,0,False,0.21288227,0.13435096,0.4047621,0.07637694,0.16317788,2.8943534751132715e-23,0.35683334,0.2067399,0.12452638,0.09533165,5.0,1.18017578125,11.0
27,0.1251126229763031,0.0,0.13352344930171967,0.0,0,0,0,0,0,0,1,1,1,1,0,0,False,0.22938041,0.102167405,0.4244779,0.11312115,0.21174836,2.6049180424049664e-23,0.357808,0.20590642,-0.030701438,0.039508704,4.9,1.18017578125,12.4
28,0.1228683590888977,0.0,0.13352344930171967,0.0,0,0,0,0,0,0,1,1,1,1,0,0,False,0.25097188,0.21012445,0.6230024,0.02519885,0.19533978,2.344426294962455e-23,0.35838932,0.20552902,0.014345863,0.063708484,4.8,1.18017578125,13.8
29,0.10718975961208344,0.0,0.13352344930171967,0.0,0,0,1,0,0,0,1,1,1,1,0,0,False,0.26543048,0.15436253,0.48738623,0.09962439,0.21297917,2.1099836654662096e-23,0.35738274,0.20664032,0.026993172,0.0304806,5.0,1.18017578125,15.1
30,0.11967258155345917,0.0,0.13352344930171967,0.0,0,0,1,0,0,0,1,1,1,1,0,0,False,0.14028212,0.103469186,0.32358977,0.04069123,0.09711517,1.8989852563210996e-23,0.35757467,0.20659256,0.10550913,0.09436988,4.9,1.18017578125,16.4
31,0.12560433149337769,0.0,0.13352344930171967,0.0,0,0,0,0,0,0,1,1,1,1,0,0,False,0.19756024,0.13043627,0.4127208,0.055525534,0.1483264,1.7090867306889896e-23,0.35577613,0.20881629,0.10764686,0.08386344,4.8,1.18017578125,17.6
32,0.12433123588562012,0.0,0.13352344930171967,0.0,0,0,0,0,0,0,1,1,1,1,0,0,False,0.111573875,0.099905,0.28843355,0.017172515,0.06259508,1.5381780434205943e-23,0.35780117,0.20607059,-0.04085262,0.047432724,4.9,1.18017578125,18.9
33,0.11175994575023651,0.0,0.13352344930171967,0.0,0,0,1,0,0,0,1,1,1,1,0,0,False,0.15643448,0.13047242,0.34681934,0.022716846,0.10935815,1.3843602958765203e-23,0.35676953,0.20675938,-0.08477832,0.044407234,4.7,1.18017578125,20.3
34,0.134710893034935,0.0,0.13352344930171967,0.0,0,0,1,0,0,0,1,1,1,1,0,0,False,0.17309321,0.07943594,0.3436096,0.09999508,0.15482378,1.2459242946878608e-23,0.35679805,0.20722285,-0.13911986,0.1423503,4.6,1.18017578125,21.6
35,0.14965464174747467,0.0,0.13352344930171967,0.0,0,0,1,0,0,0,1,1,1,1,0,0,False,0.20280819,0.0778684,0.36526993,0.12801312,0.18751684,1.121331879418571e-23,0.3578948,0.20642805,-0.0065145916,0.08330067,11.8,1.18017578125,25.4
36,0.11168652772903442,0.0,0.13352344930171967,0.0,0,0,1,0,0,0,1,1,1,1,0,0,False,0.18223183,0.16328955,0.4324103,0.013365921,0.13341685,1.0091986701774694e-23,0.35775167,0.20586233,-0.007143805,0.031998035,17.6,1.18017578125,30.1
37,0.11938192695379257,0.0,0.13352344930171967,0.0,0,0,0,0,0,0,1,1,1,1,0,0,False,0.06752824,0.06557199,0.20286149,0.0077230837,0.038133726,9.082788031597225e-24,0.35568607,0.20684603,0.05034371,0.043639455,17.0,1.18017578125,32.1
38,0.12598517537117004,0.0,0.13352344930171967,0.0,0,0,0,0,0,0,1,1,1,1,0,0,False,0.12782924,0.0943418,0.29550382,0.03695824,0.086348325,8.174509441429947e-24,0.35629812,0.20845547,-0.013841271,0.05390277,9.1,1.18017578125,27.4
39,0.13082288205623627,0.0,0.13352344930171967,0.0,0,0,0,0,0,0,1,1,1,1,0,0,False,0.20726146,0.19883803,0.5682559,0.004953337,0.15952076,7.357058639281915e-24,0.35839224,0.20563102,-0.029062837,0.03832062,15.8,1.18017578125,27.5
40,0.10989642888307571,0.0,0.13352344930171967,0.0,0,0,1,0,0,0,1,1,1,1,0,0,False,0.15237167,0.12698302,0.35481563,0.023734866,0.092218064,6.621352917348686e-24,0.35791546,0.20653734,-0.0537819,0.03167079,15.9,1.18017578125,27.5
41,0.12338870018720627,0.0,0.13352344930171967,0.0,0,0,1,0,0,0,1,1,1,1,0,0,False,0.12791209,0.113599114,0.30421838,0.016368868,0.06959464,5.9592176256138175e-24,0.35782003,0.2061427,0.09210884,0.09975491,16.4,1.18017578125,27.5
42,0.12698663771152496,0.0,0.13352344930171967,0.0,0,0,0,0,0,0,1,1,1,1,0,0,False,0.11176414,0.08529918,0.27246898,0.03925388,0.07179807,5.363296005047399e-24,0.35548228,0.20677981,0.03577191,0.06195879,16.3,1.18017578125,27.5
43,0.1588495820760727,0.0,0.13352344930171967,0.0,0,0,1,0,0,0,1,1,1,1,0,0,False,0.22432779,0.11395762,0.46772638,0.10858094,0.18808961,4.8269664755401406e-24,0.35755655,0.20638955,-0.13167815,0.15074833,13.6,1.18017578125,23.9
44,0.10813304036855698,0.0,0.13352344930171967,0.0,0,0,1,0,0,0,1,1,1,1,0,0,False,0.10368565,0.04238034,0.15400809,0.03648002,0.111662745,4.344269863484867e-24,0.35580254,0.20794868,-0.04000695,0.046069283,15.9,1.18017578125,23.1
45,0.1275589019060135,0.0,0.13352344930171967,0.0,0,0,1,0,0,0,1,1,1,1,0,0,False,0.15071394,0.10254268,0.30546263,0.03536757,0.10773048,3.909843019131344e-24,0.357646,0.20673835,-0.07846733,0.04425323,16.1,1.18017578125,25.0
46,0.1271970421075821,0.0,0.13352344930171967,0.0,0,0,0,0,0,0,1,1,1,1,0,0,False,0.21352386,0.10695883,0.40634733,0.08666962,0.18636212,3.518858823714431e-24,0.35785526,0.20598641,0.013061777,0.051125705,15.4,1.18017578125,26.9
47,0.12815003097057343,0.0,0.13352344930171967,0.0,0,0,0,0,0,0,1,1,1,1,0,0,False,0.06271775,0.06478685,0.19197902,0.0040715933,0.037892397,3.166972941342988e-24,0.3565935,0.20811343,0.07415833,0.057926495,15.4,1.18017578125,28.8
48,0.10659902542829514,0.0,0.13352344930171967,0.0,0,0,1,0,0,0,1,1,1,1,0,0,False,0.113423645,0.09362157,0.27689105,0.023779733,0.06820821,2.850275718206171e-24,0.35748023,0.20647028,-0.014274169,0.041398715,15.4,1.18017578125,30.7
49,0.13946783542633057,0.0,0.13352344930171967,0.0,0,0,1,0,0,0,1,1,1,1,0,0,False,0.20894605,0.09075024,0.4022333,0.122960895,0.19079447,2.565248164134924e-24,0.35832024,0.2051501,0.010122941,0.024401696,15.4,1.18017578125,32.6
0,0.12127381563186646,0.0,0.13352344930171967,0.0,0,0,1,0,0,0,1,1,1,1,0,0,False,0.121896006,0.092888765,0.2962332,0.034671307,0.08418034,2.3087234364682834e-24,0.35707986,0.20707512,-0.018589182,0.034572955,3.2,1.18017578125,33.2
1,0.13610215485095978,0.0,0.13352344930171967,0.0,0,0,1,0,0,0,1,1,1,1,0,0,False,0.13891068,0.11902583,0.36388472,0.009634898,0.13336352,2.0778511638189365e-24,0.3578904,0.20627144,-0.10681871,0.14552796,4.8,1.18017578125,33.2
2,0.12198121845722198,0.0,0.13352344930171967,0.0,0,0,1,0,0,0,1,1,1,1,0,0,False,0.16672957,0.15594524,0.4180708,0.003552804,0.115035854,1.8700660296876727e-24,0.35723954,0.20685585,0.056838125,0.051538434,4.7,1.18017578125,33.2
3,0.12091336399316788,0.0,0.13352344930171967,0.0,0,0,0,0,0,0,1,1,1,1,0,0,False,0.13445453,0.0951383,0.31269136,0.036407676,0.100344986,1.6830593734707943e-24,0.3555748,0.20748062,-0.08403077,0.14643382,4.7,1.18017578125,33.2
4,0.12739598751068115,0.0,0.13352344930171967,0.0,0,0,0,0,0,0,1,1,1,1,0,0,False,0.20066367,0.13823359,0.42946926,0.061768457,0.14385471,1.5147534538730852e-24,0.35605058,0.20717189,0.048494693,0.077048056,4.8,1.18017578125,33.2
5,0.12334468960762024,0.0,0.13352344930171967,0.0,0,0,0,0,0,0,1,1,1,1,0,0,False,0.1453259,0.1191215,0.3110182,0.030468922,0.08571968,1.3632781084857766e-24,0.35632256,0.20828843,-0.06970415,0.0490991,4.7,1.18017578125,33.2
6,0.14232215285301208,0.0,0.13352344930171967,0.0,0,0,1,0,0,0,1,1,1,1,0,0,False,0.116419874,0.044997398,0.21041365,0.06461761,0.10488942,1.2269502532637731e-24,0.3576023,0.20666163,0.043257307,0.061066534,4.7,1.18017578125,33.2
7,0.14755482971668243,0.0,0.13352344930171967,0.0,0,0,0,0,0,0,1,1,1,1,0,0,False,0.34078074,0.17779516,0.707148,0.17553625,0.2863661,1.104255245686766e-24,0.35680106,0.20673092,0.032381523,0.04031882,4.8,1.18017578125,33.2
8,0.14995945990085602,0.0,0.13352344930171967,0.0,0,0,0,0,0,0,1,1,1,1,0,0,False,0.08564142,0.060859587,0.17815252,0.015553931,0.07851127,9.938297566168302e-25,0.3565435,0.2076927,0.07277334,0.073054016,4.6,1.18017578125,33.2
9,0.11941076070070267,0.0,0.13352344930171967,0.0,0,0,1,0,0,0,1,1,1,1,0,0,False,0.08477327,0.06411741,0.21518882,0.0262597,0.060297664,8.94446772080462e-25,0.3573272,0.20659621,-0.10238538,0.14537586,4.7,1.18017578125,33.2
10,0.10322216153144836,0.0,0.13352344930171967,0.0,0,0,1,0,0,0,1,1,1,1,0,0,False,0.27235436,0.15194508,0.50678146,0.104635246,0.22238328,8.05002103747101e-25,0.35677332,0.20752952,0.076028876,0.08836345,4.7,1.18017578125,33.2
11,0.12570011615753174,0.0,0.13352344930171967,0.0,0,0,1,0,0,0,1,1,1,1,0,0,False,0.16532041,0.14947508,0.4050751,0.008691771,0.1280598,7.245018756230206e-25,0.35762197,0.20572093,0.05522712,0.06462806,4.6,1.18017578125,33.2
12,0.11918605864048004,0.0,0.13352344930171967,0.0,0,0,0,0,0,0,1,1,1,1,0,0,False,0.13989791,0.11052574,0.32800218,0.03947485,0.08843918,6.520516969354037e-25,0.3578704,0.20645206,0.08748052,0.07611505,4.7,1.18017578125,33.2
13,0.1218871995806694,0.0,0.13352344930171967,0.0,0,0,0,0,0,0,1,1,1,1,0,0,False,0.28603506,0.20417884,0.59854734,0.078496486,0.1967322,5.868465449912337e-25,0.35836726,0.20526226,-0.018239124,0.051278632,4.7,1.18017578125,33.2
14,0.11826563626527786,0.0,0.13352344930171967,0.0,0,0,0,0,0,0,1,1,1,1,0,0,False,0.1428741,0.11804267,0.30688727,0.023403458,0.09901507,5.281618904921103e-25,0.35756525,0.20637813,0.06669067,0.067475855,4.7,1.18017578125,33.2
15,0.10574072599411011,0.0,0.13352344930171967,0.0,0,0,1,0,0,0,1,1,1,1,0,0,False,0.078606255,0.049009494,0.15911306,0.027286548,0.057764627,4.753457103175845e-25,0.3583429,0.20485446,-0.056402933,0.141997,4.6,1.18017578125,33.2
16,0.13853159546852112,0.0,0.13352344930171967,0.0,0,0,1,0,0,0,1,1,1,1,0,0,False,0.12166869,0.06988176,0.25983858,0.04971567,0.09552581,4.278111215364557e-25,0.35804766,0.20577247,0.13919517,0.10787279,5.5,1.18017578125,33.2
17,0.12219852209091187,0.0,0.13352344930171967,0.0,0,0,1,0,0,0,1,1,1,1,0,0,False,0.089280665,0.08050453,0.23613943,0.008481529,0.054620713,3.850299916334397e-25,0.35706726,0.20667243,0.07894142,0.07090894,6.9,1.18017578125,33.2
18,0.14113181829452515,0.0,0.13352344930171967,0.0,0,0,1,0,0,0,1,1,1,1,0,0,False,0.15280691,0.048878632,0.21912107,0.07941294,0.14577937,3.4652699247009576e-25,0.35776776,0.206177,0.001114402,0.038972374,6.7,1.18017578125,33.2
19,0.13587190210819244,0.0,0.13352344930171967,0.0,0,0,0,0,0,0,1,1,1,1,0,0,False,0.13180508,0.063686684,0.2690071,0.06840623,0.11269343,3.1187429766042876e-25,0.35679927,0.20776582,0.015223938,0.10341185,4.7,1.18017578125,33.2
20,0.12650205194950104,0.0,0.13352344930171967,0.0,0,0,0,0,0,0,1,1,1,1,0,0,False,0.12985225,0.11029212,0.31681716,0.024916897,0.07699166,2.806868568010294e-25,0.3568839,0.20708534,0.08608212,0.07488058,4.7,1.18017578125,33.2
21,0.11666680127382278,0.0,0.13352344930171967,0.0,0,0,0,0,0,0,1,1,1,1,0,0,False,0.14828281,0.108493336,0.3218759,0.044425245,0.101412684,2.5261817999561167e-25,0.357732,0.20631328,-0.04310323,0.050634507,4.7,1.18017578125,33.2
22,0.15275831520557404,0.0,0.13352344930171967,0.0,0,0,1,0,0,0,1,1,1,1,0,0,False,0.21142657,0.08796118,0.39451963,0.12963602,0.19874632,2.273563664333931e-25,0.35758772,0.20669463,-0.081325516,0.15022455,4.7,1.18017578125,33.2
23,0.1236155703663826,0.0,0.13352344930171967,0.0,0,0,1,0,0,0,1,1,1,1,0,0,False,0.146833,0.122978285,0.31826347,0.016918717,0.09514308,2.0462073200872506e-25,0.35676795,0.2078886,0.001215564,0.029924715,4.7,1.18017578125,33.2
24,0.12651792168617249,0.0,0.13352344930171967,0.0,0,0,0,0,0,0,1,1,1,1,0,0,False,0.1931773,0.15342122,0.42093328,0.033491883,0.12510607,1.8415865880785256e-25,0.35781187,0.2062319,-0.08480576,0.04441735,4.8,1.18017578125,33.2
25,0.138249009847641,0.0,0.13352344930171967,0.0,0,0,1,0,0,0,1,1,1,1,0,0,False,0.13857435,0.11514513,0.317922,0.016413609,0.090719804,1.657427884897247e-25,0.35732618,0.20669886,-0.06909813,0.09336064,4.6,1.18017578125,33.2
26,0.12618686258792877,0.0,0.13352344930171967,0.0,0,0,1,0,0,0,1,1,1,1,0,0,False,0.1815326,0.15032583,0.43523777,0.022822076,0.1262127,1.49168504094074e-25,0.35754701,0.20621936,0.01469982,0.041896045,4.7,1.18017578125,33.2
27,0.15945595502853394,0.0,0.13352344930171967,0.0,0,0,1,0,0,0,1,1,1,1,0,0,False,0.21009976,0.09084854,0.40384367,0.12275434,0.19189909,1.342516559033379e-25,0.35671204,0.20751515,-0.06409242,0.09386983,4.7,1.18017578125,33.2
28,0.13600681722164154,0.0,0.13352344930171967,0.0,0,0,1,0,0,0,1,1,1,1,0,0,False,0.17581113,0.16499254,0.41864952,0.0020872236,0.118654594,1.2082648698499718e-25,0.35710096,0.20711467,-0.0843446,0.14833792,4.7,1.18017578125,33.2
29,0.1055624857544899,0.0,0.13352344930171967,0.0,0,0,1,0,0,0,1,1,1,1,0,0,False,0.17510284,0.13928166,0.39309293,0.02749772,0.1205997,1.0874383606782615e-25,0.35704553,0.20681043,0.051777054,0.065566905,4.7,1.18017578125,33.2
30,0.12481614202260971,0.0,0.13352344930171967,0.0,0,0,1,0,0,0,1,1,1,1,0,0,False,0.111605056,0.07072984,0.22339153,0.04075163,0.07702042,9.786945135170789e-26,0.35626692,0.20839386,0.047526583,0.056739595,4.8,1.18017578125,33.2
31,0.11181271821260452,0.0,0.13352344930171967,0.0,0,0,1,0,0,0,1,1,1,1,0,0,False,0.25063682,0.1427738,0.48194075,0.08404375,0.20738877,8.80825039978658e-26,0.35448405,0.20821743,0.12334777,0.09440153,4.8,1.18017578125,33.2
32,0.13810668885707855,0.0,0.13352344930171967,0.0,0,0,1,0,0,0,1,1,1,1,0,0,False,0.1994632,0.13267508,0.46121585,0.07194342,0.14680171,7.927425137940793e-26,0.35836503,0.2052805,-0.06841435,0.15090151,4.7,1.18017578125,33.2
33,0.14135141670703888,0.0,0.13352344930171967,0.0,0,0,0,0,0,0,1,1,1,1,0,0,False,0.11871792,0.096996345,0.2938287,0.0032992745,0.10798175,7.134682790547061e-26,0.35626215,0.20808987,-0.2065038,0.1735069,4.9,1.18017578125,33.2
34,0.11859787255525589,0.0,0.13352344930171967,0.0,0,0,1,0,0,0,1,1,1,1,0,0,False,0.11311781,0.097623125,0.2771655,0.022825396,0.06757778,6.421214677892702e-26,0.3567528,0.2072639,0.07217232,0.07204792,4.7,1.18017578125,33.2
35,0.12437016516923904,0.0,0.13352344930171967,0.0,0,0,0,0,0,0,1,1,1,1,0,0,False,0.16178678,0.12713048,0.37326956,0.040389348,0.10322921,5.77909293276952e-26,0.35735828,0.20722918,0.1535079,0.12316222,4.7,1.18017578125,33.2
36,0.14448872208595276,0.0,0.13352344930171967,0.0,0,0,1,0,0,0,1,1,1,1,0,0,False,0.12840153,0.09966849,0.30014113,0.030286526,0.07153144,5.201183417625438e-26,0.35575372,0.20784035,0.029462678,0.03017245,4.6,1.18017578125,33.2
37,0.13996072113513947,0.0,0.13352344930171967,0.0,0,0,0,0,0,0,1,1,1,1,0,0,False,0.15336093,0.05971286,0.2806967,0.0958382,0.13696721,4.681065297730024e-26,0.35726628,0.20659983,0.016770922,0.060658205,4.7,1.18017578125,33.2
38,0.11626540869474411,0.0,0.13352344930171967,0.0,0,0,1,0,0,0,1,1,1,1,0,0,False,0.12928264,0.1063795,0.30411437,0.023422686,0.08047774,4.2129586570234566e-26,0.35801697,0.20533928,0.119719066,0.12440673,4.7,1.18017578125,33.2
39,0.11642681062221527,0.0,0.13352344930171967,0.0,0,0,0,0,0,0,1,1,1,1,0,0,False,0.118717074,0.047030345,0.1787889,0.04501965,0.12308186,3.791662652654155e-26,0.35785052,0.2064561,0.0225968,0.04304416,4.7,1.18017578125,33.2
40,0.09854994714260101,0.0,0.13352344930171967,0.0,0,0,1,0,0,0,1,1,1,1,0,0,False,0.19904202,0.150223,0.42264578,0.03842262,0.13661905,3.412496442855522e-26,0.3578951,0.206341,0.11886734,0.087972015,4.8,1.18017578125,33.2
41,0.1356566846370697,0.0,0.13352344930171967,0.0,0,0,1,0,0,0,1,1,1,1,0,0,False,0.16840208,0.1487175,0.3990023,0.0136272255,0.12815677,3.0712467708365783e-26,0.35609767,0.20750687,-0.036910538,0.024762848,4.8,1.18017578125,33.2
42,0.1104547381401062,0.0,0.13352344930171967,0.0,0,0,1,0,0,0,1,1,1,1,0,0,False,0.3541278,0.19495934,0.63879406,0.12137789,0.29527485,2.7641222046864855e-26,0.35625204,0.20814791,0.13655983,0.121420234,4.7,1.18017578125,33.2
43,0.14321500062942505,0.0,0.13352344930171967,0.0,0,0,1,0,0,0,1,1,1,1,0,0,False,0.1774341,0.15702197,0.42908463,0.013321846,0.13522382,2.4877098732842722e-26,0.3573522,0.20662193,0.043970313,0.047649026,4.7,1.18017578125,33.2
44,0.1283520758152008,0.0,0.13352344930171967,0.0,0,0,1,0,0,0,1,1,1,1,0,0,False,0.3085771,0.2632852,0.7951891,0.051229935,0.21864256,2.2389388582224537e-26,0.35650766,0.20785287,0.012651902,0.061912995,4.7,1.18017578125,33.2
45,0.13566680252552032,0.0,0.13352344930171967,0.0,0,0,0,0,0,0,1,1,1,1,0,0,False,0.14027198,0.08967793,0.31986716,0.0590624,0.11009785,2.0150449724002082e-26,0.35790828,0.20639488,0.03201157,0.03523278,3.9,1.18017578125,33.2
46,0.14290358126163483,0.0,0.13352344930171967,0.0,0,0,0,0,0,0,1,1,1,1,0,0,False,0.18093204,0.15465032,0.43702123,0.015475918,0.14768045,1.81354053062697e-26,0.3558074,0.20813373,-0.07099665,0.050246406,4.7,1.18017578125,33.2
47,0.11460805684328079,0.0,0.13352344930171967,0.0,0,0,1,0,0,0,1,1,1,1,0,0,False,0.20207556,0.12271503,0.4329112,0.08477014,0.16237786,1.632186477564273e-26,0.3560697,0.20772907,-0.09291827,0.15058042,4.7,1.18017578125,33.2
48,0.10499287396669388,0.0,0.13352344930171967,0.0,0,0,0,0,0,0,1,1,1,1,0,0,False,0.15688716,0.10395957,0.33949155,0.049998138,0.11831829,1.4689678436745413e-26,0.35710782,0.20702031,-0.11942621,0.14310719,4.7,1.18017578125,33.2
49,0.13619324564933777,0.0,0.13352344930171967,0.0,0,0,1,0,0,0,1,1,1,1,0,0,False,0.2957926,0.20341724,0.6993283,0.09970276,0.21831179,1.3220710038403047e-26,0.35729218,0.20668447,0.024692772,0.05225429,4.6,1.18017578125,33.2
0,0.12726320326328278,0.0,0.13352344930171967,0.0,0,0,0,0,0,0,1,1,1,1,0,0,False,0.11272607,0.059975155,0.21835953,0.058905102,0.08530658,1.1898638479894919e-26,0.35710338,0.20697391,-0.07898882,0.042879213,3.0,1.18017578125,33.2
1,0.11055649071931839,0.0,0.13352344930171967,0.0,0,0,1,0,0,0,1,1,1,1,0,0,False,0.17216857,0.10997287,0.35624108,0.059774697,0.13058187,1.0708774770572383e-26,0.35625672,0.20828333,-0.15745588,0.15230061,4.7,1.18017578125,33.2
2,0.12413375824689865,0.0,0.13352344930171967,0.0,0,0,1,0,0,0,1,1,1,1,0,0,False,0.20726557,0.1461788,0.48252088,0.058388688,0.16007988,9.637897016181232e-27,0.35679108,0.20741315,-0.086128116,0.054353785,4.7,1.18017578125,33.2
3,0.1087271124124527,0.0,0.13352344930171967,0.0,0,0,1,0,0,0,1,1,1,1,0,0,False,0.29416898,0.17191602,0.5452254,0.12575895,0.22686815,8.674107591897021e-27,0.3583556,0.20521784,0.098758586,0.08140567,4.7,1.18017578125,33.2
4,0.13493220508098602,0.0,0.13352344930171967,0.0,0,0,1,0,0,0,1,1,1,1,0,0,False,0.22812544,0.15336499,0.52368915,0.08373264,0.17168914,7.806696555373407e-27,0.35781068,0.2063497,-0.016600268,0.029753814,4.7,1.18017578125,33.2
5,0.1343134343624115,0.0,0.13352344930171967,0.0,0,0,0,0,0,0,1,1,1,1,0,0,False,0.10416994,0.08882657,0.23616815,0.0029638612,0.07684194,7.026027246503457e-27,0.35732204,0.2071375,0.13037235,0.106007926,4.6,1.18017578125,33.2
6,0.12132997810840607,0.0,0.13352344930171967,0.0,0,0,1,0,0,0,1,1,1,1,0,0,False,0.0803505,0.04036817,0.15503606,0.03171547,0.07423901,6.3234246605200665e-27,0.3567968,0.20743735,-0.083688594,0.131337,4.8,1.18017578125,33.2
7,0.13744498789310455,0.0,0.13352344930171967,0.0,0,0,1,0,0,0,1,1,1,1,0,0,False,0.30724838,0.12678948,0.5238636,0.13619395,0.29819873,5.69108219446806e-27,0.3583194,0.20546353,-0.07190884,0.039285507,4.7,1.18017578125,33.2
8,0.13369137048721313,0.0,0.13352344930171967,0.0,0,0,0,0,0,0,1,1,1,1,0,0,False,0.21883504,0.14344928,0.45767853,0.06143384,0.15195636,5.121973940354515e-27,0.3573193,0.20682275,-0.16990109,0.16287315,4.7,1.18017578125,33.2
9,0.09847687929868698,0.0,0.13352344930171967,0.0,0,0,1,0,0,0,1,1,1,1,0,0,False,0.12208384,0.091211215,0.2711655,0.03026171,0.0827778,4.609776684986019e-27,0.35761592,0.20644021,0.04999138,0.04986308,4.7,1.18017578125,33.2
10,0.11707364022731781,0.0,0.13352344930171967,0.0,0,0,1,0,0,0,1,1,1,1,0,0,False,0.16446538,0.110804476,0.37818295,0.046118986,0.13928345,4.148798843153722e-27,0.3555245,0.20797756,0.05232774,0.039240018,4.8,1.18017578125,33.2
11,0.15330170094966888,0.0,0.13352344930171967,0.0,0,0,1,0,0,0,1,1,1,1,0,0,False,0.32910824,0.15210947,0.6461199,0.17932153,0.29667172,3.7339190975053066e-27,0.358302,0.20496425,0.010051987,0.014897282,4.7,1.18017578125,33.2
12,0.1271127313375473,0.0,0.13352344930171967,0.0,0,0,1,0,0,0,1,1,1,1,0,0,False,0.24524601,0.093752645,0.35740837,0.0914402,0.2541667,3.360527118421298e-27,0.35642833,0.20755108,0.037837893,0.058208253,4.7,1.18017578125,33.2
13,0.13099539279937744,0.0,0.13352344930171967,0.0,0,0,0,0,0,0,1,1,1,1,0,0,False,0.18466865,0.123402506,0.35788485,0.05632208,0.13507515,3.0244743372456897e-27,0.3577396,0.20629147,-0.010256835,0.029055977,4.7,1.18017578125,33.2
14,0.10987090319395065,0.0,0.13352344930171967,0.0,0,0,1,0,0,0,1,1,1,1,0,0,False,0.17252319,0.11186866,0.3534594,0.060341045,0.12870142,2.7220269728545988e-27,0.3550159,0.20938964,0.027071482,0.03594576,4.7,1.18017578125,33.2
15,0.1164737343788147,0.0,0.13352344930171967,0.0,0,0,0,0,0,0,1,1,1,1,0,0,False,0.08570185,0.0920819,0.26039493,0.0038191366,0.044413634,2.4498242582357696e-27,0.35478133,0.20975459,0.016662838,0.05733053,4.7,1.18017578125,33.2
16,0.138482466340065,0.0,0.13352344930171967,0.0,0,0,1,0,0,0,1,1,1,1,0,0,False,0.1617812,0.097557016,0.3429725,0.06329704,0.12929499,2.2048418670789315e-27,0.35707083,0.20694706,0.06774655,0.07183648,4.7,1.18017578125,33.2
17,0.133855938911438,0.0,0.13352344930171967,0.0,0,0,0,0,0,0,1,1,1,1,0,0,False,0.25906202,0.09483045,0.38143086,0.11058612,0.25430414,1.9843577670378858e-27,0.3567717,0.20768413,-0.07901548,0.042342767,4.8,1.18017578125,33.2
18,0.15890583395957947,0.0,0.13352344930171967,0.0,0,0,1,0,0,0,1,1,1,1,0,0,False,0.34280944,0.18600217,0.72116673,0.1613482,0.2938146,1.7859220596675753e-27,0.35786486,0.20642051,-0.15089081,0.15962459,4.8,1.18017578125,33.2
19,0.1345369666814804,0.0,0.13352344930171967,0.0,0,0,1,0,0,0,1,1,1,1,0,0,False,0.16842282,0.13535562,0.40314937,0.020211833,0.12514679,1.6073299403676653e-27,0.3556938,0.20792897,0.10851487,0.07991128,4.7,1.18017578125,33.2
20,0.11807391047477722,0.0,0.13352344930171967,0.0,0,0,1,0,0,0,1,1,1,1,0,0,False,0.08621477,0.07332032,0.2208803,0.023753539,0.047582638,1.4465969116641598e-27,0.35509527,0.20756254,0.00074823946,0.063376084,4.7,1.18017578125,33.2
21,0.14072929322719574,0.0,0.13352344930171967,0.0,0,0,1,0,0,0,1,1,1,1,0,0,False,0.28048164,0.12833484,0.54020417,0.15380009,0.25742975,1.3019372031643743e-27,0.35826007,0.20502523,-0.027990362,0.0383321,4.9,1.18017578125,33.2
22,0.12237906455993652,0.0,0.13352344930171967,0.0,0,0,1,0,0,0,1,1,1,1,0,0,False,0.084307395,0.09003437,0.25047037,0.0034906447,0.043022823,1.1717434915146215e-27,0.3573492,0.20683078,-0.08328087,0.12013418,4.6,1.18017578125,33.2
23,0.11880762130022049,0.0,0.13352344930171967,0.0,0,0,0,0,0,0,1,1,1,1,0,0,False,0.22167127,0.1323209,0.43528712,0.07046485,0.17814946,1.0545691336964747e-27,0.35734028,0.20713477,0.024634898,0.02344784,4.6,1.18017578125,33.2
24,0.14554210007190704,0.0,0.13352344930171967,0.0,0,0,1,0,0,0,1,1,1,1,0,0,False,0.12302045,0.0984854,0.2680455,0.010485161,0.10813314,9.491122203268273e-28,0.35781354,0.20612788,0.09555304,0.090159096,4.7,1.18017578125,33.2
25,0.1050894483923912,0.0,0.13352344930171967,0.0,0,0,1,0,0,0,1,1,1,1,0,0,False,0.1673909,0.12976661,0.3524062,0.03451162,0.10468151,8.54201015627514e-28,0.35833377,0.20540583,-0.04140598,0.024862602,4.6,1.18017578125,33.2
26,0.1366586536169052,0.0,0.13352344930171967,0.0,0,0,1,0,0,0,1,1,1,1,0,0,False,0.06525737,0.056445815,0.18066189,0.014083627,0.0524501,7.687808707313388e-28,0.35729343,0.20713508,-0.14101775,0.16416197,4.8,1.18017578125,33.2
27,0.11454660445451736,0.0,0.13352344930171967,0.0,0,0,1,0,0,0,1,1,1,1,0,0,False,0.15201421,0.13699357,0.3599172,0.013283601,0.10834713,6.919027836582049e-28,0.35656232,0.20715141,-0.04099333,0.02315004,4.7,1.18017578125,33.2
28,0.1096520721912384,0.0,0.13352344930171967,0.0,0,0,0,0,0,0,1,1,1,1,0,0,False,0.15987019,0.111521825,0.35159448,0.055105325,0.11284177,6.227125226257539e-28,0.35586533,0.20670374,0.052389253,0.04539241,4.6,1.18017578125,33.2
29,0.11431655287742615,0.0,0.13352344930171967,0.0,0,0,0,0,0,0,1,1,1,1,0,0,False,0.16289295,0.08051005,0.30988365,0.06619496,0.14708397,5.604412660298362e-28,0.35632595,0.2081527,0.0087521635,0.056704808,4.7,1.18017578125,33.2
30,0.13277947902679443,0.0,0.13352344930171967,0.0,0,0,1,0,0,0,1,1,1,1,0,0,False,0.08208094,0.06006245,0.16657571,0.0018200183,0.084576845,5.043971524268797e-28,0.35784966,0.20607197,-0.0040388727,0.081781045,4.6,1.18017578125,33.2
31,0.13273142278194427,0.0,0.13352344930171967,0.0,0,0,0,0,0,0,1,1,1,1,0,0,False,0.13953078,0.06752152,0.2852236,0.07436088,0.12101363,4.539574371841917e-28,0.35708022,0.20751782,-0.11006808,0.15104671,4.7,1.18017578125,33.2
32,0.11563389748334885,0.0,0.13352344930171967,0.0,0,0,1,0,0,0,1,1,1,1,0,0,False,0.06790967,0.063994385,0.19433661,0.010428888,0.03273125,4.085616891324302e-28,0.35776302,0.20565093,0.044436976,0.03241043,4.7,1.18017578125,33.2
33,0.12801852822303772,0.0,0.13352344930171967,0.0,0,0,1,0,0,0,1,1,1,1,0,0,False,0.2271217,0.13719514,0.5080878,0.09674427,0.17706172,3.6770550721916006e-28,0.3562695,0.20802328,0.036175046,0.08231863,4.7,1.18017578125,33.2
34,0.14066942036151886,0.0,0.13352344930171967,0.0,0,0,1,0,0,0,1,1,1,1,0,0,False,0.36454713,0.19595405,0.7560519,0.18097118,0.3118781,3.3093495216390164e-28,0.3570652,0.20689817,0.01101135,0.02182641,4.7,1.18017578125,33.2
35,0.10529667884111404,0.0,0.13352344930171967,0.0,0,0,1,0,0,0,1,1,1,1,0,0,False,0.26186058,0.15684415,0.48473704,0.10371763,0.2032417,2.978414547808403e-28,0.35787413,0.20613639,0.054039586,0.06847278,4.7,1.18017578125,33.2
36,0.12639756500720978,0.0,0.13352344930171967,0.0,0,0,1,0,0,0,1,1,1,1,0,0,False,0.2173311,0.13741454,0.46895006,0.08577453,0.16916606,2.6805730930275627e-28,0.35751635,0.20586793,0.076717466,0.057134707,4.7,1.18017578125,33.2
37,0.17119979858398438,0.0,0.13352344930171967,0.0,0,0,1,0,0,0,1,1,1,1,0,0,False,0.35085142,0.15666655,0.67927366,0.19242756,0.31766087,2.4125157837248064e-28,0.35769007,0.20610523,0.06247127,0.06691142,4.6,1.18017578125,33.2
38,0.11735019832849503,0.0,0.13352344930171967,0.0,0,0,1,0,0,0,1,1,1,1,0,0,False,0.104109935,0.049033526,0.16638875,0.03535987,0.09886263,2.1712640970187667e-28,0.3572999,0.20681581,-0.17072298,0.19131738,4.7,1.18017578125,33.2
39,0.12689179182052612,0.0,0.13352344930171967,0.0,0,0,0,0,0,0,1,1,1,1,0,0,False,0.13270573,0.094072804,0.30722713,0.039705086,0.096614294,1.954137643983466e-28,0.35834658,0.2053153,0.08524554,0.11953118,4.7,1.18017578125,33.2
40,0.11364755779504776,0.0,0.13352344930171967,0.0,0,0,1,0,0,0,1,1,1,1,0,0,False,0.099644445,0.073397115,0.22434819,0.03544178,0.06377119,1.7587238362516957e-28,0.35739526,0.2067928,0.07725471,0.099202305,4.7,1.18017578125,33.2
41,0.12103251367807388,0.0,0.13352344930171967,0.0,0,0,0,0,0,0,1,1,1,1,0,0,False,0.16907303,0.10561776,0.3588948,0.046084933,0.13812904,1.5828514526265261e-28,0.35758418,0.20674217,-0.038814705,0.025798613,4.7,1.18017578125,33.2
42,0.12796546518802643,0.0,0.13352344930171967,0.0,0,0,0,0,0,0,1,1,1,1,0,0,False,0.061408475,0.065119594,0.1961979,0.011602739,0.03130396,1.4245662640304497e-28,0.35755077,0.20664887,0.022803025,0.05190347,4.6,1.18017578125,33.2
43,0.11304816603660583,0.0,0.13352344930171967,0.0,0,0,1,0,0,0,1,1,1,1,0,0,False,0.20614558,0.14164308,0.4022491,0.06292547,0.14892656,1.2821096917941844e-28,0.35827258,0.20507959,-0.06938522,0.050275743,4.7,1.18017578125,33.2
44,0.12502150237560272,0.0,0.13352344930171967,0.0,0,0,1,0,0,0,1,1,1,1,0,0,False,0.15621229,0.11065956,0.34903616,0.043798074,0.11112253,1.1538987659481898e-28,0.35782638,0.20609924,-0.016761636,0.038370132,4.7,1.18017578125,33.2
45,0.1517266184091568,0.0,0.13352344930171967,0.0,0,0,1,0,0,0,1,1,1,1,0,0,False,0.29354665,0.113504775,0.51600635,0.1704875,0.27566576,1.0385089001867268e-28,0.35551685,0.20765695,0.104659796,0.0777693,4.7,1.18017578125,33.2
46,0.14155571162700653,0.0,0.13352344930171967,0.0,0,0,1,0,0,0,1,1,1,1,0,0,False,0.10611416,0.06607836,0.19446152,0.017861009,0.09386743,9.346579668346304e-29,0.35651633,0.20790479,0.07362906,0.073315136,4.7,1.18017578125,33.2
47,0.1006198525428772,0.0,0.13352344930171967,0.0,0,0,1,0,0,0,1,1,1,1,0,0,False,0.23355232,0.15047601,0.44573048,0.07442497,0.16472366,8.411921593178113e-29,0.3569705,0.20711315,0.080643184,0.07058977,4.9,1.18017578125,33.2
48,0.12133396416902542,0.0,0.13352344930171967,0.0,0,0,1,0,0,0,1,1,1,1,0,0,False,0.18757796,0.12032731,0.40074828,0.051647045,0.14820597,7.570729379693523e-29,0.35554904,0.20893379,-0.038917605,0.02474553,4.7,1.18017578125,33.2
49,0.13306041061878204,0.0,0.13352344930171967,0.0,0,0,1,0,0,0,1,1,1,1,0,0,False,0.24241853,0.1358476,0.4778446,0.06990689,0.21404746,6.81365655005773e-29,0.3576267,0.20628937,-0.060586017,0.031403538,4.7,1.18017578125,33.2
0,0.13985952734947205,0.0,0.13352344930171967,0.0,0,0,0,0,0,0,1,1,1,1,0,0,False,0.21287714,0.09038213,0.39456525,0.124951854,0.19650081,6.132291003385516e-29,0.3583596,0.20531544,-0.017289424,0.027186764,3.1,1.18017578125,33.2
1,0.13209570944309235,0.0,0.13352344930171967,0.0,0,0,0,0,0,0,1,1,1,1,0,0,False,0.2123539,0.12716706,0.40144002,0.083285354,0.16593659,5.519061848880185e-29,0.35651252,0.20721312,0.07264664,0.11545979,4.7,1.18017578125,33.2
2,0.10817285627126694,0.0,0.13352344930171967,0.0,0,0,1,0,0,0,1,1,1,1,0,0,False,0.080799036,0.06856115,0.20950924,0.027463863,0.041787893,4.9671554473250477e-29,0.3545129,0.2079608,-0.021890996,0.024537154,4.7,1.18017578125,33.2
3,0.12300164997577667,0.0,0.13352344930171967,0.0,0,0,1,0,0,0,1,1,1,1,0,0,False,0.14524077,0.06514205,0.24055292,0.053923868,0.14283068,4.470439848425763e-29,0.3572914,0.20706221,0.07719527,0.09940824,4.7,1.18017578125,33.2
4,0.11512326449155807,0.0,0.13352344930171967,0.0,0,0,0,0,0,0,1,1,1,1,0,0,False,0.18629612,0.11675007,0.36801347,0.057975087,0.14481491,4.0233957281662373e-29,0.3565077,0.20770088,0.13814759,0.097897775,4.7,1.18017578125,33.2
5,0.1288623958826065,0.0,0.13352344930171967,0.0,0,0,1,0,0,0,1,1,1,1,0,0,False,0.17996697,0.12562694,0.3829469,0.054901928,0.12757106,3.621056263683173e-29,0.35602337,0.206828,-0.13627136,0.15939236,4.7,1.18017578125,33.2
6,0.11564411967992783,0.0,0.13352344930171967,0.0,0,0,1,0,0,0,1,1,1,1,0,0,False,0.16722079,0.15275913,0.4016707,0.009397192,0.108528495,3.258950528981297e-29,0.3578455,0.20636353,-0.13457993,0.15801235,4.6,1.18017578125,33.2
7,0.13256166875362396,0.0,0.13352344930171967,0.0,0,0,1,0,0,0,1,1,1,1,0,0,False,0.15218417,0.117661305,0.36062625,0.04038519,0.10032458,2.9330555573333364e-29,0.35653055,0.20758352,0.07672273,0.08984969,4.7,1.18017578125,33.2
8,0.13631781935691833,0.0,0.13352344930171967,0.0,0,0,0,0,0,0,1,1,1,1,0,0,False,0.07719585,0.058979344,0.18068957,0.020687701,0.053691972,2.6397500286833924e-29,0.3573349,0.2070727,-0.0060003833,0.021900913,4.7,1.18017578125,33.2
9,0.13655176758766174,0.0,0.13352344930171967,0.0,0,0,0,0,0,0,1,1,1,1,0,0,False,0.22423156,0.11619786,0.46993148,0.11292157,0.18755752,2.3757749987316636e-29,0.35549062,0.20834175,0.094150074,0.07885897,4.6,1.18017578125,33.2
10,0.12310119718313217,0.0,0.13352344930171967,0.0,0,0,1,0,0,0,1,1,1,1,0,0,False,0.104096524,0.09760406,0.25754386,0.020325221,0.05066295,2.1381974717751074e-29,0.35704812,0.20713714,0.04065512,0.08365157,4.6,1.18017578125,33.2
11,0.1411176323890686,0.0,0.13352344930171967,0.0,0,0,1,0,0,0,1,1,1,1,0,0,False,0.20947091,0.084184565,0.37667772,0.11566449,0.19816437,1.9243777652226813e-29,0.35604063,0.20742555,-0.14007792,0.16071212,4.6,1.18017578125,33.2
12,0.12010335922241211,0.0,0.13352344930171967,0.0,0,0,1,0,0,0,1,1,1,1,0,0,False,0.15930098,0.11308202,0.35914612,0.04717625,0.113414556,1.731939988700413e-29,0.35729843,0.20664659,0.078588605,0.073166125,4.8,1.18017578125,33.2
13,0.1118573397397995,0.0,0.13352344930171967,0.0,0,0,0,0,0,0,1,1,1,1,0,0,False,0.3377726,0.21380931,0.6639117,0.12998521,0.2531199,1.5587460439971516e-29,0.35493645,0.20665188,0.017736644,0.022517292,4.6,1.18017578125,33.2
14,0.11927303671836853,0.0,0.13352344930171967,0.0,0,0,0,0,0,0,1,1,1,1,0,0,False,0.1861115,0.11699042,0.38625365,0.05597534,0.14665097,1.4028713854306566e-29,0.35832995,0.2054369,0.058812905,0.06329177,4.7,1.18017578125,33.2
15,0.12411856651306152,0.0,0.13352344930171967,0.0,0,0,0,0,0,0,1,1,1,1,0,0,False,0.10770675,0.082250506,0.24879166,0.03583778,0.066666424,1.2625843010543707e-29,0.35839638,0.20551285,0.045087457,0.033190962,4.6,1.18017578125,33.2
16,0.13113531470298767,0.0,0.13352344930171967,0.0,0,0,0,0,0,0,1,1,1,1,0,0,False,0.10936461,0.050386995,0.17709349,0.0373922,0.11814832,1.1363258709489336e-29,0.3561906,0.20775183,-0.20545888,0.1723482,4.7,1.18017578125,33.2
17,0.13267669081687927,0.0,0.13352344930171967,0.0,0,0,0,0,0,0,1,1,1,1,0,0,False,0.21376772,0.15314491,0.4365834,0.06541316,0.14763309,1.0226933109374302e-29,0.35756314,0.20660727,0.010674783,0.055615783,4.7,1.18017578125,33.2
18,0.11042196303606033,0.0,0.13352344930171967,0.0,0,0,1,0,0,0,1,1,1,1,0,0,False,0.14966601,0.112494156,0.34397137,0.042013712,0.097908676,9.20423993385382e-30,0.3580985,0.20559092,0.053535502,0.06667397,4.6,1.18017578125,33.2
19,0.11961433291435242,0.0,0.13352344930171967,0.0,0,0,0,0,0,0,1,1,1,1,0,0,False,0.11201503,0.08669984,0.25949648,0.024825707,0.0799174,8.28381566963454e-30,0.35705438,0.20744494,0.072550185,0.071953036,4.7,1.18017578125,33.2
20,0.12272916734218597,0.0,0.13352344930171967,0.0,0,0,0,0,0,0,1,1,1,1,0,0,False,0.20120198,0.12382783,0.41661963,0.059121527,0.162743,7.45543430579651e-30,0.35523224,0.20799227,0.1343891,0.11241076,4.6,1.18017578125,33.2
21,0.11233043670654297,0.0,0.13352344930171967,0.0,0,0,1,0,0,0,1,1,1,1,0,0,False,0.2828317,0.1721485,0.52831227,0.107098594,0.21692921,6.709890875216859e-30,0.3555678,0.20886931,0.016801752,0.057096314,4.7,1.18017578125,33.2
22,0.1277545541524887,0.0,0.13352344930171967,0.0,0,0,1,0,0,0,1,1,1,1,0,0,False,0.20996845,0.1663693,0.51359546,0.043412056,0.15536807,6.038901923112122e-30,0.35681543,0.20739317,-0.1260943,0.15801603,4.7,1.18017578125,33.2
23,0.1024070754647255,0.0,0.13352344930171967,0.0,0,0,1,0,0,0,1,1,1,1,0,0,False,0.1295227,0.11161031,0.3109576,0.011401116,0.10565366,5.43501173080091e-30,0.35777837,0.20620799,-0.047757387,0.038874406,4.7,1.18017578125,33.2
24,0.12283484637737274,0.0,0.13352344930171967,0.0,0,0,1,0,0,0,1,1,1,1,0,0,False,0.07689435,0.07290132,0.21906145,0.019734705,0.038406283,4.891510726992005e-30,0.35808903,0.20599806,-0.12170645,0.11970804,6.7,1.18017578125,33.2
25,0.1365734338760376,0.0,0.13352344930171967,0.0,0,0,1,0,0,0,1,1,1,1,0,0,False,0.10917007,0.047746804,0.2038218,0.056582913,0.09216298,4.402359654292805e-30,0.35803518,0.20577797,0.067684166,0.059766877,6.9,1.18017578125,33.2
26,0.14467743039131165,0.0,0.13352344930171967,0.0,0,0,0,0,0,0,1,1,1,1,0,0,False,0.23651975,0.10605159,0.44388223,0.13342407,0.2107639,3.962123553446575e-30,0.35731944,0.20684314,-0.116017364,0.15463005,5.4,1.18017578125,33.2
27,0.1630791872739792,0.0,0.13352344930171967,0.0,0,0,1,0,0,0,1,1,1,1,0,0,False,0.22667386,0.13396811,0.50773877,0.091742404,0.19458616,3.5659111642476804e-30,0.3580206,0.20569079,0.15149425,0.12962194,4.8,1.18017578125,33.2
28,0.12257260084152222,0.0,0.13352344930171967,0.0,0,0,1,0,0,0,1,1,1,1,0,0,False,0.07443419,0.072640374,0.20529611,0.0075459196,0.045216706,3.20932008167715e-30,0.35710588,0.20761636,-0.056489762,0.090691425,4.7,1.18017578125,33.2
29,0.12034227699041367,0.0,0.13352344930171967,0.0,0,0,0,0,0,0,1,1,1,1,0,0,False,0.06808055,0.056365635,0.18793418,0.018654982,0.053959638,2.88838800580096e-30,0.35605574,0.20846054,0.07275218,0.07223744,4.7,1.18017578125,33.2
30,0.14420084655284882,0.0,0.13352344930171967,0.0,0,0,1,0,0,0,1,1,1,1,0,0,False,0.32229838,0.1511027,0.63231415,0.17209923,0.28857863,2.5995492390751013e-30,0.35734886,0.20690992,-0.18092322,0.19451098,4.6,1.18017578125,33.2
31,0.11063173413276672,0.0,0.13352344930171967,0.0,0,0,1,0,0,0,1,1,1,1,0,0,False,0.10714296,0.0850917,0.23157506,0.011844405,0.078886434,2.339594230531998e-30,0.35784918,0.2063581,0.033853915,0.055475097,4.7,1.18017578125,33.2
32,0.15194465219974518,0.0,0.13352344930171967,0.0,0,0,1,0,0,0,1,1,1,1,0,0,False,0.13064916,0.10132704,0.2960852,0.00039384485,0.12975508,2.105634875187273e-30,0.35633865,0.20809922,-0.01182489,0.033677865,4.7,1.18017578125,33.2
33,0.13045042753219604,0.0,0.13352344930171967,0.0,0,0,1,0,0,0,1,1,1,1,0,0,False,0.09305936,0.0774647,0.25580603,0.02994036,0.057512395,1.8950713368871895e-30,0.3575593,0.20604551,0.054109693,0.060672835,4.7,1.18017578125,33.2
34,0.12974438071250916,0.0,0.13352344930171967,0.0,0,0,0,0,0,0,1,1,1,1,0,0,False,0.09520364,0.08390262,0.25493035,0.028662538,0.04869376,1.705564287834064e-30,0.35755718,0.20639499,0.0812911,0.0603442,4.7,1.18017578125,33.2
35,0.14938277006149292,0.0,0.13352344930171967,0.0,0,0,1,0,0,0,1,1,1,1,0,0,False,0.22384413,0.14565942,0.50436187,0.06862756,0.1840049,1.5350078251964201e-30,0.35732472,0.20652494,0.050346855,0.07167504,4.9,1.18017578125,33.2
36,0.112409807741642,0.0,0.13352344930171967,0.0,0,0,1,0,0,0,1,1,1,1,0,0,False,0.15053664,0.11766028,0.33077058,0.03789619,0.095240146,1.3815070426767782e-30,0.35707206,0.20753503,0.06244855,0.09665724,4.7,1.18017578125,33.2
37,0.11654037237167358,0.0,0.13352344930171967,0.0,0,0,0,0,0,0,1,1,1,1,0,0,False,0.12529776,0.075580105,0.2492062,0.051957138,0.09698531,1.2433563637997784e-30,0.35568148,0.20870268,-0.0032811582,0.01023203,4.6,1.18017578125,33.2
38,0.1092798113822937,0.0,0.13352344930171967,0.0,0,0,0,0,0,0,1,1,1,1,0,0,False,0.10737776,0.10069045,0.26328948,0.010918694,0.054657552,1.1190207528104785e-30,0.35757992,0.2066396,-0.046437323,0.050018203,4.8,1.18017578125,33.2
39,0.10399085283279419,0.0,0.13352344930171967,0.0,0,0,0,0,0,0,1,1,1,1,0,0,False,0.18857956,0.12124731,0.37735513,0.0668189,0.14115757,1.0071187029201086e-30,0.3577975,0.20634007,-0.012779157,0.018848853,4.7,1.18017578125,33.2
40,0.10903563350439072,0.0,0.13352344930171967,0.0,0,0,0,0,0,0,1,1,1,1,0,0,False,0.11280493,0.11023706,0.27464008,0.0009973407,0.06700748,9.064068326280978e-31,0.3544294,0.20902744,-0.017217573,0.034478076,4.8,1.18017578125,33.2
41,0.12898372113704681,0.0,0.13352344930171967,0.0,0,0,1,0,0,0,1,1,1,1,0,0,False,0.080922425,0.03660877,0.14619161,0.04007576,0.06466693,8.15766174755966e-31,0.35678387,0.20747678,0.010378592,0.12508966,4.7,1.18017578125,33.2
42,0.11106030642986298,0.0,0.13352344930171967,0.0,0,0,1,0,0,0,1,1,1,1,0,0,False,0.07695361,0.055793144,0.1690064,0.0291229,0.04395043,7.341895657439287e-31,0.35346854,0.20879611,0.1109696,0.120852865,4.6,1.18017578125,33.2
43,0.10397323966026306,0.0,0.13352344930171967,0.0,0,0,0,0,0,0,1,1,1,1,0,0,False,0.16985612,0.12468735,0.353454,0.038476113,0.10994666,6.6077060070597645e-31,0.35755953,0.20682792,-0.04337361,0.13290197,4.7,1.18017578125,33.2
44,0.12988972663879395,0.0,0.13352344930171967,0.0,0,0,1,0,0,0,1,1,1,1,0,0,False,0.15788247,0.07486962,0.31728953,0.08985658,0.13720432,5.946935194764805e-31,0.358401,0.20522296,0.04910471,0.076540254,4.6,1.18017578125,33.2
45,0.12624473869800568,0.0,0.13352344930171967,0.0,0,0,0,0,0,0,1,1,1,1,0,0,False,0.15177523,0.10901361,0.35879064,0.03919689,0.11246,5.352241506017138e-31,0.35650587,0.2077407,-0.042941168,0.04828751,4.7,1.18017578125,33.2
46,0.12483156472444534,0.0,0.13352344930171967,0.0,0,0,0,0,0,0,1,1,1,1,0,0,False,0.081717886,0.03418177,0.13541861,0.047484677,0.06742294,4.817017440051017e-31,0.35815278,0.20592146,-0.07707682,0.041873615,4.7,1.18017578125,33.2
47,0.13651928305625916,0.0,0.13352344930171967,0.0,0,0,1,0,0,0,1,1,1,1,0,0,False,0.12602058,0.11051159,0.29450157,0.0124444775,0.07487971,4.3353156537281196e-31,0.3570283,0.20728974,0.070274375,0.0979793,4.6,1.18017578125,33.2
48,0.12372493743896484,0.0,0.13352344930171967,0.0,0,0,1,0,0,0,1,1,1,1,0,0,False,0.21641904,0.1742645,0.5402784,0.047650214,0.15228999,3.901784215308697e-31,0.3583717,0.20526886,0.008887477,0.03011149,4.7,1.18017578125,33.2
49,0.1222819983959198,0.0,0.13352344930171967,0.0,0,0,0,0,0,0,1,1,1,1,0,0,False,0.107699364,0.040916935,0.1587825,0.050148763,0.10359466,3.5116058784134206e-31,0.35779336,0.2062041,-0.2016999,0.17358567,4.6,1.18017578125,33.2
0,0.13697105646133423,0.0,0.13352344930171967,0.0,0,0,1,0,0,0,1,1,1,1,0,0,False,0.17205644,0.09527794,0.36672804,0.08410858,0.14148445,3.16044539636657e-31,0.35621622,0.20797305,0.10105679,0.08964125,2.7,1.18017578125,33.2
1,0.13511252403259277,0.0,0.13352344930171967,0.0,0,0,0,0,0,0,1,1,1,1,0,0,False,0.06586469,0.0523491,0.17191015,0.020186668,0.046454154,2.8444008567299133e-31,0.35649148,0.2076858,-0.103987336,0.10507702,1.9,1.18017578125,33.2
2,0.12469542771577835,0.0,0.13352344930171967,0.0,0,0,1,0,0,0,1,1,1,1,0,0,False,0.15682429,0.11003918,0.363991,0.040647678,0.118423045,2.5599607287391254e-31,0.35761264,0.20670195,0.06690634,0.0704428,1.8,1.18017578125,33.2
3,0.10514648258686066,0.0,0.13352344930171967,0.0,0,0,1,0,0,0,1,1,1,1,0,0,False,0.24442826,0.14516023,0.4649393,0.092665024,0.19067504,2.3039647193419075e-31,0.35709828,0.20743811,0.058801506,0.062078252,1.8,1.18017578125,33.2
4,0.1247788816690445,0.0,0.13352344930171967,0.0,0,0,1,0,0,0,1,1,1,1,0,0,False,0.157719,0.08110174,0.3124926,0.06397627,0.1376543,2.0735682262488187e-31,0.35529935,0.20710234,0.011444066,0.027891308,2.1,1.18017578125,33.2
5,0.12638352811336517,0.0,0.13352344930171967,0.0,0,0,0,0,0,0,1,1,1,1,0,0,False,0.085068524,0.086222224,0.24082753,0.0046858406,0.040098526,1.8662114459417334e-31,0.35607642,0.20726593,-0.07749783,0.15931436,7.2,1.18017578125,33.0
6,0.12458984553813934,0.0,0.13352344930171967,0.0,0,0,0,0,0,0,1,1,1,1,0,0,False,0.19715266,0.14946589,0.40400127,0.045916665,0.12943447,1.6795902801886617e-31,0.35759002,0.2066777,-0.021873796,0.026497647,6.9,1.18017578125,32.7
7,0.11600545048713684,0.0,0.13352344930171967,0.0,0,0,0,0,0,0,1,1,1,1,0,0,False,0.15156247,0.13097137,0.3591555,0.019745631,0.10802321,1.5116312627492446e-31,0.35759166,0.20638306,0.015021357,0.051749732,6.9,1.18017578125,32.4
8,0.12452343106269836,0.0,0.13352344930171967,0.0,0,0,0,0,0,0,1,1,1,1,0,0,False,0.18348366,0.16916497,0.43493295,0.0025818585,0.13029367,1.3604681787921169e-31,0.35495812,0.20861945,0.1520724,0.113489054,6.0,1.18017578125,32.2
9,0.11063951253890991,0.0,0.13352344930171967,0.0,0,0,1,0,0,0,1,1,1,1,0,0,False,0.38102213,0.23340937,0.71507543,0.14733928,0.29184914,1.2244213291745578e-31,0.35630542,0.20804599,0.016536327,0.035921026,4.7,1.18017578125,32.2
10,0.14434130489826202,0.0,0.13352344930171967,0.0,0,0,1,0,0,0,1,1,1,1,0,0,False,0.088585325,0.03373746,0.15046385,0.050958253,0.07318529,1.1019792279954494e-31,0.35790262,0.20651951,0.025738424,0.06015556,4.8,1.18017578125,32.2
11,0.11707581579685211,0.0,0.13352344930171967,0.0,0,0,1,0,0,0,1,1,1,1,0,0,False,0.19707294,0.10958162,0.3854413,0.062660016,0.17173585,9.917812522986587e-32,0.35728583,0.20681491,0.033969,0.053411033,4.8,1.18017578125,32.2
12,0.13013726472854614,0.0,0.13352344930171967,0.0,0,0,1,0,0,0,1,1,1,1,0,0,False,0.17408268,0.14186308,0.4021536,0.036003534,0.11324878,8.926031482276911e-32,0.35731784,0.20679495,0.054081906,0.043216158,4.9,1.18017578125,32.2
13,0.11630721390247345,0.0,0.13352344930171967,0.0,0,0,1,0,0,0,1,1,1,1,0,0,False,0.16486965,0.13052887,0.37769106,0.035797723,0.09951219,8.033428545638203e-32,0.3548867,0.20660341,0.12614758,0.09939515,4.8,1.18017578125,32.2
14,0.11606001108884811,0.0,0.13352344930171967,0.0,0,0,0,0,0,0,1,1,1,1,0,0,False,0.13406491,0.10300071,0.31141415,0.03974223,0.08903301,7.230085479485399e-32,0.3583095,0.20538378,0.022626014,0.03402779,4.7,1.18017578125,32.2
15,0.1366502344608307,0.0,0.13352344930171967,0.0,0,0,1,0,0,0,1,1,1,1,0,0,False,0.18713726,0.0898182,0.3803138,0.105212726,0.16603693,6.50707693153686e-32,0.35805765,0.20542414,0.07289127,0.06586064,4.9,1.18017578125,32.2
16,0.12929712235927582,0.0,0.13352344930171967,0.0,0,0,0,0,0,0,1,1,1,1,0,0,False,0.12747863,0.08463351,0.29783726,0.05196479,0.09754446,5.856369397074912e-32,0.35786384,0.20613405,0.038612697,0.04010275,4.7,1.18017578125,32.2
17,0.16147442162036896,0.0,0.13352344930171967,0.0,0,0,1,0,0,0,1,1,1,1,0,0,False,0.37400603,0.22863932,0.8469709,0.14460926,0.30524272,5.270732351572928e-32,0.35786968,0.20616904,-0.03639975,0.0916912,4.7,1.18017578125,32.2
18,0.15011301636695862,0.0,0.13352344930171967,0.0,0,0,1,0,0,0,1,1,1,1,0,0,False,0.24577554,0.1011152,0.45672423,0.1552055,0.22477233,4.7436589048266525e-32,0.35313433,0.20841575,-0.13423465,0.15850946,3.8,1.18017578125,32.2
19,0.13473758101463318,0.0,0.13352344930171967,0.0,0,0,1,0,0,0,1,1,1,1,0,0,False,0.11318449,0.054094773,0.20396407,0.04577884,0.10252611,4.269293067241233e-32,0.35525823,0.20873769,0.048591435,0.0491,4.7,1.18017578125,32.2
20,0.1281367689371109,0.0,0.13352344930171967,0.0,0,0,0,0,0,0,1,1,1,1,0,0,False,0.082780816,0.076517634,0.23903918,0.016649837,0.04633056,3.842363892760224e-32,0.3568708,0.20644625,0.047242064,0.06245616,4.7,1.18017578125,32.2
21,0.11955302208662033,0.0,0.13352344930171967,0.0,0,0,0,0,0,0,1,1,1,1,0,0,False,0.10522273,0.05762011,0.189325,0.040405434,0.08154816,3.4581275563814476e-32,0.35683087,0.20738845,0.08798469,0.07712111,4.3,1.18017578125,32.2
22,0.13695643842220306,0.0,0.13352344930171967,0.0,0,0,1,0,0,0,1,1,1,1,0,0,False,0.09448597,0.08032956,0.21029739,0.0035838878,0.07468351,3.1123147213974343e-32,0.3563132,0.20717874,-0.08180428,0.055560995,4.7,1.18017578125,32.2
23,0.13429339230060577,0.0,0.13352344930171967,0.0,0,0,0,0,0,0,1,1,1,1,0,0,False,0.13463272,0.0932417,0.31733704,0.046249717,0.09966742,2.801083196360445e-32,0.35425955,0.20836928,0.09205058,0.06735751,4.7,1.18017578125,32.2
24,0.12657931447029114,0.0,0.13352344930171967,0.0,0,0,0,0,0,0,1,1,1,1,0,0,False,0.17552854,0.1178058,0.34696037,0.05898609,0.12722918,2.520974823827155e-32,0.356849,0.20768042,0.10637411,0.094536446,4.7,1.18017578125,32.2
25,0.11160369962453842,0.0,0.13352344930171967,0.0,0,0,1,0,0,0,1,1,1,1,0,0,False,0.19670899,0.16697972,0.4693635,0.032251786,0.13007754,2.268877394341685e-32,0.35603762,0.20820785,-0.108795494,0.12324408,4.7,1.18017578125,32.2
26,0.10658077895641327,0.0,0.13352344930171967,0.0,0,0,0,0,0,0,1,1,1,1,0,0,False,0.10531742,0.04209406,0.18128563,0.0571584,0.09577061,2.0419896020102705e-32,0.3559137,0.208226,0.08054113,0.07191924,4.8,1.18017578125,32.2
27,0.14308838546276093,0.0,0.13352344930171967,0.0,0,0,1,0,0,0,1,1,1,1,0,0,False,0.15836613,0.056934446,0.27544755,0.10674256,0.14381047,1.8377906285849321e-32,0.35832906,0.20521493,0.008964556,0.03953703,4.7,1.18017578125,32.2
28,0.11683446913957596,0.0,0.13352344930171967,0.0,0,0,1,0,0,0,1,1,1,1,0,0,False,0.10355256,0.077884555,0.21227092,0.02875266,0.06708558,1.6540115789507503e-32,0.35525236,0.20764148,-0.07211851,0.038604762,4.7,1.18017578125,32.2
29,0.13841849565505981,0.0,0.13352344930171967,0.0,0,0,1,0,0,0,1,1,1,1,0,0,False,0.19696511,0.12631306,0.44128177,0.07203758,0.15367293,1.4886104871772325e-32,0.35729623,0.20651129,0.08051192,0.05482079,4.8,1.18017578125,32.2
30,0.12914539873600006,0.0,0.13352344930171967,0.0,0,0,0,0,0,0,1,1,1,1,0,0,False,0.07834766,0.051477335,0.1876629,0.032646067,0.06192224,1.3397494384595094e-32,0.35710916,0.20757195,-0.00893234,0.038569767,4.8,1.18017578125,32.2
31,0.1365789771080017,0.0,0.13352344930171967,0.0,0,0,0,0,0,0,1,1,1,1,0,0,False,0.2829171,0.12366272,0.5265097,0.14836644,0.26832753,1.2057744681649354e-32,0.35829803,0.20512708,-0.18271069,0.16877441,4.7,1.18017578125,32.2
32,0.12754040956497192,0.0,0.13352344930171967,0.0,0,0,0,0,0,0,1,1,1,1,0,0,False,0.22322698,0.1784596,0.54301625,0.04421755,0.16604346,1.0851970477970649e-32,0.35687047,0.20787764,-0.070490025,0.09620271,4.8,1.18017578125,32.2
33,0.12117834389209747,0.0,0.13352344930171967,0.0,0,0,0,0,0,0,1,1,1,1,0,0,False,0.16025329,0.12691844,0.33930343,0.028352497,0.102873385,9.766773562416698e-33,0.35372788,0.20911543,0.056122508,0.037272584,4.7,1.18017578125,32.2
34,0.12591752409934998,0.0,0.13352344930171967,0.0,0,0,0,0,0,0,1,1,1,1,0,0,False,0.14587975,0.11309721,0.33168554,0.038334105,0.094674096,8.790096007810357e-33,0.3565708,0.20781653,0.056053717,0.06397247,4.8,1.18017578125,32.2
35,0.1253075748682022,0.0,0.13352344930171967,0.0,0,0,0,0,0,0,1,1,1,1,0,0,False,0.12850036,0.10699632,0.30650678,0.02760732,0.077366635,7.911086605393992e-33,0.3570217,0.2073961,0.117785096,0.11240301,4.7,1.18017578125,32.2
36,0.1187996193766594,0.0,0.13352344930171967,0.0,0,0,0,0,0,0,1,1,1,1,0,0,False,0.1037538,0.07766757,0.21246684,0.026573183,0.07152971,7.119977878733037e-33,0.35784617,0.20592073,-0.09981027,0.14119326,4.7,1.18017578125,32.2
37,0.124600850045681,0.0,0.13352344930171967,0.0,0,0,0,0,0,0,1,1,1,1,0,0,False,0.12662657,0.08394996,0.2907958,0.047157608,0.091302335,6.407980289224404e-33,0.35709715,0.20726883,0.07977959,0.07257878,4.8,1.18017578125,32.2
38,0.11947939544916153,0.0,0.13352344930171967,0.0,0,0,0,0,0,0,1,1,1,1,0,0,False,0.14047718,0.1020475,0.3041746,0.043026783,0.094187595,5.767182392545078e-33,0.35403797,0.2068213,0.06703662,0.069494344,4.7,1.18017578125,32.2
39,0.12964151799678802,0.0,0.13352344930171967,0.0,0,0,1,0,0,0,1,1,1,1,0,0,False,0.11826741,0.04189356,0.1811172,0.060043514,0.117478624,5.190464219412127e-33,0.35578686,0.20905712,0.054656584,0.08452193,4.8,1.18017578125,32.2
40,0.1212678924202919,0.0,0.13352344930171967,0.0,0,0,0,0,0,0,1,1,1,1,0,0,False,0.090242624,0.07480971,0.21638492,0.025790574,0.048438974,4.6714179297140296e-33,0.35733646,0.20710297,0.02767706,0.038646728,4.7,1.18017578125,32.2
41,0.15205754339694977,0.0,0.13352344930171967,0.0,0,0,1,0,0,0,1,1,1,1,0,0,False,0.203126,0.074967936,0.35711238,0.13754237,0.18028215,4.204276070621069e-33,0.35785383,0.20635507,0.12015068,0.09837208,4.8,1.18017578125,32.2
42,0.16867989301681519,0.0,0.13352344930171967,0.0,0,0,1,0,0,0,1,1,1,1,0,0,False,0.3143416,0.21138896,0.73705894,0.084872484,0.29444104,3.783848430498184e-33,0.35581836,0.20764208,0.1000163,0.08171145,4.7,1.18017578125,32.2
43,0.12217456102371216,0.0,0.13352344930171967,0.0,0,0,1,0,0,0,1,1,1,1,0,0,False,0.16084972,0.09668842,0.34299907,0.048097704,0.1386488,3.405463521326808e-33,0.3572667,0.20665006,-0.18847044,0.16728973,4.8,1.18017578125,32.2
44,0.13250131905078888,0.0,0.13352344930171967,0.0,0,0,1,0,0,0,1,1,1,1,0,0,False,0.23256606,0.13947028,0.47435826,0.06466781,0.19320285,3.0649173344980204e-33,0.3580709,0.20544207,0.017390579,0.028775012,4.7,1.18017578125,32.2
45,0.12396007776260376,0.0,0.13352344930171967,0.0,0,0,0,0,0,0,1,1,1,1,0,0,False,0.09214396,0.07093556,0.22892633,0.03510169,0.055140793,2.7584255679874397e-33,0.3568098,0.20775619,0.041700717,0.056519743,4.7,1.18017578125,32.2
46,0.09925030916929245,0.0,0.13352344930171967,0.0,0,0,1,0,0,0,1,1,1,1,0,0,False,0.18258786,0.11640926,0.3554901,0.06580869,0.13215467,2.4825829615975278e-33,0.35679895,0.20775664,0.04871821,0.047474768,4.7,1.18017578125,32.2
47,0.13058499991893768,0.0,0.13352344930171967,0.0,0,0,1,0,0,0,1,1,1,1,0,0,False,0.07402187,0.05036618,0.17752288,0.024399554,0.06464118,2.234324615846607e-33,0.356539,0.20805378,0.080687515,0.07358539,4.6,1.18017578125,32.2
48,0.10238263756036758,0.0,0.13352344930171967,0.0,0,0,1,0,0,0,1,1,1,1,0,0,False,0.11344526,0.060936637,0.20149185,0.045026913,0.09065996,2.0108921046707784e-33,0.35498354,0.20829861,-0.023220519,0.041035168,4.7,1.18017578125,32.2
49,0.12263857573270798,0.0,0.13352344930171967,0.0,0,0,1,0,0,0,1,1,1,1,0,0,False,0.21421711,0.1443557,0.44197875,0.06905159,0.15482214,1.8098028942037007e-33,0.35686895,0.20699134,0.08069822,0.07271089,4.7,1.18017578125,32.2
0,0.0977342426776886,0.0,0.13352344930171967,0.0,0,0,1,0,0,0,1,1,1,1,0,0,False,0.26282302,0.15781723,0.4806525,0.09827809,0.19435051,1.6288225717225518e-33,0.35839397,0.2050457,0.000773424,0.02357434,3.1,1.18017578125,32.2
1,0.13708709180355072,0.0,0.13352344930171967,0.0,0,0,1,0,0,0,1,1,1,1,0,0,False,0.1637281,0.102603935,0.34526274,0.06225613,0.122807205,1.465940380671854e-33,0.35627884,0.20846362,0.19003056,0.15396923,4.7,1.18017578125,32.2
2,0.11948136985301971,0.0,0.13352344930171967,0.0,0,0,1,0,0,0,1,1,1,1,0,0,False,0.30987236,0.20960814,0.6434224,0.10114611,0.22342569,1.3193463260742793e-33,0.3554396,0.20676155,0.12237745,0.1466029,4.7,1.18017578125,32.2
3,0.11841124296188354,0.0,0.13352344930171967,0.0,0,0,0,0,0,0,1,1,1,1,0,0,False,0.16665296,0.0663345,0.27428585,0.07216104,0.16416621,1.1874116686712673e-33,0.3572791,0.20662563,-0.07776728,0.041259456,4.8,1.18017578125,32.2
4,0.11240251362323761,0.0,0.13352344930171967,0.0,0,0,0,0,0,0,1,1,1,1,0,0,False,0.20727007,0.13022654,0.45140943,0.08627911,0.15875451,1.068670493538946e-33,0.35838738,0.20545821,-0.027538493,0.029753668,4.6,1.18017578125,32.2
5,0.1276479959487915,0.0,0.13352344930171967,0.0,0,0,1,0,0,0,1,1,1,1,0,0,False,0.12064109,0.051690176,0.22287534,0.07449123,0.10343974,9.61803427654662e-34,0.35731596,0.20656085,0.08690747,0.067889206,4.8,1.18017578125,32.2
6,0.11776217818260193,0.0,0.13352344930171967,0.0,0,0,0,0,0,0,1,1,1,1,0,0,False,0.08506545,0.08035637,0.20107085,0.0076150466,0.0514839,8.656230931543906e-34,0.3575442,0.20683074,-0.12660904,0.15256344,4.8,1.18017578125,32.2
7,0.11931326985359192,0.0,0.13352344930171967,0.0,0,0,0,0,0,0,1,1,1,1,0,0,False,0.06375517,0.051709466,0.16246009,0.020625021,0.036795013,7.790608003693408e-34,0.35556298,0.20887733,0.013848326,0.024369357,4.7,1.18017578125,32.2
8,0.12166666984558105,0.0,0.13352344930171967,0.0,0,0,0,0,0,0,1,1,1,1,0,0,False,0.08101664,0.040478803,0.1499354,0.03199504,0.069695204,7.011547285976014e-34,0.3569532,0.20657873,0.02386262,0.05187763,4.7,1.18017578125,32.2
9,0.11027182638645172,0.0,0.13352344930171967,0.0,0,0,1,0,0,0,1,1,1,1,0,0,False,0.22515325,0.13035814,0.43433332,0.076766744,0.18314938,6.310392640030359e-34,0.35603294,0.2084992,0.05651191,0.04236242,4.8,1.18017578125,32.2
10,0.10139237344264984,0.0,0.13352344930171967,0.0,0,0,0,0,0,0,1,1,1,1,0,0,False,0.37184954,0.19890258,0.64796096,0.15179494,0.30712152,5.679353293375377e-34,0.3554641,0.2093868,0.104551524,0.10821054,4.7,1.18017578125,32.2
11,0.12600547075271606,0.0,0.13352344930171967,0.0,0,0,1,0,0,0,1,1,1,1,0,0,False,0.08696873,0.05602785,0.18099254,0.041166198,0.054505322,5.111417881385892e-34,0.3567828,0.20701258,-0.15982503,0.1619973,4.7,1.18017578125,32.2
12,0.10856799781322479,0.0,0.13352344930171967,0.0,0,0,1,0,0,0,1,1,1,1,0,0,False,0.14283895,0.11224223,0.32007402,0.031881828,0.0880478,4.60027592794341e-34,0.35605338,0.20797808,0.079142526,0.06265361,4.7,1.18017578125,32.2
13,0.11316264420747757,0.0,0.13352344930171967,0.0,0,0,0,0,0,0,1,1,1,1,0,0,False,0.22076513,0.13254574,0.44584915,0.068547316,0.17883089,4.140248417801015e-34,0.3567801,0.20762953,-0.057574082,0.04814482,4.7,1.18017578125,32.2
14,0.13426247239112854,0.0,0.13352344930171967,0.0,0,0,1,0,0,0,1,1,1,1,0,0,False,0.13692695,0.110616416,0.30877742,0.026551913,0.09558339,3.726223741324807e-34,0.35765147,0.2066079,0.088911146,0.08808193,4.7,1.18017578125,32.2
15,0.12002172321081161,0.0,0.13352344930171967,0.0,0,0,1,0,0,0,1,1,1,1,0,0,False,0.08350093,0.07953518,0.21528712,0.012968655,0.04505086,3.35360128454038e-34,0.35553223,0.20769031,0.119865574,0.09806057,4.7,1.18017578125,32.2
16,0.10756556689739227,0.0,0.13352344930171967,0.0,0,0,1,0,0,0,1,1,1,1,0,0,False,0.19150233,0.10503603,0.37466356,0.07554466,0.15685016,3.0182412180753014e-34,0.35732466,0.20694724,0.016937638,0.021585628,4.7,1.18017578125,32.2
17,0.12511903047561646,0.0,0.13352344930171967,0.0,0,0,1,0,0,0,1,1,1,1,0,0,False,0.07758253,0.060615845,0.18535383,0.02664873,0.042464543,2.716417178919718e-34,0.35677642,0.2077734,-0.074289344,0.110746495,4.7,1.18017578125,32.2
18,0.12495303153991699,0.0,0.13352344930171967,0.0,0,0,0,0,0,0,1,1,1,1,0,0,False,0.14975037,0.1251182,0.35999888,0.034135852,0.08882727,2.4447755643426794e-34,0.3581131,0.20589653,-0.078783154,0.15063,4.8,1.18017578125,32.2
19,0.12868034839630127,0.0,0.13352344930171967,0.0,0,0,0,0,0,0,1,1,1,1,0,0,False,0.22374666,0.1578072,0.521824,0.06394419,0.16960713,2.2002979252564647e-34,0.35763335,0.20669274,-0.15310216,0.16768503,4.8,1.18017578125,32.2
20,0.13343289494514465,0.0,0.13352344930171967,0.0,0,0,0,0,0,0,1,1,1,1,0,0,False,0.23559172,0.14763823,0.4659642,0.089490004,0.17480984,1.9802681120678316e-34,0.35682356,0.20781966,-0.10115861,0.113349475,4.8,1.18017578125,32.2
21,0.1187712550163269,0.0,0.13352344930171967,0.0,0,0,1,0,0,0,1,1,1,1,0,0,False,0.19255508,0.11669806,0.38682148,0.060869094,0.15558085,1.782241280198062e-34,0.35440937,0.20936282,-0.0077136457,0.05169334,4.7,1.18017578125,32.2
22,0.12229319661855698,0.0,0.13352344930171967,0.0,0,0,0,0,0,0,1,1,1,1,0,0,False,0.090565644,0.05043427,0.16627419,0.039333433,0.067157045,1.6040171315152691e-34,0.35654965,0.20757218,0.076884665,0.05601354,4.7,1.18017578125,32.2
23,0.12360362708568573,0.0,0.13352344930171967,0.0,0,0,0,0,0,0,1,1,1,1,0,0,False,0.17520715,0.09586305,0.352343,0.06710395,0.15376633,1.4436154286952355e-34,0.3577486,0.2062347,-0.037687156,0.025777517,4.7,1.18017578125,32.2
24,0.1312658190727234,0.0,0.13352344930171967,0.0,0,0,0,0,0,0,1,1,1,1,0,0,False,0.23002242,0.16630943,0.546792,0.072105855,0.16163431,1.299253885825712e-34,0.35599694,0.20769668,0.09450177,0.079773165,4.7,1.18017578125,32.2
25,0.11960656940937042,0.0,0.13352344930171967,0.0,0,0,1,0,0,0,1,1,1,1,0,0,False,0.21674813,0.1436495,0.4515696,0.07537217,0.15734988,1.1693285385691141e-34,0.35656327,0.20723446,-0.04812463,0.15228628,4.7,1.18017578125,32.2
26,0.12212324142456055,0.0,0.13352344930171967,0.0,0,0,0,0,0,0,1,1,1,1,0,0,False,0.11368365,0.05067991,0.1991044,0.06262442,0.0964634,1.0523956640492161e-34,0.35809493,0.20595126,-0.018350156,0.03863569,4.8,1.18017578125,32.2
27,0.12526483833789825,0.0,0.13352344930171967,0.0,0,0,0,0,0,0,1,1,1,1,0,0,False,0.09887449,0.0914141,0.2228877,0.0015783667,0.064888835,9.471560769813078e-35,0.35760406,0.20665379,0.008490857,0.056189418,4.7,1.18017578125,32.2
28,0.12585003674030304,0.0,0.13352344930171967,0.0,0,0,0,0,0,0,1,1,1,1,0,0,False,0.14686203,0.06920245,0.2736144,0.0726738,0.12828961,8.524404589516837e-35,0.35621756,0.20830719,0.09450555,0.09950181,4.9,1.18017578125,32.2
29,0.12251987308263779,0.0,0.13352344930171967,0.0,0,0,0,0,0,0,1,1,1,1,0,0,False,0.15627967,0.09889155,0.3303648,0.059284817,0.116944954,7.671963923935287e-35,0.35757506,0.206391,0.05640386,0.04836599,4.7,1.18017578125,32.2
30,0.11370982229709625,0.0,0.13352344930171967,0.0,0,0,0,0,0,0,1,1,1,1,0,0,False,0.13622822,0.09002613,0.29083538,0.052189447,0.09536064,6.904767376569358e-35,0.3555317,0.20755401,0.07405245,0.09797034,4.9,1.18017578125,32.2
31,0.10331038385629654,0.0,0.13352344930171967,0.0,0,0,1,0,0,0,1,1,1,1,0,0,False,0.13785982,0.109942645,0.3077972,0.025255637,0.085151866,6.214290432282556e-35,0.35709542,0.20743188,0.074394174,0.049687654,6.9,1.18017578125,32.3
32,0.12409737706184387,0.0,0.13352344930171967,0.0,0,0,1,0,0,0,1,1,1,1,0,0,False,0.18615629,0.12066999,0.38768667,0.057030216,0.14132005,5.592861440711767e-35,0.35761094,0.20680091,0.03299691,0.0562842,8.0,1.18017578125,32.2
33,0.13797518610954285,0.0,0.13352344930171967,0.0,0,0,1,0,0,0,1,1,1,1,0,0,False,0.16756189,0.15168427,0.44866642,0.0011745072,0.14404519,5.033575348298057e-35,0.35531765,0.20893483,-0.11472299,0.12827195,4.7,1.18017578125,32.2
34,0.10034701973199844,0.0,0.13352344930171967,0.0,0,0,1,0,0,0,1,1,1,1,0,0,False,0.13297823,0.09937304,0.2905066,0.02982816,0.09464826,4.5302177618107846e-35,0.35759318,0.20628354,-0.028486753,0.016649337,4.7,1.18017578125,32.2
35,0.12103357911109924,0.0,0.13352344930171967,0.0,0,0,1,0,0,0,1,1,1,1,0,0,False,0.2652569,0.15637673,0.50180537,0.09681075,0.21035436,4.077195985629706e-35,0.3557058,0.20746398,-0.022460014,0.08316391,4.8,1.18017578125,32.2
36,0.1191968321800232,0.0,0.13352344930171967,0.0,0,0,0,0,0,0,1,1,1,1,0,0,False,0.107884765,0.09242505,0.28784758,0.025940495,0.06781231,3.669476257923069e-35,0.35730642,0.20662019,-0.079885446,0.042857025,4.6,1.18017578125,32.2
37,0.13473016023635864,0.0,0.13352344930171967,0.0,0,0,1,0,0,0,1,1,1,1,0,0,False,0.116128884,0.11004551,0.28157336,0.012444416,0.06852271,3.302528735445695e-35,0.3562822,0.2082721,-0.13563918,0.15631957,4.7,1.18017578125,32.2
38,0.1277414858341217,0.0,0.13352344930171967,0.0,0,0,0,0,0,0,1,1,1,1,0,0,False,0.10150379,0.03765304,0.15386462,0.045681253,0.10017284,2.972275836072393e-35,0.35655186,0.20792265,-0.009437325,0.10069167,4.7,1.18017578125,32.2
39,0.1427163928747177,0.0,0.13352344930171967,0.0,0,0,1,0,0,0,1,1,1,1,0,0,False,0.15483285,0.07513764,0.30289647,0.07365907,0.12712939,2.675048329951353e-35,0.35780272,0.20611164,0.04666425,0.063450016,4.7,1.18017578125,32.2
40,0.14659054577350616,0.0,0.13352344930171967,0.0,0,0,0,0,0,0,1,1,1,1,0,0,False,0.28458992,0.1228252,0.535357,0.1689432,0.26644206,2.407543496956218e-35,0.35616162,0.20732443,-0.08523654,0.122918814,4.7,1.18017578125,32.2
41,0.125982403755188,0.0,0.13352344930171967,0.0,0,0,1,0,0,0,1,1,1,1,0,0,False,0.1260188,0.07687895,0.24653819,0.054201588,0.09212758,2.166789224746796e-35,0.35607037,0.20754842,0.009437441,0.05504666,4.7,1.18017578125,32.2
42,0.13948017358779907,0.0,0.13352344930171967,0.0,0,0,1,0,0,0,1,1,1,1,0,0,False,0.13149129,0.12159398,0.309744,0.0041866684,0.08420516,1.9501103022721164e-35,0.3559909,0.2082505,-0.01390328,0.024312293,4.7,1.18017578125,32.2
43,0.11194351315498352,0.0,0.13352344930171967,0.0,0,0,1,0,0,0,1,1,1,1,0,0,False,0.07479667,0.06315158,0.20126832,0.026699107,0.04041865,1.7550992333018047e-35,0.35680133,0.20756944,0.10365341,0.10350391,4.8,1.18017578125,32.2
44,0.13071852922439575,0.0,0.13352344930171967,0.0,0,0,1,0,0,0,1,1,1,1,0,0,False,0.1790024,0.06235199,0.2806389,0.09095265,0.1653994,1.579589245399791e-35,0.3557856,0.20828982,0.033281308,0.059569344,4.7,1.18017578125,32.2
45,0.13103888928890228,0.0,0.13352344930171967,0.0,0,0,0,0,0,0,1,1,1,1,0,0,False,0.085164435,0.077336386,0.2469184,0.02160786,0.049185604,1.4216302692023453e-35,0.3568349,0.207423,-0.15853177,0.18103458,4.7,1.18017578125,32.2
46,0.14617064595222473,0.0,0.13352344930171967,0.0,0,0,1,0,0,0,1,1,1,1,0,0,False,0.12864442,0.05690143,0.24941948,0.06758336,0.114992335,1.279467242282111e-35,0.35833526,0.20515354,0.030252881,0.03712931,4.8,1.18017578125,32.2
47,0.13284330070018768,0.0,0.13352344930171967,0.0,0,0,1,0,0,0,1,1,1,1,0,0,False,0.13956653,0.05235813,0.23941083,0.07922853,0.12758575,1.1515204793107998e-35,0.3562736,0.20810695,-0.026946368,0.037509702,4.6,1.18017578125,32.2
48,0.13419295847415924,0.0,0.13352344930171967,0.0,0,0,0,0,0,0,1,1,1,1,0,0,False,0.18315001,0.17366657,0.43321145,0.0040423395,0.11745946,1.0363684313797199e-35,0.3568247,0.20707305,0.051382396,0.047845423,4.7,1.18017578125,32.2
49,0.12296624481678009,0.0,0.13352344930171967,0.0,0,0,1,0,0,0,1,1,1,1,0,0,False,0.18929744,0.13922644,0.4453009,0.05455577,0.13004377,9.327316076132979e-36,0.3552634,0.20799632,-0.06596718,0.036233373,4.7,1.18017578125,32.2
0,0.12161100655794144,0.0,0.13352344930171967,0.0,0,0,0,0,0,0,1,1,1,1,0,0,False,0.11318151,0.092834815,0.24899149,0.018884564,0.08126858,8.394584339376014e-36,0.35719657,0.20677552,0.06461914,0.06945136,3.1,1.18017578125,32.2
1,0.12446240335702896,0.0,0.13352344930171967,0.0,0,0,0,0,0,0,1,1,1,1,0,0,False,0.33053255,0.2053592,0.6180678,0.11183873,0.25111198,7.555125970010246e-36,0.3573429,0.20702763,0.01745869,0.06069101,4.8,1.18017578125,32.2
2,0.11140270531177521,0.0,0.13352344930171967,0.0,0,0,1,0,0,0,1,1,1,1,0,0,False,0.13603185,0.12751576,0.33410385,0.014428638,0.084097445,6.79961356672472e-36,0.35839266,0.20554166,0.048400242,0.051285118,4.7,1.18017578125,32.2
3,0.10136257112026215,0.0,0.13352344930171967,0.0,0,0,1,0,0,0,1,1,1,1,0,0,False,0.12318476,0.09121658,0.2806147,0.03743247,0.08283673,6.119652145480416e-36,0.35292622,0.20818403,-0.048767995,0.027541377,4.7,1.18017578125,32.2
4,0.1352524310350418,0.0,0.13352344930171967,0.0,0,0,1,0,0,0,1,1,1,1,0,0,False,0.107663155,0.08991439,0.24471405,0.009033103,0.072812095,5.5076868017887074e-36,0.35683998,0.20775536,-0.15613486,0.15830614,4.7,1.18017578125,32.2
5,0.10891497880220413,0.0,0.13352344930171967,0.0,0,0,1,0,0,0,1,1,1,1,0,0,False,0.10410401,0.049564842,0.18684167,0.043956276,0.089172125,4.9569181216098366e-36,0.35758585,0.20661733,0.0023938708,0.03095477,4.8,1.18017578125,32.3
6,0.10751308500766754,0.0,0.13352344930171967,0.0,0,0,0,0,0,0,1,1,1,1,0,0,False,0.12742145,0.11433354,0.30915225,0.0069656814,0.08439089,4.461226309448853e-36,0.35651696,0.20758441,-0.013615108,0.041708697,4.8,1.18017578125,32.2
7,0.12758296728134155,0.0,0.13352344930171967,0.0,0,0,1,0,0,0,1,1,1,1,0,0,False,0.16380799,0.098659374,0.31389228,0.06635518,0.12424374,4.015103710789884e-36,0.3556706,0.20837602,0.039710347,0.037659828,4.7,1.18017578125,32.2
8,0.13066917657852173,0.0,0.13352344930171967,0.0,0,0,0,0,0,0,1,1,1,1,0,0,False,0.1294833,0.10227618,0.32939398,0.033523116,0.08749482,3.6135934688545625e-36,0.35783842,0.2064575,-0.0013027241,0.04976849,4.8,1.18017578125,32.2
9,0.1305929273366928,0.0,0.13352344930171967,0.0,0,0,0,0,0,0,1,1,1,1,0,0,False,0.16804896,0.12347203,0.39180747,0.043070976,0.12329243,3.25223399282544e-36,0.3561799,0.20796748,0.031327296,0.034929093,4.8,1.18017578125,32.2
10,0.11232857406139374,0.0,0.13352344930171967,0.0,0,0,1,0,0,0,1,1,1,1,0,0,False,0.09989142,0.08979375,0.2638313,0.016207613,0.055557754,2.9270105289710624e-36,0.3526875,0.20855995,0.004797421,0.017688744,4.8,1.18017578125,32.2
11,0.12929359078407288,0.0,0.13352344930171967,0.0,0,0,1,0,0,0,1,1,1,1,0,0,False,0.12874754,0.10895485,0.2958715,0.0022828437,0.10863176,2.634309476073956e-36,0.35593095,0.20790419,0.004116966,0.064718686,4.8,1.18017578125,32.2
12,0.13929912447929382,0.0,0.13352344930171967,0.0,0,0,1,0,0,0,1,1,1,1,0,0,False,0.103201605,0.03582057,0.16162787,0.05577796,0.09947437,2.3708785123236023e-36,0.3566046,0.2077078,-0.05385315,0.031738777,4.7,1.18017578125,32.2
13,0.16384810209274292,0.0,0.13352344930171967,0.0,0,0,1,0,0,0,1,1,1,1,0,0,False,0.13890721,0.116252765,0.31127828,0.0023128272,0.11093197,2.1337905965194087e-36,0.35572642,0.20687795,-0.10073588,0.11309307,4.8,1.18017578125,32.2
14,0.1548716425895691,0.0,0.13352344930171967,0.0,0,0,0,0,0,0,1,1,1,1,0,0,False,0.32799864,0.12771404,0.58236223,0.19779253,0.31166422,1.9204115207245096e-36,0.3547323,0.20881319,-0.07139365,0.055338826,4.7,1.18017578125,32.2
15,0.12154316157102585,0.0,0.13352344930171967,0.0,0,0,1,0,0,0,1,1,1,1,0,0,False,0.08675177,0.096193746,0.26875082,0.0010143447,0.03867684,1.7283703686520588e-36,0.35755947,0.20655878,-0.06278087,0.10628125,4.8,1.18017578125,32.2
16,0.12849725782871246,0.0,0.13352344930171967,0.0,0,0,0,0,0,0,1,1,1,1,0,0,False,0.085082985,0.061068937,0.1846831,0.017985918,0.072755754,1.5555333640727695e-36,0.35651663,0.20740311,0.08262763,0.08060471,4.7,1.18017578125,32.2
17,0.13691048324108124,0.0,0.13352344930171967,0.0,0,0,0,0,0,0,1,1,1,1,0,0,False,0.12261516,0.040632743,0.18204054,0.06691346,0.12218958,1.3999799792366176e-36,0.35663986,0.20726947,-0.037145536,0.121954314,4.8,1.18017578125,32.2
18,0.11257614195346832,0.0,0.13352344930171967,0.0,0,0,1,0,0,0,1,1,1,1,0,0,False,0.2435637,0.15185346,0.4671025,0.075637534,0.18773188,1.2599819490270393e-36,0.35783327,0.20625475,0.043830168,0.061306585,4.7,1.18017578125,32.2
19,0.12370224297046661,0.0,0.13352344930171967,0.0,0,0,1,0,0,0,1,1,1,1,0,0,False,0.06875872,0.062429506,0.19847837,0.011483142,0.040132552,1.133983737981377e-36,0.35833895,0.20506528,0.12078402,0.094480805,4.8,1.18017578125,32.2
20,0.1423504501581192,0.0,0.13352344930171967,0.0,0,0,1,0,0,0,1,1,1,1,0,0,False,0.14745423,0.10711219,0.3243661,0.031907145,0.11804879,1.020585348040281e-36,0.3565712,0.20707187,-0.0651438,0.14383808,4.8,1.18017578125,32.2
21,0.13395266234874725,0.0,0.13352344930171967,0.0,0,0,0,0,0,0,1,1,1,1,0,0,False,0.14010082,0.08429684,0.2918264,0.049090613,0.111316994,9.18526821307732e-37,0.3530609,0.2069418,-0.030503651,0.032894935,4.8,1.18017578125,32.2
22,0.12316840142011642,0.0,0.13352344930171967,0.0,0,0,1,0,0,0,1,1,1,1,0,0,False,0.20879151,0.08191625,0.30740282,0.079628974,0.2118456,8.266741149625214e-37,0.35550642,0.20744972,-0.024557566,0.04697061,4.8,1.18017578125,32.2
23,0.12929117679595947,0.0,0.13352344930171967,0.0,0,0,0,0,0,0,1,1,1,1,0,0,False,0.14568521,0.051434726,0.22474371,0.068504944,0.14715505,7.440066711803526e-37,0.3575934,0.20645459,-0.07765915,0.056517612,4.7,1.18017578125,32.2
24,0.15522605180740356,0.0,0.13352344930171967,0.0,0,0,1,0,0,0,1,1,1,1,0,0,False,0.2553634,0.16857018,0.58290815,0.091000624,0.18177983,6.696059959908382e-37,0.35552585,0.20875776,-0.08472186,0.044349592,4.8,1.18017578125,32.2
25,0.11639226973056793,0.0,0.13352344930171967,0.0,0,0,1,0,0,0,1,1,1,1,0,0,False,0.14428984,0.10462765,0.3021112,0.035941802,0.10114834,6.026454084989731e-37,0.3570442,0.20734921,0.10535455,0.08302298,4.7,1.18017578125,32.2
26,0.14525359869003296,0.0,0.13352344930171967,0.0,0,0,1,0,0,0,1,1,1,1,0,0,False,0.083518215,0.052206855,0.16783743,0.031311765,0.059497237,5.423808797562945e-37,0.35368425,0.2099644,0.0084947,0.048515394,4.7,1.18017578125,32.2
27,0.122113436460495,0.0,0.13352344930171967,0.0,0,0,1,0,0,0,1,1,1,1,0,0,False,0.09023263,0.08666133,0.25163203,0.0130415885,0.045543034,4.881427998521443e-37,0.35628304,0.20715027,0.1585158,0.11615965,4.8,1.18017578125,32.2
28,0.10625451803207397,0.0,0.13352344930171967,0.0,0,0,1,0,0,0,1,1,1,1,0,0,False,0.35864377,0.22753538,0.6969153,0.12697695,0.26327977,4.393285117954507e-37,0.35344008,0.2063801,-0.12173906,0.15858541,4.7,1.18017578125,32.2
29,0.1315383017063141,0.0,0.13352344930171967,0.0,0,0,1,0,0,0,1,1,1,1,0,0,False,0.15174438,0.07359194,0.2766612,0.06184675,0.13088754,3.953956525444265e-37,0.35734653,0.20704839,-0.027756842,0.035351466,4.8,1.18017578125,32.2
30,0.13408324122428894,0.0,0.13352344930171967,0.0,0,0,0,0,0,0,1,1,1,1,0,0,False,0.15384062,0.06723665,0.29860875,0.09241457,0.13615367,3.558560993972025e-37,0.35607934,0.20885353,-0.19835812,0.17287993,4.7,1.18017578125,32.2
31,0.12609721720218658,0.0,0.13352344930171967,0.0,0,0,0,0,0,0,1,1,1,1,0,0,False,0.20988953,0.12846898,0.42977792,0.06085762,0.17001173,3.202704813860031e-37,0.35676163,0.20772167,0.01614622,0.102047615,4.8,1.18017578125,32.2
32,0.13164733350276947,0.0,0.13352344930171967,0.0,0,0,0,0,0,0,1,1,1,1,0,0,False,0.17664456,0.0641886,0.2785272,0.08028757,0.17450443,2.8824343728314238e-37,0.3578301,0.20584862,-0.079593055,0.15199853,4.7,1.18017578125,32.2
33,0.1072637140750885,0.0,0.13352344930171967,0.0,0,0,1,0,0,0,1,1,1,1,0,0,False,0.24028504,0.14462553,0.44828293,0.086932875,0.19003724,2.5941909557269794e-37,0.35575563,0.20744929,-0.0142186405,0.010139682,4.8,1.18017578125,32.2
34,0.111793652176857,0.0,0.13352344930171967,0.0,0,0,0,0,0,0,1,1,1,1,0,0,False,0.20107226,0.12286157,0.40946516,0.062507585,0.16097069,2.334771799618188e-37,0.35572475,0.20751794,0.007452275,0.04030621,4.8,1.18017578125,32.2
35,0.1322302222251892,0.0,0.13352344930171967,0.0,0,0,1,0,0,0,1,1,1,1,0,0,False,0.08676463,0.059291713,0.18641938,0.026605148,0.06345439,2.101294579298973e-37,0.3580679,0.20572767,0.09753108,0.096153386,4.8,1.18017578125,32.2
36,0.12683716416358948,0.0,0.13352344930171967,0.0,0,0,0,0,0,0,1,1,1,1,0,0,False,0.10136456,0.036405303,0.15342468,0.0609883,0.09067087,1.891165121369076e-37,0.3552577,0.2086198,-0.16028659,0.15661299,4.8,1.18017578125,32.2
37,0.11478059738874435,0.0,0.13352344930171967,0.0,0,0,1,0,0,0,1,1,1,1,0,0,False,0.17266642,0.13610724,0.36278078,0.027881732,0.11647327,1.7020485486960746e-37,0.35787794,0.20623203,0.07878026,0.0752418,5.0,1.18017578125,32.2
38,0.10800286382436752,0.0,0.13352344930171967,0.0,0,0,0,0,0,0,1,1,1,1,0,0,False,0.1435635,0.11785762,0.30252022,0.014167164,0.10347158,1.5318436534690713e-37,0.3563205,0.20809254,-0.1216081,0.1578364,4.7,1.18017578125,32.2
39,0.15270721912384033,0.0,0.13352344930171967,0.0,0,0,1,0,0,0,1,1,1,1,0,0,False,0.21521859,0.095571175,0.42059234,0.12489578,0.19379237,1.3786592881221643e-37,0.35440236,0.20772329,0.0015537888,0.012099467,4.8,1.18017578125,32.2
40,0.12911280989646912,0.0,0.13352344930171967,0.0,0,0,1,0,0,0,1,1,1,1,0,0,False,0.14880806,0.11551251,0.33287382,0.03946816,0.090190075,1.2407933794886457e-37,0.35551912,0.20845957,-0.1335508,0.1875392,4.7,1.18017578125,32.2
41,0.11938557773828506,0.0,0.13352344930171967,0.0,0,0,0,0,0,0,1,1,1,1,0,0,False,0.28561977,0.16786289,0.5282127,0.10135986,0.22771694,1.116714061718479e-37,0.35547227,0.2085428,-0.03485664,0.019520769,4.7,1.18017578125,32.2
42,0.1259468048810959,0.0,0.13352344930171967,0.0,0,0,0,0,0,0,1,1,1,1,0,0,False,0.12968732,0.105004616,0.30271673,0.01708855,0.108453244,1.0050426252785843e-37,0.35603878,0.20858033,-0.03230676,0.019820027,4.8,1.18017578125,32.2
43,0.11967997252941132,0.0,0.13352344930171967,0.0,0,0,0,0,0,0,1,1,1,1,0,0,False,0.12322702,0.07040476,0.23022772,0.047973666,0.09679903,9.045383829294237e-38,0.35731372,0.20700307,-0.061886262,0.09300087,4.7,1.18017578125,32.2
44,0.1117861345410347,0.0,0.13352344930171967,0.0,0,0,0,0,0,0,1,1,1,1,0,0,False,0.14331724,0.0738762,0.2669098,0.07610062,0.10832289,8.140845446364813e-38,0.35838032,0.20528169,0.1430478,0.10853764,4.9,1.18017578125,32.2
45,0.15561248362064362,0.0,0.13352344930171967,0.0,0,0,1,0,0,0,1,1,1,1,0,0,False,0.21765058,0.1649441,0.5307186,0.040094733,0.19762883,7.326761103515311e-38,0.3584071,0.2055984,-0.018865535,0.04076497,4.9,1.18017578125,32.2
46,0.11163133382797241,0.0,0.13352344930171967,0.0,0,0,1,0,0,0,1,1,1,1,0,0,False,0.099705674,0.09529936,0.26679322,0.008020644,0.06443548,6.594085194950758e-38,0.35809913,0.20556061,-0.032380726,0.023865074,4.8,1.18017578125,32.2
47,0.13589267432689667,0.0,0.13352344930171967,0.0,0,0,1,0,0,0,1,1,1,1,0,0,False,0.15707864,0.07661759,0.30128875,0.07431304,0.13866577,5.934676625008938e-38,0.35700583,0.20682654,-0.06930487,0.0518664,4.7,1.18017578125,32.2
48,0.14400392770767212,0.0,0.13352344930171967,0.0,0,0,0,0,0,0,1,1,1,1,0,0,False,0.1190863,0.07585832,0.2586031,0.033973604,0.108229935,5.341209012954789e-38,0.35752723,0.20632732,-0.0774635,0.13165861,4.9,1.18017578125,32.2
49,0.1453951597213745,0.0,0.13352344930171967,0.0,0,0,0,0,0,0,1,1,1,1,0,0,False,0.27239773,0.09885395,0.4276977,0.12815292,0.25983796,4.807087960319076e-38,0.35702497,0.20725012,-0.05107935,0.11297674,4.7,1.18017578125,32.2
0,0.12158244103193283,0.0,0.13352344930171967,0.0,0,0,1,0,0,0,1,1,1,1,0,0,False,0.2078899,0.118949115,0.41684055,0.059243333,0.18091555,4.326379416520892e-38,0.3542536,0.20836549,0.031098114,0.034657482,3.1,1.18017578125,32.2
1,0.1163824275135994,0.0,0.13352344930171967,0.0,0,0,0,0,0,0,1,1,1,1,0,0,False,0.2862045,0.27529,0.7567315,0.0007139683,0.20685458,3.8937415757622925e-38,0.35832635,0.2052366,0.05747485,0.09531418,4.7,1.18017578125,32.2
2,0.11365344375371933,0.0,0.13352344930171967,0.0,0,0,0,0,0,0,1,1,1,1,0,0,False,0.20108725,0.18376084,0.5184559,0.011387966,0.14152578,3.504367367739318e-38,0.35749847,0.2064836,-0.014040135,0.013716382,4.8,1.18017578125,32.2
3,0.1316734403371811,0.0,0.13352344930171967,0.0,0,0,1,0,0,0,1,1,1,1,0,0,False,0.25039864,0.15450674,0.5540256,0.10306143,0.1940306,3.153930731858876e-38,0.35629576,0.20843168,-0.08727109,0.14453898,4.7,1.18017578125,32.2
4,0.14337237179279327,0.0,0.13352344930171967,0.0,0,0,1,0,0,0,1,1,1,1,0,0,False,0.0972268,0.03681592,0.16913192,0.04997314,0.092426136,2.8385376838963607e-38,0.35697132,0.20715566,0.10202673,0.09994761,4.8,1.18017578125,32.2
5,0.11383965611457825,0.0,0.13352344930171967,0.0,0,0,1,0,0,0,1,1,1,1,0,0,False,0.22414868,0.18509354,0.5381287,0.034530006,0.14945212,2.554683940730097e-38,0.35735345,0.20682967,0.014207291,0.03456059,4.7,1.18017578125,32.2
6,0.13839855790138245,0.0,0.13352344930171967,0.0,0,0,1,0,0,0,1,1,1,1,0,0,False,0.17513202,0.09005487,0.34539723,0.08036212,0.14761826,2.2992155718804595e-38,0.3558246,0.20761588,0.0387488,0.058187474,4.8,1.18017578125,32.2
7,0.10851304978132248,0.0,0.13352344930171967,0.0,0,0,1,0,0,0,1,1,1,1,0,0,False,0.15952168,0.11664227,0.35127684,0.047814332,0.1055498,2.0692940651391584e-38,0.35532123,0.20693512,0.02340609,0.057287663,4.7,1.18017578125,32.2
8,0.12367388606071472,0.0,0.13352344930171967,0.0,0,0,1,0,0,0,1,1,1,1,0,0,False,0.12506016,0.06876425,0.22527455,0.045239773,0.098521404,1.8623646712369287e-38,0.35628417,0.20732415,0.048045766,0.057651207,4.7,1.18017578125,32.2
9,0.13628028333187103,0.0,0.13352344930171967,0.0,0,0,1,0,0,0,1,1,1,1,0,0,False,0.10395977,0.056665163,0.2087362,0.038061995,0.09474796,1.6761281536664913e-38,0.35734704,0.20685582,-0.021709671,0.013490308,4.8,1.18017578125,32.2
10,0.09833094477653503,0.0,0.13352344930171967,0.0,0,0,1,0,0,0,1,1,1,1,0,0,False,0.163878,0.118126266,0.3413937,0.037540246,0.10887188,1.5085153130764696e-38,0.35630488,0.20793732,0.049214866,0.07783655,4.7,1.18017578125,32.2
11,0.11818612366914749,0.0,0.13352344930171967,0.0,0,0,1,0,0,0,1,1,1,1,0,0,False,0.16313541,0.11973136,0.3459885,0.04755509,0.10816637,1.3576637817688227e-38,0.354919,0.20825696,-0.0830338,0.14751187,4.8,1.18017578125,32.2
12,0.12545134127140045,0.0,0.13352344930171967,0.0,0,0,0,0,0,0,1,1,1,1,0,0,False,0.20967294,0.121897474,0.42298865,0.058123656,0.18038575,1.2218973405335096e-38,0.35348558,0.20871727,0.0067669353,0.028480694,4.9,1.18017578125,32.2
13,0.16496415436267853,0.0,0.13352344930171967,0.0,0,0,1,0,0,0,1,1,1,1,0,0,False,0.3702985,0.29639927,0.95400214,0.068376005,0.313706,1.099707631703531e-38,0.35337713,0.2100137,-0.08308857,0.15737633,4.8,1.18017578125,32.2
14,0.11008670181035995,0.0,0.13352344930171967,0.0,0,0,1,0,0,0,1,1,1,1,0,0,False,0.13915241,0.09651588,0.29298463,0.040937982,0.09942047,9.89736881144864e-39,0.35831133,0.20517953,-0.1678521,0.18628694,5.0,1.18017578125,32.2
15,0.10721142590045929,0.0,0.13352344930171967,0.0,0,0,0,0,0,0,1,1,1,1,0,0,False,0.1713603,0.09318738,0.36447582,0.08970311,0.14396903,8.907631425836329e-39,0.3567875,0.20744297,-0.026340703,0.04454386,4.7,1.18017578125,32.2
16,0.1326790601015091,0.0,0.13352344930171967,0.0,0,0,1,0,0,0,1,1,1,1,0,0,False,0.1229431,0.06842559,0.24708815,0.049721915,0.09603644,8.016868031018973e-39,0.35835186,0.20537123,0.0050832205,0.050702527,4.7,1.18017578125,32.2
17,0.13596586883068085,0.0,0.13352344930171967,0.0,0,0,0,0,0,0,1,1,1,1,0,0,False,0.32085738,0.31052417,0.8681514,0.00950793,0.23376249,7.215180975683352e-39,0.35727674,0.20708773,0.0028148128,0.017248472,4.6,1.18017578125,32.2
18,0.11998112499713898,0.0,0.13352344930171967,0.0,0,0,1,0,0,0,1,1,1,1,0,0,False,0.22304861,0.14406303,0.44924718,0.07290648,0.16776022,6.493662625881293e-39,0.35669798,0.20771301,-0.07096867,0.050735977,5.1,1.18017578125,32.3
19,0.13913050293922424,0.0,0.13352344930171967,0.0,0,0,1,0,0,0,1,1,1,1,0,0,False,0.23022272,0.20451394,0.5664256,0.0057281805,0.17853501,5.844295732708855e-39,0.3580887,0.20578794,0.040406,0.04927729,4.7,1.18017578125,32.3
20,0.1293824464082718,0.0,0.13352344930171967,0.0,0,0,0,0,0,0,1,1,1,1,0,0,False,0.1418915,0.10157764,0.32246527,0.04522857,0.10175587,5.259866411671693e-39,0.35625595,0.20739086,0.034257058,0.07903957,4.7,1.18017578125,32.3
21,0.10912759602069855,0.0,0.13352344930171967,0.0,0,0,1,0,0,0,1,1,1,1,0,0,False,0.12674597,0.10597374,0.31120905,0.027459092,0.076017424,4.7338796443876616e-39,0.3555948,0.20754781,-0.0026144267,0.020273905,4.7,1.18017578125,32.3
22,0.1280616670846939,0.0,0.13352344930171967,0.0,0,0,1,0,0,0,1,1,1,1,0,0,False,0.17266504,0.103737414,0.38584355,0.07143979,0.13690111,4.2604911754814485e-39,0.3575607,0.20685372,0.022892395,0.05605471,4.9,1.18017578125,32.3
23,0.11649464815855026,0.0,0.13352344930171967,0.0,0,0,1,0,0,0,1,1,1,1,0,0,False,0.2620959,0.16051121,0.50735176,0.09450833,0.20082635,3.834441931816442e-39,0.35831004,0.20540138,0.017837966,0.026561603,4.7,1.18017578125,32.3
24,0.1329575777053833,0.0,0.13352344930171967,0.0,0,0,1,0,0,0,1,1,1,1,0,0,False,0.070755,0.05730933,0.18409623,0.019389648,0.04930196,3.450997486401074e-39,0.35588157,0.20805533,0.07202648,0.06368855,4.7,1.18017578125,32.3
25,0.13615678250789642,0.0,0.13352344930171967,0.0,0,0,0,0,0,0,1,1,1,1,0,0,False,0.20886189,0.090682715,0.39041528,0.116103455,0.1948269,3.105897611644105e-39,0.35722256,0.20671675,-0.06609408,0.16045268,4.8,1.18017578125,32.3
26,0.10465091466903687,0.0,0.13352344930171967,0.0,0,0,1,0,0,0,1,1,1,1,0,0,False,0.12679517,0.09978291,0.28435767,0.04046946,0.07221327,2.7953083549471414e-39,0.3573823,0.20652738,-0.05560438,0.046918858,4.7,1.18017578125,32.3
27,0.13848735392093658,0.0,0.13352344930171967,0.0,0,0,1,0,0,0,1,1,1,1,0,0,False,0.16290177,0.059331138,0.28606668,0.107623756,0.1478449,2.5157778978030128e-39,0.35782117,0.2061654,0.1668827,0.13235742,4.7,1.18017578125,32.3
28,0.11169110238552094,0.0,0.13352344930171967,0.0,0,0,1,0,0,0,1,1,1,1,0,0,False,0.09469395,0.042654,0.15465769,0.03245816,0.09786518,2.2641999819058498e-39,0.35763243,0.2069755,0.066198915,0.045976505,4.6,1.18017578125,32.3
29,0.12029093503952026,0.0,0.13352344930171967,0.0,0,0,0,0,0,0,1,1,1,1,0,0,False,0.0707147,0.0780202,0.22103962,0.0027958392,0.033417527,2.037779857598403e-39,0.35734895,0.20678201,0.014080499,0.051134225,4.6,1.18017578125,32.3
30,0.13653524219989777,0.0,0.13352344930171967,0.0,0,0,1,0,0,0,1,1,1,1,0,0,False,0.26108637,0.21953307,0.5997961,0.033072308,0.17401445,1.834001493487977e-39,0.35655126,0.20715861,0.08729767,0.08640026,4.8,1.18017578125,32.3
31,0.1068829894065857,0.0,0.13352344930171967,0.0,0,0,1,0,0,0,1,1,1,1,0,0,False,0.13021673,0.108317524,0.30750024,0.020810027,0.07796271,1.650601091905456e-39,0.35551214,0.20843306,0.07749958,0.09983619,4.7,1.18017578125,32.3
32,0.12833042442798615,0.0,0.13352344930171967,0.0,0,0,1,0,0,0,1,1,1,1,0,0,False,0.1534522,0.11328332,0.34615856,0.038721703,0.1131456,1.485540604364325e-39,0.35706997,0.2072688,0.036747716,0.03204838,4.7,1.18017578125,32.3
33,0.11821922659873962,0.0,0.13352344930171967,0.0,0,0,1,0,0,0,1,1,1,1,0,0,False,0.20635013,0.14385043,0.4234676,0.06891929,0.14443865,1.336986291694169e-39,0.35450214,0.20888186,0.012774795,0.032617982,4.7,1.18017578125,32.3
34,0.1375427544116974,0.0,0.13352344930171967,0.0,0,0,1,0,0,0,1,1,1,1,0,0,False,0.120306015,0.05518941,0.22253151,0.061868295,0.09384018,1.2032872841741666e-39,0.35734746,0.20668063,0.030028328,0.061008763,4.7,1.18017578125,32.3
35,0.12888585031032562,0.0,0.13352344930171967,0.0,0,0,0,0,0,0,1,1,1,1,0,0,False,0.08669862,0.058693916,0.20496476,0.025579525,0.07392813,1.082957925172441e-39,0.35710698,0.20685422,0.017480342,0.020268777,4.6,1.18017578125,32.3
36,0.15263743698596954,0.0,0.13352344930171967,0.0,0,0,1,0,0,0,1,1,1,1,0,0,False,0.14444746,0.056658465,0.26536378,0.08760002,0.12861459,9.74662637122644e-40,0.35616583,0.20780177,0.031927466,0.05560251,4.7,1.18017578125,32.3
37,0.11696247011423111,0.0,0.13352344930171967,0.0,0,0,1,0,0,0,1,1,1,1,0,0,False,0.22270413,0.14116941,0.43299216,0.083131716,0.16578847,8.771957428260708e-40,0.35429114,0.20636575,0.11159017,0.12799683,4.7,1.18017578125,32.3
38,0.10698448866605759,0.0,0.13352344930171967,0.0,0,0,0,0,0,0,1,1,1,1,0,0,False,0.2565077,0.18135093,0.54001796,0.06301424,0.17709628,7.894764207771873e-40,0.35839245,0.20538886,0.08115672,0.07413332,4.7,1.18017578125,32.3
39,0.1040700152516365,0.0,0.13352344930171967,0.0,0,0,0,0,0,0,1,1,1,1,0,0,False,0.14830214,0.10519196,0.32352495,0.04963399,0.10275881,7.10528526465745e-40,0.35622242,0.20767541,0.08078312,0.101777606,4.8,1.18017578125,32.3
40,0.12654337286949158,0.0,0.13352344930171967,0.0,0,0,1,0,0,0,1,1,1,1,0,0,False,0.096544005,0.049253345,0.16583511,0.048082285,0.0748806,6.3947554770230865e-40,0.3571015,0.20734759,0.11926082,0.09069822,4.6,1.18017578125,32.3
41,0.14421501755714417,0.0,0.13352344930171967,0.0,0,0,1,0,0,0,1,1,1,1,0,0,False,0.30633286,0.13368143,0.5826324,0.17595598,0.27987272,5.755279929320778e-40,0.35759717,0.206424,-0.08510482,0.13325422,4.6,1.18017578125,32.3
42,0.11960151046514511,0.0,0.13352344930171967,0.0,0,0,1,0,0,0,1,1,1,1,0,0,False,0.08666103,0.08917405,0.24573706,0.008527484,0.04595297,5.1797456305456106e-40,0.3562822,0.20716956,-0.005071839,0.01216361,4.7,1.18017578125,32.3
43,0.12079721689224243,0.0,0.13352344930171967,0.0,0,0,0,0,0,0,1,1,1,1,0,0,False,0.06506453,0.070507444,0.20128849,0.0012591922,0.029526552,4.66177106749105e-40,0.35835978,0.20523994,-0.0785212,0.0415085,4.6,1.18017578125,32.3
44,0.11638030409812927,0.0,0.13352344930171967,0.0,0,0,0,0,0,0,1,1,1,1,0,0,False,0.26043344,0.15800272,0.507792,0.08872214,0.20246851,4.195592699573327e-40,0.3575732,0.20641294,0.03439657,0.054552287,4.6,1.18017578125,32.3
45,0.1143106073141098,0.0,0.13352344930171967,0.0,0,0,0,0,0,0,1,1,1,1,0,0,False,0.16016252,0.13238315,0.34455308,0.021542601,0.10378879,3.776039735459084e-40,0.35549977,0.207951,-0.0037617676,0.0218063,4.7,1.18017578125,32.3
46,0.09482870995998383,0.0,0.13352344930171967,0.0,0,0,1,0,0,0,1,1,1,1,0,0,False,0.12010726,0.08911472,0.27423236,0.03128823,0.07909433,3.3984332395759396e-40,0.35680398,0.20687671,0.033419643,0.05257215,4.6,1.18017578125,32.3
47,0.13243116438388824,0.0,0.13352344930171967,0.0,0,0,1,0,0,0,1,1,1,1,0,0,False,0.120335154,0.0565836,0.20407255,0.051727057,0.10367765,3.0585861321124917e-40,0.3561675,0.20809054,0.02793284,0.051502425,4.7,1.18017578125,32.3
48,0.16057932376861572,0.0,0.13352344930171967,0.0,0,0,1,0,0,0,1,1,1,1,0,0,False,0.108347364,0.047250755,0.19269979,0.048506543,0.10075867,2.7527275189012427e-40,0.35459226,0.20604444,0.08628138,0.08602365,4.8,1.18017578125,32.3
49,0.10381108522415161,0.0,0.13352344930171967,0.0,0,0,1,0,0,0,1,1,1,1,0,0,False,0.12100329,0.06771112,0.24260476,0.061155215,0.086158045,2.4774522446738824e-40,0.35812682,0.20600128,-0.07871684,0.044401597,4.7,1.18017578125,32.3
0,0.1128571629524231,0.0,0.13352344930171967,0.0,0,0,0,0,0,0,1,1,1,1,0,0,False,0.061287764,0.037989862,0.13579772,0.032834977,0.040150456,2.2297082813751124e-40,0.3576267,0.20707858,0.09807349,0.06766289,3.1,1.18017578125,32.3
1,0.11283640563488007,0.0,0.13352344930171967,0.0,0,0,0,0,0,0,1,1,1,1,0,0,False,0.20029132,0.12175224,0.40838313,0.058810685,0.16283113,2.0067336697317475e-40,0.35632893,0.20786479,-0.030150196,0.033361427,4.7,1.18017578125,32.3
2,0.1303430199623108,0.0,0.13352344930171967,0.0,0,0,1,0,0,0,1,1,1,1,0,0,False,0.16300511,0.059413057,0.26052853,0.07620452,0.15714324,1.8060565192527189e-40,0.35757467,0.2065082,-0.00039519244,0.060181815,4.7,1.18017578125,32.3
3,0.1554161012172699,0.0,0.13352344930171967,0.0,0,0,1,0,0,0,1,1,1,1,0,0,False,0.23532563,0.18687125,0.57620364,0.033910103,0.20476355,1.6254445614843576e-40,0.3557464,0.2082152,-0.063645035,0.15819496,4.7,1.18017578125,32.3
4,0.1375587433576584,0.0,0.13352344930171967,0.0,0,0,1,0,0,0,1,1,1,1,0,0,False,0.12308913,0.06453116,0.2486219,0.06479363,0.09272247,1.4629051500103935e-40,0.35146374,0.20777042,0.011301472,0.1228644,4.6,1.18017578125,32.3
5,0.09702596813440323,0.0,0.13352344930171967,0.0,0,0,1,0,0,0,1,1,1,1,0,0,False,0.3206582,0.19641922,0.61371744,0.11193203,0.23386231,1.3166095903348825e-40,0.3572957,0.20658532,0.08235723,0.084843986,4.7,1.18017578125,32.3
6,0.11122208833694458,0.0,0.13352344930171967,0.0,0,0,1,0,0,0,1,1,1,1,0,0,False,0.26407984,0.15351152,0.49413115,0.10365719,0.20752804,1.1849435866269227e-40,0.3578283,0.2060974,0.0906952,0.09246478,4.7,1.18017578125,32.3
7,0.1419660449028015,0.0,0.13352344930171967,0.0,0,0,1,0,0,0,1,1,1,1,0,0,False,0.11178577,0.078135185,0.22549047,0.032149587,0.079674914,1.0664441832897588e-40,0.35697258,0.20731346,-0.17722994,0.16514687,4.7,1.18017578125,32.3
8,0.12087102979421616,0.0,0.13352344930171967,0.0,0,0,1,0,0,0,1,1,1,1,0,0,False,0.08996732,0.05821268,0.18043551,0.039353237,0.054784864,9.59799764960783e-41,0.35725203,0.20691672,-0.029541215,0.03840841,4.7,1.18017578125,32.3
9,0.09799201786518097,0.0,0.13352344930171967,0.0,0,0,1,0,0,0,1,1,1,1,0,0,False,0.3017348,0.17362095,0.544604,0.122909755,0.2323223,8.638248331391762e-41,0.35807043,0.20574582,-0.008973006,0.020280542,4.7,1.18017578125,32.3
10,0.13330665230751038,0.0,0.13352344930171967,0.0,0,0,1,0,0,0,1,1,1,1,0,0,False,0.16479301,0.05875077,0.26264125,0.083843574,0.153907,7.774473944997301e-41,0.3575658,0.20646802,-0.1308371,0.15579283,4.7,1.18017578125,32.3
11,0.11509371548891068,0.0,0.13352344930171967,0.0,0,0,1,0,0,0,1,1,1,1,0,0,False,0.109916896,0.08487402,0.23984139,0.030890722,0.06517779,6.996963492066677e-41,0.35694987,0.20680647,0.09627405,0.10121658,4.6,1.18017578125,32.3
12,0.11761508136987686,0.0,0.13352344930171967,0.0,0,0,0,0,0,0,1,1,1,1,0,0,False,0.14663585,0.12812318,0.34254858,0.020384764,0.08207567,6.297267142860009e-41,0.3573465,0.2072243,-0.04789871,0.15316401,4.7,1.18017578125,32.3
13,0.12586835026741028,0.0,0.13352344930171967,0.0,0,0,0,0,0,0,1,1,1,1,0,0,False,0.18468039,0.15980256,0.46783474,0.027680362,0.13109906,5.667565651946366e-41,0.3582609,0.20509884,-0.005409422,0.03215557,4.8,1.18017578125,32.3
14,0.12388674914836884,0.0,0.13352344930171967,0.0,0,0,0,0,0,0,1,1,1,1,0,0,False,0.067034446,0.05177009,0.17785677,0.03193014,0.041246034,5.10079647506555e-41,0.35628057,0.20708466,-0.041866723,0.023517305,4.6,1.18017578125,32.3
15,0.13764934241771698,0.0,0.13352344930171967,0.0,0,0,1,0,0,0,1,1,1,1,0,0,False,0.09835667,0.040601104,0.16984499,0.055560607,0.079464935,4.5906537691281007e-41,0.35555452,0.20827337,0.022626704,0.05750975,4.7,1.18017578125,32.3
16,0.13127431273460388,0.0,0.13352344930171967,0.0,0,0,0,0,0,0,1,1,1,1,0,0,False,0.2067139,0.08826314,0.38794193,0.119176045,0.19388978,4.1315883922152907e-41,0.3563346,0.20701644,-0.05100454,0.041952167,4.7,1.18017578125,32.3
17,0.12774872779846191,0.0,0.13352344930171967,0.0,0,0,0,0,0,0,1,1,1,1,0,0,False,0.1585275,0.0688268,0.27842012,0.064647146,0.15227833,3.718429552993762e-41,0.3583943,0.2054648,-0.00374249,0.021361558,4.7,1.18017578125,32.3
18,0.13667698204517365,0.0,0.13352344930171967,0.0,0,0,0,0,0,0,1,1,1,1,0,0,False,0.14351422,0.060619187,0.27316225,0.08365751,0.12894851,3.3466370444391013e-41,0.35659492,0.20768133,-0.14126807,0.1919923,4.6,1.18017578125,32.3
19,0.1238422840833664,0.0,0.13352344930171967,0.0,0,0,1,0,0,0,1,1,1,1,0,0,False,0.1643319,0.10913966,0.3505936,0.046758294,0.123303756,3.011922893250475e-41,0.3564534,0.20787844,0.14845099,0.12273606,4.7,1.18017578125,32.3
20,0.11506812274456024,0.0,0.13352344930171967,0.0,0,0,0,0,0,0,1,1,1,1,0,0,False,0.106103085,0.10359213,0.26649046,0.0024534892,0.06414959,2.710755827297786e-41,0.35807377,0.20586951,0.03288449,0.040852573,4.7,1.18017578125,32.3
21,0.10451527684926987,0.0,0.13352344930171967,0.0,0,0,1,0,0,0,1,1,1,1,0,0,False,0.14785823,0.13178307,0.3366772,0.007746811,0.11212937,2.439730691312723e-41,0.3573726,0.20726256,0.09439906,0.08944404,4.6,1.18017578125,32.3
22,0.12674261629581451,0.0,0.13352344930171967,0.0,0,0,1,0,0,0,1,1,1,1,0,0,False,0.14084317,0.09554666,0.31468636,0.051109675,0.09580077,2.1956945637505559e-41,0.35574737,0.20891091,-0.014419547,0.013355159,4.8,1.18017578125,32.3
23,0.12608672678470612,0.0,0.13352344930171967,0.0,0,0,0,0,0,0,1,1,1,1,0,0,False,0.19734563,0.1318551,0.40702206,0.06388878,0.14653014,1.9761251073755003e-41,0.35797998,0.20543714,-0.1170825,0.15524028,4.6,1.18017578125,32.3
24,0.15205474197864532,0.0,0.13352344930171967,0.0,0,0,1,0,0,0,1,1,1,1,0,0,False,0.2442128,0.19099802,0.6222371,0.051999196,0.2016474,1.7784999849517715e-41,0.35837334,0.2055697,0.04276197,0.031122312,4.7,1.18017578125,32.3
25,0.12553900480270386,0.0,0.13352344930171967,0.0,0,0,1,0,0,0,1,1,1,1,0,0,False,0.19489312,0.13455823,0.41486385,0.0611191,0.1410597,1.6006752098289522e-41,0.3555576,0.2089078,0.012356866,0.024703288,4.7,1.18017578125,32.3
26,0.129071444272995,0.0,0.13352344930171967,0.0,0,0,0,0,0,0,1,1,1,1,0,0,False,0.108125396,0.105443,0.30371135,0.014742043,0.05464355,1.4406329122184148e-41,0.35760555,0.2067775,-0.08220425,0.15160565,4.7,1.18017578125,32.3
27,0.138677179813385,0.0,0.13352344930171967,0.0,0,0,0,0,0,0,1,1,1,1,0,0,False,0.113170296,0.09030651,0.27965045,0.015864227,0.103148505,1.29660745605511e-41,0.35808498,0.2057699,-0.07080676,0.03859915,4.6,1.18017578125,32.3
28,0.1296359896659851,0.0,0.13352344930171967,0.0,0,0,0,0,0,0,1,1,1,1,0,0,False,0.24545348,0.15492584,0.55306304,0.10004276,0.1891892,1.166959322135778e-41,0.35810906,0.20592408,-0.021042004,0.0150952935,4.7,1.18017578125,32.3
29,0.1148131936788559,0.0,0.13352344930171967,0.0,0,0,1,0,0,0,1,1,1,1,0,0,False,0.07837573,0.035749175,0.13936216,0.032138396,0.07105787,1.0503012249807369e-41,0.3551354,0.2076457,0.100565635,0.09501525,4.7,1.18017578125,32.3
30,0.10348819941282272,0.0,0.13352344930171967,0.0,0,0,1,0,0,0,1,1,1,1,0,0,False,0.25993752,0.14847237,0.4806803,0.11069044,0.20571375,9.452458791103054e-42,0.3578493,0.20613906,0.055184633,0.06647666,4.7,1.18017578125,32.3
31,0.12971502542495728,0.0,0.13352344930171967,0.0,0,0,1,0,0,0,1,1,1,1,0,0,False,0.114918105,0.10766923,0.27610227,0.0011972344,0.07556749,8.507843496301695e-42,0.35728785,0.20672783,-0.056409955,0.15946573,4.8,1.18017578125,32.3
32,0.12475874274969101,0.0,0.13352344930171967,0.0,0,0,0,0,0,0,1,1,1,1,0,0,False,0.115727045,0.039435577,0.16398633,0.0505669,0.11884935,7.656554679224369e-42,0.3562663,0.20742854,0.06450519,0.11463126,4.7,1.18017578125,32.3
33,0.09942460805177689,0.0,0.13352344930171967,0.0,0,0,1,0,0,0,1,1,1,1,0,0,False,0.1714775,0.12297355,0.35842344,0.040253796,0.11352576,6.891025328163721e-42,0.35554272,0.20788905,-0.059823368,0.033126395,4.7,1.18017578125,32.3
34,0.1260392963886261,0.0,0.13352344930171967,0.0,0,0,1,0,0,0,1,1,1,1,0,0,False,0.21820174,0.18335763,0.5366419,0.025227115,0.17459625,6.202427262794505e-42,0.35727105,0.2069859,0.06592867,0.070159435,4.6,1.18017578125,32.3
35,0.12725405395030975,0.0,0.13352344930171967,0.0,0,0,0,0,0,0,1,1,1,1,0,0,False,0.07826185,0.069645286,0.2140198,0.006932292,0.0520221,5.5819323027914764e-42,0.35788757,0.20631285,-0.022625962,0.029967189,4.7,1.18017578125,32.3
36,0.1337253451347351,0.0,0.13352344930171967,0.0,0,0,0,0,0,0,1,1,1,1,0,0,False,0.19472836,0.13329192,0.42727286,0.05448735,0.14359178,5.023234605065172e-42,0.3567435,0.20730439,-0.011736152,0.011874039,4.6,1.18017578125,32.3
37,0.10788638144731522,0.0,0.13352344930171967,0.0,0,0,1,0,0,0,1,1,1,1,0,0,False,0.1993118,0.119281545,0.36121893,0.075212084,0.15964255,4.521289495144022e-42,0.3568027,0.20800464,0.051518183,0.051356096,4.7,1.18017578125,32.3
38,0.12948402762413025,0.0,0.13352344930171967,0.0,0,0,1,0,0,0,1,1,1,1,0,0,False,0.22879724,0.0909372,0.39306158,0.10824223,0.2214596,4.068529961320674e-42,0.357334,0.20694022,-0.19789135,0.16731878,4.8,1.18017578125,32.3
39,0.14069722592830658,0.0,0.13352344930171967,0.0,0,0,1,0,0,0,1,1,1,1,0,0,False,0.10280194,0.054889936,0.18701386,0.037548494,0.089022085,3.66117249774145e-42,0.35486236,0.20836735,-0.090639,0.12223238,4.8,1.18017578125,32.3
40,0.12623879313468933,0.0,0.13352344930171967,0.0,0,0,1,0,0,0,1,1,1,1,0,0,False,0.3036867,0.17893074,0.65918535,0.13583556,0.2488709,3.295433598552673e-42,0.3546405,0.2080355,-0.040014874,0.022877248,4.7,1.18017578125,32.3
41,0.14217616617679596,0.0,0.13352344930171967,0.0,0,0,1,0,0,0,1,1,1,1,0,0,False,0.1528614,0.12280592,0.35511482,0.030694943,0.10658346,2.966268589282773e-42,0.35671836,0.20769593,0.07257079,0.08168689,4.6,1.18017578125,32.3
42,0.16241858899593353,0.0,0.13352344930171967,0.0,0,0,1,0,0,0,1,1,1,1,0,0,False,0.4647443,0.20734626,0.8736009,0.2510814,0.42757547,2.669893964078074e-42,0.35428268,0.20610654,-0.13785022,0.16112654,4.8,1.18017578125,32.3
43,0.1423671394586563,0.0,0.13352344930171967,0.0,0,0,1,0,0,0,1,1,1,1,0,0,False,0.20382684,0.13189687,0.46711224,0.0685262,0.1708655,2.402526217084899e-42,0.35446614,0.20801091,-0.034683313,0.01999901,4.7,1.18017578125,32.3
44,0.13654202222824097,0.0,0.13352344930171967,0.0,0,0,0,0,0,0,1,1,1,1,0,0,False,0.07919096,0.044241603,0.16399357,0.034197733,0.06061696,2.161643011067463e-42,0.35839579,0.20551637,-0.0052351453,0.03284702,4.6,1.18017578125,32.3
45,0.12337630987167358,0.0,0.13352344930171967,0.0,0,0,1,0,0,0,1,1,1,1,0,0,False,0.19871962,0.09924462,0.40191212,0.10264752,0.17439106,1.9459831774078735e-42,0.3573249,0.20738992,-0.07025678,0.05132665,4.6,1.18017578125,32.3
46,0.15056025981903076,0.0,0.13352344930171967,0.0,0,0,1,0,0,0,1,1,1,1,0,0,False,0.1418507,0.06511794,0.27927858,0.07256551,0.12238722,1.751763210252454e-42,0.35711926,0.20749481,-0.1394037,0.13047415,4.7,1.18017578125,32.3
47,0.1207219585776329,0.0,0.13352344930171967,0.0,0,0,1,0,0,0,1,1,1,1,0,0,False,0.10975974,0.09521873,0.26562747,0.01696754,0.062528305,1.5764607723654192e-42,0.35813054,0.20585747,-0.08916225,0.05944513,4.7,1.18017578125,32.3
48,0.11778990924358368,0.0,0.13352344930171967,0.0,0,0,0,0,0,0,1,1,1,1,0,0,False,0.11775174,0.09527559,0.26734588,0.01881522,0.07497072,1.4188146951288773e-42,0.3562501,0.20801051,0.041081816,0.02786392,4.6,1.18017578125,32.3
49,0.13299702107906342,0.0,0.13352344930171967,0.0,0,0,1,0,0,0,1,1,1,1,0,0,False,0.10010647,0.072657436,0.21608208,0.026428428,0.07237877,1.2763026413070435e-42,0.3580566,0.20592797,-0.120710336,0.15504779,4.7,1.18017578125,32.3
0,0.13200069963932037,0.0,0.13352344930171967,0.0,0,0,0,0,0,0,1,1,1,1,0,0,False,0.1297584,0.11597917,0.2878659,0.010434308,0.09222713,1.1489246108999175e-42,0.3568374,0.20743327,0.034422405,0.06638386,3.0,1.18017578125,32.3
1,0.11448349803686142,0.0,0.13352344930171967,0.0,0,0,1,0,0,0,1,1,1,1,0,0,False,0.16333602,0.13347596,0.36170572,0.028058944,0.098042324,1.034158266671715e-42,0.35790977,0.20622997,0.054355454,0.059797246,4.7,1.18017578125,32.3
2,0.12180975824594498,0.0,0.13352344930171967,0.0,0,0,0,0,0,0,1,1,1,1,0,0,False,0.15823089,0.14757669,0.3738551,0.008645563,0.09619619,9.307424400045436e-43,0.35702085,0.2068181,0.029576654,0.047423225,4.6,1.18017578125,32.3
3,0.0973963811993599,0.0,0.13352344930171967,0.0,0,0,1,0,0,0,1,1,1,1,0,0,False,0.1347435,0.123035856,0.304268,0.0071279807,0.094598174,8.374159622805107e-43,0.3570769,0.20683345,0.00028068307,0.019937746,4.7,1.18017578125,32.3
4,0.13069501519203186,0.0,0.13352344930171967,0.0,0,0,1,0,0,0,1,1,1,1,0,0,False,0.124193765,0.091484554,0.2753937,0.012170301,0.11035328,7.541788334996166e-43,0.35748488,0.20620766,-0.11773146,0.14024247,4.6,1.18017578125,32.3
5,0.12711694836616516,0.0,0.13352344930171967,0.0,0,0,0,0,0,0,1,1,1,1,0,0,False,0.14653723,0.11235073,0.35491276,0.037690572,0.10004671,6.785087164260764e-43,0.3575807,0.20659962,0.033552475,0.03963359,4.7,1.18017578125,32.3
6,0.12152515351772308,0.0,0.13352344930171967,0.0,0,0,0,0,0,0,1,1,1,1,0,0,False,0.09882776,0.097498566,0.23752722,0.0015846766,0.056657147,6.1040561105989035e-43,0.35758108,0.20661077,0.13696456,0.12830652,4.7,1.18017578125,32.3
7,0.11842961609363556,0.0,0.13352344930171967,0.0,0,0,0,0,0,0,1,1,1,1,0,0,False,0.15142368,0.10097832,0.3386426,0.040789787,0.11827582,5.498695174010583e-43,0.35836327,0.20555477,0.023040585,0.042959467,4.6,1.18017578125,32.3
8,0.11979971826076508,0.0,0.13352344930171967,0.0,0,0,0,0,0,0,1,1,1,1,0,0,False,0.22483699,0.17149493,0.53564125,0.062403478,0.14682296,4.943780982137955e-43,0.35709295,0.20751068,-0.079085976,0.0430553,4.9,1.18017578125,32.3
9,0.11186961084604263,0.0,0.13352344930171967,0.0,0,0,0,0,0,0,1,1,1,1,0,0,False,0.16938902,0.13086739,0.35855457,0.034359884,0.11092041,4.451925221159944e-43,0.35654673,0.2076203,0.14034204,0.11414766,4.7,1.18017578125,32.3
10,0.11094359308481216,0.0,0.13352344930171967,0.0,0,0,0,0,0,0,1,1,1,1,0,0,False,0.12335821,0.09934948,0.27115965,0.029767392,0.073957026,4.010516204897626e-43,0.35629895,0.20782681,-0.050033424,0.05345176,4.7,1.18017578125,32.3
11,0.14902472496032715,0.0,0.13352344930171967,0.0,0,0,1,0,0,0,1,1,1,1,0,0,False,0.40082702,0.16400917,0.72201186,0.2345758,0.37577012,3.60694224717208e-43,0.35727054,0.20678794,-0.03847857,0.020973722,4.8,1.18017578125,32.3
12,0.12555059790611267,0.0,0.13352344930171967,0.0,0,0,1,0,0,0,1,1,1,1,0,0,False,0.17990248,0.16784821,0.47809425,0.010606273,0.13881767,3.241203347983302e-43,0.35705674,0.20749435,-0.038130514,0.02461285,4.7,1.18017578125,32.3
13,0.11476489156484604,0.0,0.13352344930171967,0.0,0,0,1,0,0,0,1,1,1,1,0,0,False,0.17124617,0.1599902,0.4459371,0.011752085,0.12326414,2.9132995073312948e-43,0.35833162,0.20544522,0.025814077,0.039849486,4.7,1.18017578125,32.3
14,0.1326148360967636,0.0,0.13352344930171967,0.0,0,0,1,0,0,0,1,1,1,1,0,0,False,0.20709325,0.17330626,0.504921,0.031802874,0.15283956,2.6232307252160578e-43,0.3552393,0.2067155,0.033076465,0.03591403,4.6,1.18017578125,32.3
15,0.1105177029967308,0.0,0.13352344930171967,0.0,0,0,1,0,0,0,1,1,1,1,0,0,False,0.1287239,0.07790919,0.2575383,0.047099814,0.09593226,2.3583853154586673e-43,0.354449,0.20857477,0.08115638,0.07575341,4.8,1.18017578125,32.3
16,0.13862110674381256,0.0,0.13352344930171967,0.0,0,0,1,0,0,0,1,1,1,1,0,0,False,0.125393,0.08672833,0.27452323,0.015792564,0.11500398,2.1187632780591237e-43,0.35240257,0.20905693,-0.004847704,0.027663784,4.8,1.18017578125,32.3
17,0.12579913437366486,0.0,0.13352344930171967,0.0,0,0,1,0,0,0,1,1,1,1,0,0,False,0.08985085,0.037691556,0.15249397,0.040236894,0.086204566,1.9043646130174265e-43,0.358307,0.20509198,-0.077527694,0.042128127,4.7,1.18017578125,32.3
18,0.14224345982074738,0.0,0.13352344930171967,0.0,0,0,1,0,0,0,1,1,1,1,0,0,False,0.27630448,0.18156402,0.6494119,0.1077483,0.21113995,1.7151893203335762e-43,0.35809663,0.20560873,-0.052159775,0.087317824,4.7,1.18017578125,32.3
19,0.09141260385513306,0.0,0.13352344930171967,0.0,0,0,1,0,0,0,1,1,1,1,0,0,False,0.13938011,0.10820108,0.30404595,0.02802671,0.086675726,1.5386257138286491e-43,0.3564855,0.20713,0.079743974,0.099479824,4.8,1.18017578125,32.3
20,0.13657130300998688,0.0,0.13352344930171967,0.0,0,0,1,0,0,0,1,1,1,1,0,0,False,0.12979124,0.07690112,0.26303825,0.055480946,0.094548285,1.3872854796815689e-43,0.35376796,0.20709002,0.14412281,0.105750196,4.7,1.18017578125,32.3
21,0.12306059896945953,0.0,0.13352344930171967,0.0,0,0,1,0,0,0,1,1,1,1,0,0,False,0.18161337,0.087234415,0.35594004,0.09633783,0.16011548,1.2485569317134121e-43,0.35833842,0.20546624,-0.04454601,0.049258813,4.7,1.18017578125,32.3
22,0.12467478960752487,0.0,0.13352344930171967,0.0,0,0,0,0,0,0,1,1,1,1,0,0,False,0.27355835,0.15480691,0.5332363,0.0824217,0.23362583,1.1224400699241786e-43,0.35656524,0.20697694,0.07464007,0.06862902,4.7,1.18017578125,32.3
